{
  "attack": "model_inversion",
  "mode": "unmitigated",
  "results": [
    {
      "class_id": 0,
      "class_name": "WALKING",
      "model_confidence": 0.983999,
      "cosine_similarity": 0.931019,
      "l2_distance": 0.726799,
      "loss_history": [
        2.8782,
        0.1141,
        0.05818,
        0.05326,
        0.05271
      ],
      "risk_level": "HIGH",
      "reconstructed_input": [
        0.8495319485664368,
        0.07365433871746063,
        0.18168097734451294,
        -0.575029194355011,
        -0.6760269403457642,
        0.5480449795722961,
        -0.24016109108924866,
        0.41202500462532043,
        -0.6328607797622681,
        0.32258033752441406,
        -0.21921060979366302,
        0.06541550159454346,
        -0.1400020569562912,
        -0.005475381389260292,
        0.0012998015154153109,
        0.08562824875116348,
        -0.11723750084638596,
        0.17250879108905792,
        -0.14746026694774628,
        0.040556635707616806,
        0.03620271384716034,
        0.07097992300987244,
        0.17514361441135406,
        0.07648979127407074,
        -0.3385622501373291,
        -0.2509865164756775,
        -0.3044254183769226,
        -0.2225755900144577,
        -0.3270435333251953,
        0.252798467874527,
        -0.09918404370546341,
        0.3049255907535553,
        0.262126088142395,
        0.22104163467884064,
        -0.09674686193466187,
        0.07566851377487183,
        0.0053973631002008915,
        -0.023409437388181686,
        -0.0005744087975472212,
        0.21290747821331024,
        -0.00904393382370472,
        -0.08117948472499847,
        0.07855936884880066,
        0.160902202129364,
        -0.14394468069076538,
        0.03398502245545387,
        0.15434998273849487,
        -0.13061274588108063,
        -0.019720952957868576,
        0.0812448263168335
      ]
    },
    {
      "class_id": 1,
      "class_name": "WALKING_UPSTAIRS",
      "model_confidence": 0.956251,
      "cosine_similarity": 0.864833,
      "l2_distance": 1.454559,
      "loss_history": [
        2.36819,
        0.14276,
        0.12391,
        0.12122,
        0.12062
      ],
      "risk_level": "HIGH",
      "reconstructed_input": [
        1.1941670179367065,
        -1.3000050783157349,
        -0.38473600149154663,
        0.7161468267440796,
        0.014808326959609985,
        -0.7320328950881958,
        -0.46813803911209106,
        -0.5960220098495483,
        -0.3051580786705017,
        0.1872834712266922,
        0.4228051006793976,
        -0.0932413637638092,
        -0.3948045074939728,
        0.18209832906723022,
        -0.3862324655056,
        -0.03234837204217911,
        -0.3624265193939209,
        0.12935146689414978,
        -0.051038388162851334,
        0.6296890377998352,
        -0.0012293369509279728,
        -0.20104379951953888,
        -0.4129725396633148,
        0.051265899091959,
        -0.022869853302836418,
        0.007766383234411478,
        0.2157474160194397,
        0.017386937513947487,
        0.30610793828964233,
        0.11331091821193695,
        -0.23259992897510529,
        -0.1351914405822754,
        -0.30526745319366455,
        0.08916019648313522,
        -0.08681457489728928,
        -0.0385575033724308,
        0.2460688352584839,
        -0.0014450899325311184,
        0.004087168723344803,
        -0.02402857318520546,
        0.4997524619102478,
        -0.3482314646244049,
        0.48391419649124146,
        0.3009567856788635,
        -0.13796032965183258,
        0.13610491156578064,
        0.15529197454452515,
        0.21681475639343262,
        0.2793166935443878,
        0.04514765739440918
      ]
    },
    {
      "class_id": 2,
      "class_name": "WALKING_DOWNSTAIRS",
      "model_confidence": 0.97656,
      "cosine_similarity": 0.888271,
      "l2_distance": 1.075234,
      "loss_history": [
        2.33514,
        0.0947,
        0.07753,
        0.07718,
        0.07717
      ],
      "risk_level": "HIGH",
      "reconstructed_input": [
        1.0341099500656128,
        0.4338153600692749,
        0.18142321705818176,
        -0.24243710935115814,
        0.8455629348754883,
        -0.13116922974586487,
        0.5617103576660156,
        0.13161486387252808,
        0.9603081941604614,
        -0.03616735711693764,
        0.3468508720397949,
        -0.16289673745632172,
        0.46337559819221497,
        -0.03465913236141205,
        0.2117440551519394,
        0.24853336811065674,
        0.4794967770576477,
        0.01526891253888607,
        0.08851376175880432,
        -0.21563595533370972,
        -0.08060043305158615,
        0.285992294549942,
        0.2810479998588562,
        -0.42892491817474365,
        0.23348388075828552,
        -0.29913637042045593,
        -0.15441305935382843,
        0.11293985694646835,
        -0.1692536324262619,
        0.22932176291942596,
        -0.04860817641019821,
        -0.2945522964000702,
        -0.004954534117132425,
        0.061248183250427246,
        0.011449585668742657,
        0.04499095305800438,
        -0.30139946937561035,
        0.11139682680368423,
        0.044601693749427795,
        -0.2808263301849365,
        -0.27162349224090576,
        -0.08308348804712296,
        0.14612217247486115,
        0.03911823406815529,
        -0.040039073675870895,
        -0.019171377643942833,
        -0.028902191668748856,
        0.19394370913505554,
        -0.4514155983924866,
        -0.11709549278020859
      ]
    },
    {
      "class_id": 3,
      "class_name": "SITTING",
      "model_confidence": 0.959903,
      "cosine_similarity": 0.806023,
      "l2_distance": 1.609641,
      "loss_history": [
        3.30221,
        0.15139,
        0.11137,
        0.10865,
        0.10855
      ],
      "risk_level": "HIGH",
      "reconstructed_input": [
        -1.1183120012283325,
        0.2774602472782135,
        -0.15755675733089447,
        0.3111560642719269,
        0.462690532207489,
        0.9736508727073669,
        -0.20013810694217682,
        -1.1344184875488281,
        -0.17420653998851776,
        0.17103584110736847,
        0.10636679828166962,
        -0.12865762412548065,
        -0.4850616157054901,
        0.24180637300014496,
        -0.28339141607284546,
        0.1726931780576706,
        -0.1597503274679184,
        -0.03988660126924515,
        -0.09187625348567963,
        0.017345339059829712,
        0.07219621539115906,
        -0.7672733068466187,
        -0.3308861553668976,
        0.3409287631511688,
        -0.24617336690425873,
        0.10049749910831451,
        -0.08255389332771301,
        0.1729315221309662,
        0.2255208045244217,
        -0.04823489487171173,
        -0.3560624420642853,
        -0.4057163894176483,
        -0.012643665075302124,
        0.2597474455833435,
        0.007449934259057045,
        -0.3791186511516571,
        0.3387574851512909,
        0.15718737244606018,
        0.33630433678627014,
        0.22430984675884247,
        0.10730510205030441,
        -0.29146167635917664,
        0.32477158308029175,
        0.12084461003541946,
        -0.4256199300289154,
        -0.11424878239631653,
        0.07263003289699554,
        -0.14796605706214905,
        0.2282153069972992,
        -0.14537818729877472
      ]
    },
    {
      "class_id": 4,
      "class_name": "STANDING",
      "model_confidence": 0.975523,
      "cosine_similarity": 0.855385,
      "l2_distance": 1.106372,
      "loss_history": [
        4.83454,
        0.19162,
        0.08541,
        0.07235,
        0.07035
      ],
      "risk_level": "HIGH",