{
  "attack": "model_inversion",
  "mode": "unmitigated",
  "results": [
    {
      "class_id": 0,
      "class_name": "WALKING",
      "model_confidence": 0.98375,
      "cosine_similarity": 0.929106,
      "l2_distance": 0.736154,
      "loss_history": [
        4.38595,
        0.09076,
        0.05699,
        0.0537,
        0.05283
      ],
      "risk_level": "HIGH",
      "reconstructed_input": [
        0.7304891347885132,
        0.0819997489452362,
        0.05363753065466881,
        -0.5930629372596741,
        -0.676463782787323,
        0.5678044557571411,
        -0.2180274873971939,
        0.4630639851093292,
        -0.6223644614219666,
        0.337288498878479,
        -0.20618581771850586,
        0.0814632922410965,
        -0.16492688655853271,
        -0.031051810830831528,
        0.008992389775812626,
        0.10430166125297546,
        -0.10761058330535889,
        0.1655578911304474,
        -0.14525683224201202,
        0.04330684244632721,
        0.017029820010066032,
        0.0732698068022728,
        0.17666922509670258,
        0.07697170227766037,
        -0.34373512864112854,
        -0.2471287101507187,
        -0.3420576751232147,
        -0.24904270470142365,
        -0.35175639390945435,
        0.2651013731956482,
        -0.11098480969667435,
        0.3025633692741394,
        0.28974050283432007,
        0.20152094960212708,
        -0.10174617916345596,
        0.07710834592580795,
        0.017158668488264084,
        -0.007849116809666157,
        0.00815453939139843,
        0.25610679388046265,
        -0.024920813739299774,
        -0.07023606449365616,
        0.1177598312497139,
        0.1787702590227127,
        -0.14781874418258667,
        0.020381348207592964,
        0.16621451079845428,
        -0.15516330301761627,
        -0.05187438800930977,
        0.059957168996334076
      ]
    },
    {
      "class_id": 1,
      "class_name": "WALKING_UPSTAIRS",
      "model_confidence": 0.955684,
      "cosine_similarity": 0.883839,
      "l2_distance": 1.396709,
      "loss_history": [
        4.04371,
        0.18272,
        0.13998,
        0.12726,
        0.12399
      ],
      "risk_level": "HIGH",
      "reconstructed_input": [
        1.1626460552215576,
        -1.303183913230896,
        -0.07806022465229034,
        0.7283537983894348,
        -0.04299108311533928,
        -0.76555335521698,
        -0.36618533730506897,
        -0.6670372486114502,
        -0.33615782856941223,
        0.10492490231990814,
        0.36990848183631897,
        -0.0803014263510704,
        -0.4794550836086273,
        0.18733252584934235,
        -0.2905353605747223,
        -0.05536659061908722,
        -0.27222731709480286,
        0.02686864510178566,
        -0.01321384496986866,
        0.7062658071517944,
        -0.09497661888599396,
        -0.2792989909648895,
        -0.4378049075603485,
        0.0037541412748396397,
        0.002745238831266761,
        -0.025806639343500137,
        0.27402204275131226,
        0.06703617423772812,
        0.3903685212135315,
        0.06984498351812363,
        -0.31137150526046753,
        -0.19374193251132965,
        -0.33678802847862244,
        0.1234346553683281,
        -0.018229549750685692,
        -0.002997833536937833,
        0.2947540283203125,
        0.012308463454246521,
        0.0517408549785614,
        0.01474540401250124,
        0.394341379404068,
        -0.2974124848842621,
        0.5408397912979126,
        0.2873968482017517,
        -0.12493262439966202,
        0.05344657972455025,
        0.189414381980896,
        0.3240039050579071,
        0.2910084128379822,
        -0.050575535744428635
      ]
    },
    {
      "class_id": 2,
      "class_name": "WALKING_DOWNSTAIRS",
      "model_confidence": 0.976572,
      "cosine_similarity": 0.887914,
      "l2_distance": 1.076998,
      "loss_history": [
        4.84585,
        0.13588,
        0.08219,
        0.07747,
        0.07719
      ],
      "risk_level": "HIGH",
      "reconstructed_input": [
        1.0302512645721436,
        0.43320178985595703,
        0.1782774180173874,
        -0.24165481328964233,
        0.847571611404419,
        -0.11785952001810074,
        0.5640028715133667,
        0.12652207911014557,
        0.9634844660758972,
        -0.03517423942685127,
        0.35127392411231995,
        -0.1611424833536148,
        0.45956099033355713,
        -0.03465793654322624,
        0.20794957876205444,
        0.24696756899356842,
        0.47641876339912415,
        0.016483351588249207,
        0.08558208495378494,
        -0.21600696444511414,
        -0.07889290899038315,
        0.2868846356868744,
        0.28491705656051636,
        -0.4339846670627594,
        0.23245079815387726,
        -0.30397674441337585,
        -0.15471339225769043,
        0.11188852787017822,
        -0.16720294952392578,
        0.23026102781295776,
        -0.0491657629609108,
        -0.2956639230251312,
        -0.005305692553520203,
        0.0605403333902359,
        0.010760238394141197,
        0.04562199488282204,
        -0.30279242992401123,
        0.11665099114179611,
        0.04563957080245018,
        -0.280738890171051,
        -0.2755633294582367,
        -0.08189447969198227,
        0.14362820982933044,
        0.033962324261665344,
        -0.04516598582267761,
        -0.018373141065239906,
        -0.031067010015249252,
        0.18968485295772552,
        -0.451249361038208,
        -0.11251123249530792
      ]
    },
    {
      "class_id": 3,
      "class_name": "SITTING",
      "model_confidence": 0.959816,
      "cosine_similarity": 0.811444,
      "l2_distance": 1.593245,
      "loss_history": [
        1.68846,
        0.11168,
        0.10854,
        0.1085,
        0.10851
      ],
      "risk_level": "HIGH",
      "reconstructed_input": [
        -1.147596001625061,
        0.2563439905643463,
        -0.17338772118091583,
        0.3194761574268341,
        0.4075784683227539,
        0.9654668569564819,
        -0.1593981832265854,
        -1.1111055612564087,
        -0.14069536328315735,
        0.13886748254299164,
        0.08100376278162003,
        -0.10323222726583481,
        -0.4651283621788025,
        0.2816692590713501,
        -0.26237913966178894,
        0.21874627470970154,
        -0.17728419601917267,
        0.014934742823243141,
        -0.05471062660217285,
        -0.021087562665343285,
        0.058741696178913116,
        -0.8022802472114563,
        -0.3602781891822815,
        0.39278069138526917,
        -0.1985989362001419,
        0.09495358169078827,
        -0.03615082800388336,
        0.17239822447299957,
        0.2591070830821991,
        -0.052605871111154556,
        -0.34272250533103943,
        -0.39725443720817566,
        -0.011254782788455486,
        0.2511627674102783,
        0.024066228419542313,
        -0.3664200007915497,
        0.37192684412002563,
        0.19537335634231567,
        0.2957257926464081,
        0.20327487587928772,
        0.15954677760601044,
        -0.2969440519809723,
        0.31145310401916504,
        0.12122809886932373,
        -0.3963416516780853,
        -0.04085242748260498,
        0.04772428423166275,
        -0.14386187493801117,
        0.2562682330608368,
        -0.2006792277097702
      ]
    },
    {
      "class_id": 4,
      "class_name": "STANDING",
      "model_confidence": 0.976458,
      "cosine_similarity": 0.85593,
      "l2_distance": 1.114414,
      "loss_history": [
        1.82507,
        0.08197,
        0.07038,
        0.06952,
        0.06947
      ],
      "risk_level": "HIGH",