{
  "attack": "model_inversion",
  "mode": "mitigated (confidence masked)",
  "results": [
    {
      "class_id": 0,
      "class_name": "class_0",
      "model_confidence": 0.568983,
      "prediction_entropy": 1.338,
      "prediction_sharpness": 0.410071,
      "reconstruction_variance": 0.022669,
      "cosine_similarity": 0.410845,
      "l2_distance": 1.830173,
      "loss_history": [
        6.08831,
        0.68401,
        0.68084,
        0.68614,
        0.68328
      ],
      "risk_level": "MEDIUM",
      "reconstructed_input": [
        0.16523677110671997,
        -0.23800507187843323,
        -0.026978621259331703,
        -0.19500800967216492,
        -0.28934285044670105,
        0.19806931912899017,
        -0.09808047115802765,
        -0.16140148043632507,
        -0.208511084318161,
        0.03496604785323143,
        -0.02970220521092415,
        0.19562838971614838,
        0.0017235653940588236,
        0.18589027225971222,
        -0.17944565415382385,
        0.020803354680538177,
        -0.04162623733282089,
        -0.18540720641613007,
        -0.10554630309343338,
        0.11391748487949371,
        -0.10182137042284012,
        0.21234874427318573,
        0.08623348921537399,
        -0.048988111317157745,
        -0.03997036814689636,
        -0.35324281454086304,
        -0.4242216646671295,
        0.019180357456207275,
        0.07726144045591354,
        0.10583575814962387,
        -0.32419446110725403,
        0.03611099720001221,
        -0.2256757766008377,
        0.06814275681972504,
        0.11669860780239105,
        0.14072179794311523,
        -0.0013156391214579344,
        0.03770731762051582,
        0.13883250951766968,
        0.0577075332403183,
        0.04983513802289963,
        -0.16068322956562042,
        0.044891469180583954,
        0.062276240438222885,
        -0.1691819578409195,
        -0.0019176146015524864,
        -0.08890335261821747,
        -0.0878075435757637,
        -0.10908396542072296,
        -0.08792194724082947
      ]
    },
    {
      "class_id": 1,
      "class_name": "class_1",
      "model_confidence": 0.592888,
      "prediction_entropy": 1.325535,
      "prediction_sharpness": 0.490559,
      "reconstruction_variance": 0.056998,
      "cosine_similarity": 0.405099,
      "l2_distance": 1.984066,
      "loss_history": [
        8.03961,
        0.80699,
        0.80676,
        0.81078,
        0.80942
      ],
      "risk_level": "MEDIUM",
      "reconstructed_input": [
        0.32550036907196045,
        -0.36340242624282837,
        0.36882397532463074,
        -0.14401867985725403,
        -0.17639823257923126,
        -0.47304674983024597,
        -0.09510970860719681,
        -0.3172329068183899,
        0.19802357256412506,
        0.16548636555671692,
        0.40166714787483215,
        0.1741219460964203,
        0.30750659108161926,
        0.28242406249046326,
        0.26441770792007446,
        -0.02668343111872673,
        0.16522179543972015,
        -0.2235535830259323,
        0.1317957639694214,
        -0.01215361524373293,
        0.07939332723617554,
        0.22937113046646118,
        -0.1578034609556198,
        -0.09816548973321915,
        -0.06348636746406555,
        -0.1738499104976654,
        -0.18102125823497772,
        0.30858176946640015,
        0.6324784159660339,
        -0.1044057086110115,
        -0.27045854926109314,
        -0.14905574917793274,
        -0.1684969663619995,
        -0.1840677410364151,
        0.30264878273010254,
        0.19154465198516846,
        0.114803746342659,
        -0.20694884657859802,
        0.21273405849933624,
        -0.09873329848051071,
        -0.04438043385744095,
        -0.3605218827724457,
        0.07836205512285233,
        0.09043214470148087,
        -0.008050168864428997,
        -0.009149384684860706,
        0.017355991527438164,
        -0.06414176523685455,
        -0.21532970666885376,
        -0.4820428192615509
      ]
    },
    {
      "class_id": 2,
      "class_name": "class_2",
      "model_confidence": 0.553403,
      "prediction_entropy": 1.40598,
      "prediction_sharpness": 0.460989,
      "reconstruction_variance": 0.052429,
      "cosine_similarity": 0.188198,
      "l2_distance": 2.513386,
      "loss_history": [
        6.47766,
        0.86516,
        0.86459,
        0.87021,
        0.86584
      ],
      "risk_level": "LOW",
      "reconstructed_input": [
        0.02834121324121952,
        -0.42054128646850586,
        0.05531153827905655,
        -0.06441693007946014,
        0.06756888329982758,
        -0.23239672183990479,
        0.04228401929140091,
        -0.45918968319892883,
        0.45901408791542053,
        0.34640389680862427,
        0.2988007366657257,
        -0.02906488999724388,
        0.13632729649543762,
        0.17805640399456024,
        0.18935459852218628,
        -0.014787089079618454,
        0.009995648637413979,
        -0.1005113422870636,
        -0.11225887387990952,
        -0.16974705457687378,
        -0.26885244250297546,
        -0.024971969425678253,
        -0.07787968963384628,
        -0.0520380437374115,
        -0.326763391494751,
        -0.25850650668144226,
        -0.27481913566589355,
        -0.07694735378026962,
        0.24678519368171692,
        0.028423195704817772,
        -0.18468715250492096,
        0.045453090220689774,
        -0.6061223745346069,
        -0.16303440928459167,
        0.23572157323360443,
        0.3860151767730713,
        0.03176596015691757,
        -0.12739497423171997,
        -0.08514618873596191,
        -0.20657023787498474,
        -0.4283207356929779,
        -0.23472563922405243,
        -0.14675961434841156,
        0.37596601247787476,
        -0.18305951356887817,
        -0.28417202830314636,
        0.09602460265159607,
        0.04948992654681206,
        -0.3493284583091736,
        -0.0828121230006218
      ]
    },
    {
      "class_id": 3,
      "class_name": "class_3",
      "model_confidence": 0.660316,
      "prediction_entropy": 1.167517,
      "prediction_sharpness": 0.54807,
      "reconstruction_variance": 0.042854,
      "cosine_similarity": 0.439916,
      "l2_distance": 1.647965,
      "loss_history": [
        5.2535,
        0.6336,
        0.63247,
        0.6312,
        0.63207
      ],
      "risk_level": "MEDIUM",
      "reconstructed_input": [
        -0.5450196862220764,
        -0.09075000137090683,
        0.012099883519113064,
        0.10375943034887314,
        0.027265505865216255,
        -0.03026706911623478,
        -0.031151847913861275,
        -0.14018099009990692,
        0.23502853512763977,
        0.20357345044612885,
        0.2987598776817322,
        -0.001445686910301447,
        0.13901345431804657,
        -0.35188961029052734,
        -0.21433515846729279,
        -0.12854285538196564,
        0.15312974154949188,
        0.001606892328709364,
        -0.06661706417798996,
        0.14442488551139832,
        -0.012639202177524567,
        -0.2372574806213379,
        -0.3112448751926422,
        0.07701252400875092,
        0.07399869710206985,
        -0.3943769633769989,
        0.011197532527148724,
        0.12150395661592484,
        0.43613719940185547,
        0.11450564116239548,
        -0.3295218050479889,
        -0.34943917393684387,
        -0.3024439811706543,
        -0.1518712043762207,
        0.16797728836536407,
        0.32189664244651794,
        0.07484522461891174,
        0.08967059850692749,
        0.1866173893213272,
        -0.07695169001817703,
        -0.08978009968996048,
        -0.4450642764568329,
        0.1268143504858017,
        0.14852216839790344,
        -0.0012204819358885288,
        -0.17905114591121674,
        0.00994087103754282,
        -0.0021698849741369486,
        -0.15425291657447815,
        -0.2066454440355301
      ]
    },
    {
      "class_id": 4,
      "class_name": "class_4",
      "model_confidence": 0.657504,