{
  "attack": "model_inversion",
  "mode": "unmitigated",
  "results": [
    {
      "class_id": 0,
      "class_name": "class_1",
      "model_confidence": 0.896079,
      "cosine_similarity": 0.821816,
      "l2_distance": 2.886221,
      "loss_history": [
        0.98031,
        0.29366,
        0.29339,
        0.2934,
        0.29343
      ],
      "risk_level": "HIGH",
      "reconstructed_input": [
        1.7435885667800903,
        0.3966001570224762,
        -0.15286464989185333,
        -1.2098495960235596,
        -1.7388471364974976,
        1.5182021856307983,
        -0.5477145910263062,
        1.183839201927185,
        -0.9636256098747253,
        0.03743359446525574,
        -0.11264405399560928,
        -0.09308283030986786,
        -0.033381134271621704,
        0.22781050205230713,
        -0.1576990783214569,
        0.1434406191110611,
        -0.19070008397102356,
        0.02903413027524948,
        -0.6438169479370117,
        -0.4834505021572113,
        0.3776942193508148,
        0.3283642530441284,
        -0.10417801886796951,
        0.8276478052139282,
        -0.6937937140464783,
        0.18646129965782166,
        0.14322640001773834,
        0.35327285528182983,
        -0.2574108839035034,
        -0.05754154175519943,
        0.13885869085788727,
        0.401524156332016,
        0.02303118258714676,
        0.8221839070320129,
        0.37773066759109497,
        0.5842950940132141,
        -0.17754524946212769,
        0.6600788235664368,
        0.41082924604415894,
        -0.04411974176764488,
        0.8251597285270691,
        -0.12509813904762268,
        0.5156489014625549,
        -0.0931074395775795,
        -0.034166593104600906,
        -0.05196318030357361,
        0.11345230787992477,
        -0.13703781366348267,
        0.19875475764274597,
        0.4664895534515381
      ]
    },
    {
      "class_id": 1,
      "class_name": "class_2",
      "model_confidence": 0.854049,
      "cosine_similarity": 0.803066,
      "l2_distance": 3.248076,
      "loss_history": [
        2.77252,
        0.41217,
        0.36988,
        0.36827,
        0.36825
      ],
      "risk_level": "HIGH",
      "reconstructed_input": [
        1.5575110912322998,
        -2.3326356410980225,
        0.1906745284795761,
        1.096600890159607,
        -0.49863961338996887,
        -1.507464051246643,
        -0.5000264644622803,
        -0.5578967332839966,
        0.3921155035495758,
        0.33511263132095337,
        0.8172345161437988,
        -0.13244882225990295,
        0.28269460797309875,
        0.345119833946228,
        -0.4455867409706116,
        -0.3420902490615845,
        -0.14869657158851624,
        -0.22051328420639038,
        -0.4310965836048126,
        0.36887815594673157,
        0.24867703020572662,
        0.07950899749994278,
        -1.3448022603988647,
        -0.13265515863895416,
        0.4505791664123535,
        0.35406869649887085,
        0.8526287078857422,
        -0.3851844370365143,
        0.18578657507896423,
        -0.25872036814689636,
        0.24986900389194489,
        -0.1534544974565506,
        -0.04248223081231117,
        0.7905993461608887,
        0.10007152706384659,
        -0.31535258889198303,
        0.2663467228412628,
        -0.1495116651058197,
        0.5385762453079224,
        -0.3756420612335205,
        -0.30861303210258484,
        0.39238157868385315,
        0.4228227138519287,
        -1.1108840703964233,
        0.2561001181602478,
        0.3076067864894867,
        0.3054262399673462,
        0.5232399106025696,
        0.27574220299720764,
        0.43555548787117004
      ]
    },
    {
      "class_id": 2,
      "class_name": "class_3",
      "model_confidence": 0.787868,
      "cosine_similarity": 0.71734,
      "l2_distance": 3.964386,
      "loss_history": [
        2.41644,
        0.51816,
        0.51333,
        0.51329,
        0.51329
      ],
      "risk_level": "HIGH",
      "reconstructed_input": [
        1.8281569480895996,
        0.20873479545116425,
        0.38443559408187866,
        -0.36948251724243164,
        2.167654037475586,
        0.4984588027000427,
        0.40614578127861023,
        0.7359029054641724,
        2.211524724960327,
        -0.23974010348320007,
        0.8626455664634705,
        -0.9193450212478638,
        1.0102968215942383,
        -0.4029271602630615,
        0.15221485495567322,
        0.30761024355888367,
        -0.2815444767475128,
        0.11026961356401443,
        -0.3967866897583008,
        -0.29425233602523804,
        0.3282295763492584,
        -0.35116004943847656,
        1.0237244367599487,
        -0.887503981590271,
        -0.29943349957466125,
        -0.8596299886703491,
        0.9432036876678467,
        0.1710558384656906,
        0.6104758977890015,
        -0.866035521030426,
        0.42405009269714355,
        -0.5500905513763428,
        -0.6067187786102295,
        0.6223509907722473,
        0.8829483985900879,
        0.8378994464874268,
        -0.33359208703041077,
        0.9622816443443298,
        0.46690335869789124,
        -0.24725276231765747,
        0.0783601775765419,
        -0.004809006582945585,
        -0.006854167673736811,
        0.36756759881973267,
        -0.32584309577941895,
        -0.34413614869117737,
        0.1008986234664917,
        0.7908150553703308,
        -0.12053221464157104,
        0.09491950273513794
      ]
    },
    {
      "class_id": 3,
      "class_name": "class_4",
      "model_confidence": 0.80626,
      "cosine_similarity": 0.678238,
      "l2_distance": 3.71316,
      "loss_history": [
        2.07745,
        0.43601,
        0.43015,
        0.42863,
        0.42864
      ],
      "risk_level": "MEDIUM",
      "reconstructed_input": [
        -1.092402458190918,
        0.5631364583969116,
        -0.690607488155365,
        0.17636960744857788,
        0.8614518046379089,
        2.484832525253296,
        -0.9614530801773071,
        -1.077978491783142,
        -0.12690415978431702,
        -0.1398908942937851,
        0.43003931641578674,
        0.016726326197385788,
        0.12795068323612213,
        -0.7859326004981995,
        -0.7059665322303772,
        0.15226297080516815,
        -0.01360972411930561,
        -0.7758800983428955,
        0.09663192182779312,
        0.05500556528568268,
        0.08317479491233826,
        -0.9023659229278564,
        0.36531683802604675,
        0.01592702604830265,
        -0.511883556842804,
        0.3827950358390808,
        0.5895179510116577,
        0.31049513816833496,
        0.6746039390563965,
        0.7238959074020386,
        0.47010135650634766,
        0.0542946420609951,
        -0.07560553401708603,
        -0.05771149694919586,
        0.2499077320098877,
        0.4372718930244446,
        1.204304575920105,
        0.07332029938697815,
        0.9677255749702454,
        -0.259997695684433,
        0.8221321702003479,
        0.3057357370853424,
        1.1671794652938843,
        0.1322181224822998,
        0.37736964225769043,
        -0.1198577731847763,
        -0.427921324968338,
        -0.21051454544067383,
        0.07409375160932541,
        -0.2056240439414978
      ]
    },
    {
      "class_id": 4,
      "class_name": "class_5",
      "model_confidence": 0.882326,
      "cosine_similarity": 0.768263,
      "l2_distance": 2.832169,
      "loss_history": [
        2.97626,
        0.29318,
        0.27842,
        0.27825,
        0.27824
      ],
      "risk_level": "HIGH",