{
  "attack": "model_inversion",
  "mode": "unmitigated",
  "results": [
    {
      "class_id": 0,
      "class_name": "class_0",
      "model_confidence": 0.829343,
      "prediction_entropy": 0.726671,
      "prediction_sharpness": 0.778538,
      "reconstruction_variance": 0.09753,
      "cosine_similarity": 0.251064,
      "l2_distance": 2.587727,
      "loss_history": [
        2.28654,
        0.24442,
        0.23666,
        0.23622,
        0.23618
      ],
      "risk_level": "LOW",
      "reconstructed_input": [
        -0.1337953358888626,
        0.3713468611240387,
        -0.061903923749923706,
        0.12640710175037384,
        -0.08057887852191925,
        0.5346429347991943,
        -0.7547273635864258,
        0.5411348342895508,
        -0.6535475254058838,
        -0.3491230309009552,
        0.0053003751672804356,
        -0.039018042385578156,
        0.3225393295288086,
        -0.07462573796510696,
        0.33916598558425903,
        0.014818444848060608,
        0.4837769567966461,
        -0.32778415083885193,
        -0.18893814086914062,
        0.049610719084739685,
        0.3390042185783386,
        0.19324570894241333,
        0.16397008299827576,
        -0.24572701752185822,
        -0.13570283353328705,
        -0.033615872263908386,
        0.01025011669844389,
        0.8424594402313232,
        -0.07801875472068787,
        0.2364628165960312,
        0.1697646975517273,
        0.2685723602771759,
        -0.29435479640960693,
        -0.07813838124275208,
        -0.020805586129426956,
        0.19202867150306702,
        -0.308074414730072,
        0.45764490962028503,
        0.41254308819770813,
        -0.05750485509634018,
        -0.05482836812734604,
        -0.12153853476047516,
        0.0743347704410553,
        0.5142672061920166,
        -0.3210567235946655,
        -0.2528094947338104,
        0.07004439830780029,
        -0.12371623516082764,
        -0.13145025074481964,
        0.517221212387085
      ]
    },
    {
      "class_id": 1,
      "class_name": "class_1",
      "model_confidence": 0.604358,
      "prediction_entropy": 1.291825,
      "prediction_sharpness": 0.487379,
      "reconstruction_variance": 0.127576,
      "cosine_similarity": 0.292325,
      "l2_distance": 2.694376,
      "loss_history": [
        2.73702,
        0.59809,
        0.56864,
        0.57073,
        0.56909
      ],
      "risk_level": "LOW",
      "reconstructed_input": [
        0.7631359696388245,
        -0.5062244534492493,
        -0.22316694259643555,
        0.041206564754247665,
        -0.1931850016117096,
        -0.24073205888271332,
        -0.07346972078084946,
        -0.028236525133252144,
        -0.32654228806495667,
        0.0434379018843174,
        0.006980726029723883,
        0.27217841148376465,
        -0.05579574778676033,
        0.23933567106723785,
        0.7075374126434326,
        -0.7510841488838196,
        0.24234777688980103,
        -0.057064298540353775,
        0.37615862488746643,
        -0.14014394581317902,
        -0.2423672080039978,
        -0.2959648370742798,
        -0.09777162224054337,
        0.7015952467918396,
        0.10345298051834106,
        -0.26601067185401917,
        0.011800083331763744,
        0.00377197889611125,
        0.004503725562244654,
        0.2709968090057373,
        0.2204541563987732,
        0.035237040370702744,
        0.04947386309504509,
        -0.2861802577972412,
        -0.30079421401023865,
        -0.5734065771102905,
        0.3705845773220062,
        0.3282352685928345,
        0.4725361764431,
        -0.015427567064762115,
        -0.44944462180137634,
        -0.5475443005561829,
        -0.3209589719772339,
        -0.04886936396360397,
        0.3880017399787903,
        -0.35440173745155334,
        -0.6065373420715332,
        0.8835886120796204,
        -0.01688590832054615,
        -0.06945113092660904
      ]
    },
    {
      "class_id": 2,
      "class_name": "class_2",
      "model_confidence": 0.762579,
      "prediction_entropy": 0.912411,
      "prediction_sharpness": 0.681819,
      "reconstruction_variance": 0.217341,
      "cosine_similarity": 0.175116,
      "l2_distance": 3.769288,
      "loss_history": [
        2.41966,
        0.42318,
        0.39061,
        0.39143,
        0.39006
      ],
      "risk_level": "LOW",
      "reconstructed_input": [
        0.37426286935806274,
        0.7189001441001892,
        0.3052297830581665,
        -0.5687888860702515,
        0.21260114014148712,
        -0.42439669370651245,
        0.25035595893859863,
        -0.5733030438423157,
        -0.6297632455825806,
        0.46504202485084534,
        0.09026618301868439,
        0.7353629469871521,
        0.6959537267684937,
        0.8467044830322266,
        0.8086339235305786,
        0.5326637029647827,
        0.961932361125946,
        0.6754302382469177,
        -0.16940493881702423,
        0.4635796844959259,
        -0.2401001900434494,
        0.8743178844451904,
        -0.13419301807880402,
        -0.08491731435060501,
        -0.4999893009662628,
        0.08402521163225174,
        0.11409898847341537,
        1.1337186098098755,
        0.504685640335083,
        -0.5955131649971008,
        -0.039042357355356216,
        -0.35733360052108765,
        0.20388877391815186,
        0.23029711842536926,
        -0.5561205148696899,
        0.6636855006217957,
        0.3518877923488617,
        -0.2110951542854309,
        0.162651926279068,
        -0.49688854813575745,
        0.753483235836029,
        -0.37890931963920593,
        -0.16416490077972412,
        0.01470489427447319,
        -0.1139790266752243,
        0.03103787638247013,
        0.06917820125818253,
        0.37429681420326233,
        0.06063216179609299,
        -0.12946927547454834
      ]
    },
    {
      "class_id": 3,
      "class_name": "class_3",
      "model_confidence": 0.832712,
      "prediction_entropy": 0.709612,
      "prediction_sharpness": 0.778415,
      "reconstruction_variance": 0.156908,
      "cosine_similarity": 0.314556,
      "l2_distance": 2.783927,
      "loss_history": [
        2.37076,
        0.29848,
        0.26752,
        0.26161,
        0.26221
      ],
      "risk_level": "LOW",
      "reconstructed_input": [
        -0.4170806109905243,
        0.3765038549900055,
        0.23471026122570038,
        0.4911959767341614,
        0.7181704640388489,
        0.42322129011154175,
        -0.5609245300292969,
        -0.04776299372315407,
        0.20691807568073273,
        -0.3432292342185974,
        0.4210493266582489,
        0.5036523342132568,
        -0.477634072303772,
        -0.5023924112319946,
        -0.5492465496063232,
        -0.5032909512519836,
        -0.053083386272192,
        -0.43553248047828674,
        -0.11434051394462585,
        0.054715946316719055,
        -0.3445298671722412,
        0.26704633235931396,
        -0.08806559443473816,
        0.6172256469726562,
        0.31622418761253357,
        0.918062686920166,
        0.5664969682693481,
        0.15031202137470245,
        0.03744467720389366,
        0.6254847645759583,
        -0.09880433976650238,
        0.04821499064564705,
        0.15994538366794586,
        -0.4702000617980957,
        0.8254657983779907,
        0.24797095358371735,
        0.40020397305488586,
        -0.2833159565925598,
        -0.018894195556640625,
        -0.0970999002456665,
        -0.09690295159816742,
        0.18340010941028595,
        0.1668323576450348,
        -0.06624406576156616,
        -0.3629075884819031,
        0.3067418038845062,
        0.2404707819223404,
        -0.509711503982544,
        -0.5707212090492249,
        0.2962968349456787
      ]
    },
    {
      "class_id": 4,
      "class_name": "class_4",
      "model_confidence": 0.7787,
      "prediction_entropy": 0.873569,
      "prediction_sharpness": 0.71506,
      "reconstruction_variance": 0.053333,