{
  "attack": "model_inversion",
  "mode": "mitigated (confidence masked)",
  "results": [
    {
      "class_id": 0,
      "class_name": "class_0",
      "model_confidence": 0.72414,
      "prediction_entropy": 1.029481,
      "prediction_sharpness": 0.657261,
      "reconstruction_variance": 0.032176,
      "cosine_similarity": 0.502794,
      "l2_distance": 1.736088,
      "loss_history": [
        5.37577,
        0.48298,
        0.47882,
        0.47921,
        0.47897
      ],
      "risk_level": "MEDIUM",
      "reconstructed_input": [
        0.6532473564147949,
        -0.15888074040412903,
        0.02508176490664482,
        0.02053758129477501,
        -0.40870288014411926,
        0.19134442508220673,
        0.12362708896398544,
        0.22944729030132294,
        -0.1673945039510727,
        0.06483589112758636,
        0.010475970804691315,
        -0.06866885721683502,
        -0.18276643753051758,
        -0.26689448952674866,
        0.13338245451450348,
        0.15760086476802826,
        0.05950140580534935,
        -0.11715831607580185,
        0.21854424476623535,
        -0.14161142706871033,
        -0.004102477338165045,
        -0.3101850748062134,
        -0.10152072459459305,
        0.03989768400788307,
        0.0795944407582283,
        -0.0014766345266252756,
        -0.14587810635566711,
        0.07981778681278229,
        0.242532879114151,
        0.15053653717041016,
        -0.035781849175691605,
        -0.19561177492141724,
        0.028057394549250603,
        0.14737316966056824,
        -0.36558693647384644,
        -0.02192678116261959,
        -0.11632658541202545,
        0.08945756405591965,
        -0.06333420425653458,
        0.18922944366931915,
        0.25378888845443726,
        -0.0781908929347992,
        0.026017917320132256,
        -0.183185413479805,
        -0.05387663096189499,
        0.04128694906830788,
        0.04109259694814682,
        -0.10574812442064285,
        0.0705796629190445,
        0.08316000550985336
      ]
    },
    {
      "class_id": 1,
      "class_name": "class_1",
      "model_confidence": 0.647076,
      "prediction_entropy": 1.201516,
      "prediction_sharpness": 0.537635,
      "reconstruction_variance": 0.052203,
      "cosine_similarity": 0.458886,
      "l2_distance": 1.874024,
      "loss_history": [
        9.36852,
        0.70505,
        0.70317,
        0.70403,
        0.70445
      ],
      "risk_level": "MEDIUM",
      "reconstructed_input": [
        0.27846410870552063,
        -0.42259594798088074,
        0.19688966870307922,
        -0.10896636545658112,
        0.035865191370248795,
        -0.40932008624076843,
        0.08494345098733902,
        -0.10202564299106598,
        -0.22934570908546448,
        0.024064427241683006,
        0.17609338462352753,
        0.019482720643281937,
        -0.40093231201171875,
        -0.1292383372783661,
        -0.12171272933483124,
        -0.12671668827533722,
        -0.27557921409606934,
        0.018367664888501167,
        0.23535631597042084,
        0.32401445508003235,
        0.40233632922172546,
        -0.267619788646698,
        -0.14990752935409546,
        0.2002224177122116,
        -0.12983494997024536,
        -0.10892382264137268,
        -0.29213112592697144,
        -0.04301244765520096,
        0.5347557067871094,
        0.4349821209907532,
        -0.23796431720256805,
        -0.11281760782003403,
        0.0806271880865097,
        -0.01068241335451603,
        -0.16508673131465912,
        0.05691531300544739,
        -0.06695223599672318,
        -0.3013942241668701,
        -0.002527252770960331,
        0.05438987538218498,
        0.1986664980649948,
        -0.010958146303892136,
        0.09218812733888626,
        -0.39582958817481995,
        -0.47880953550338745,
        0.0667482316493988,
        -0.3010872006416321,
        -0.20583654940128326,
        -0.013908503577113152,
        0.07792583853006363
      ]
    },
    {
      "class_id": 2,
      "class_name": "class_2",
      "model_confidence": 0.579613,
      "prediction_entropy": 1.343869,
      "prediction_sharpness": 0.475763,
      "reconstruction_variance": 0.032654,
      "cosine_similarity": 0.63453,
      "l2_distance": 1.72217,
      "loss_history": [
        8.42127,
        0.70939,
        0.70995,
        0.71068,
        0.70998
      ],
      "risk_level": "HIGH",
      "reconstructed_input": [
        0.7101263999938965,
        0.3599245548248291,
        0.18439488112926483,
        -0.055544666945934296,
        0.2740766108036041,
        0.18121206760406494,
        0.07900530099868774,
        -0.13328921794891357,
        0.20417839288711548,
        0.03163709118962288,
        0.0770217701792717,
        -0.09505527466535568,
        -0.2355613261461258,
        -0.2789384424686432,
        0.03547228127717972,
        -0.1008211001753807,
        0.009622718207538128,
        0.01310031395405531,
        0.2725121080875397,
        -0.2059692144393921,
        0.14396260678768158,
        -0.0777750089764595,
        0.13529346883296967,
        -0.15017876029014587,
        -0.026837654411792755,
        0.12303348630666733,
        -0.0721774473786354,
        -0.005314192268997431,
        -0.02087104134261608,
        0.05876610055565834,
        0.06303820759057999,
        0.13940563797950745,
        -0.2093026489019394,
        -0.25252750515937805,
        -0.09574505686759949,
        0.06848494708538055,
        0.006261390168219805,
        -0.06847485899925232,
        -0.007594894617795944,
        -0.39187851548194885,
        0.0604248009622097,
        0.07763351500034332,
        0.09724435210227966,
        0.002680715173482895,
        0.08941098302602768,
        -0.01213199831545353,
        0.08617204427719116,
        -0.17979007959365845,
        -0.19776760041713715,
        0.15314312279224396
      ]
    },
    {
      "class_id": 3,
      "class_name": "class_3",
      "model_confidence": 0.723388,
      "prediction_entropy": 0.971546,
      "prediction_sharpness": 0.590275,
      "reconstruction_variance": 0.018959,
      "cosine_similarity": 0.314679,
      "l2_distance": 1.61069,
      "loss_history": [
        3.76003,
        0.41803,
        0.4188,
        0.41883,
        0.4182
      ],
      "risk_level": "LOW",
      "reconstructed_input": [
        -0.027976583689451218,
        0.19588400423526764,
        -0.029436390846967697,
        0.037938956171274185,
        0.08599994331598282,
        0.18984763324260712,
        0.050056926906108856,
        -0.17757640779018402,
        -0.07837971299886703,
        -0.06105273962020874,
        0.18009939789772034,
        0.049680210649967194,
        -0.1810523271560669,
        0.013387053273618221,
        -0.06494925171136856,
        -0.047001779079437256,
        0.20742705464363098,
        -0.009444826282560825,
        -0.2690838575363159,
        0.14642760157585144,
        0.06873252242803574,
        -0.17305722832679749,
        0.08135158568620682,
        0.25859400629997253,
        -0.150093674659729,
        0.029098238795995712,
        0.17070363461971283,
        -0.016920968890190125,
        0.1004079282283783,
        0.09564708173274994,
        -0.03090744838118553,
        0.04010673612356186,
        0.04915309697389603,
        -0.19512659311294556,
        -0.10904473811388016,
        0.08234550058841705,
        -0.051525190472602844,
        0.004506688565015793,
        -0.0852583646774292,
        -0.053238529711961746,
        -0.02379831112921238,
        0.10326743125915527,
        0.18684476613998413,
        -0.06098053976893425,
        -0.18715547025203705,
        0.24624912440776825,
        0.10392086952924728,
        -0.10448458045721054,
        0.1796116977930069,
        -0.3955928087234497
      ]
    },
    {
      "class_id": 4,
      "class_name": "class_4",
      "model_confidence": 0.762455,