{
  "attack": "model_inversion",
  "mode": "mitigated (confidence masked)",
  "results": [
    {
      "class_id": 0,
      "class_name": "class_0",
      "model_confidence": 0.737074,
      "prediction_entropy": 0.975662,
      "prediction_sharpness": 0.668786,
      "reconstruction_variance": 0.02714,
      "cosine_similarity": 0.349926,
      "l2_distance": 1.922633,
      "loss_history": [
        5.90635,
        0.44432,
        0.44508,
        0.44409,
        0.44568
      ],
      "risk_level": "LOW",
      "reconstructed_input": [
        0.34496405720710754,
        -0.043181292712688446,
        -0.2868148386478424,
        -0.260046124458313,
        -0.15715530514717102,
        -0.0036087846383452415,
        -0.23182058334350586,
        0.24074795842170715,
        0.06915844231843948,
        -0.15030263364315033,
        0.048257552087306976,
        0.09258481115102768,
        -0.08539804816246033,
        -0.2281712293624878,
        0.26455193758010864,
        -0.08219940215349197,
        0.1062646433711052,
        0.24615506827831268,
        -0.11377951502799988,
        0.023669833317399025,
        -0.06320331245660782,
        0.056809380650520325,
        0.17015692591667175,
        -0.03417625650763512,
        -0.32806292176246643,
        -0.20038893818855286,
        0.05639943853020668,
        -0.048800431191921234,
        0.19180817902088165,
        0.12753625214099884,
        -0.06866393983364105,
        -0.14752528071403503,
        0.12100222706794739,
        -0.060704782605171204,
        0.24673496186733246,
        -0.21115083992481232,
        -0.1638684868812561,
        0.20119096338748932,
        0.015072999522089958,
        -0.13117365539073944,
        -0.23064367473125458,
        -0.31389346718788147,
        0.11362077295780182,
        -0.03811686113476753,
        -0.19456520676612854,
        -0.01266021840274334,
        -0.09319259226322174,
        -0.10632815957069397,
        -0.1794515997171402,
        -0.08591574430465698
      ]
    },
    {
      "class_id": 1,
      "class_name": "class_1",
      "model_confidence": 0.501524,
      "prediction_entropy": 1.463179,
      "prediction_sharpness": 0.351696,
      "reconstruction_variance": 0.039682,
      "cosine_similarity": 0.300654,
      "l2_distance": 2.025897,
      "loss_history": [
        6.69111,
        0.89168,
        0.88933,
        0.88961,
        0.89148
      ],
      "risk_level": "LOW",
      "reconstructed_input": [
        0.3992142379283905,
        -0.35836583375930786,
        0.34956488013267517,
        0.06317143887281418,
        0.08278520405292511,
        0.004186461679637432,
        0.07163072377443314,
        -0.24663710594177246,
        0.5117300748825073,
        -0.11781472712755203,
        -0.03742597997188568,
        -0.1953437179327011,
        -0.025558050721883774,
        -0.051229238510131836,
        0.2507638931274414,
        -0.08790650963783264,
        -0.06854135543107986,
        -0.03242476284503937,
        0.10481439530849457,
        -0.16301122307777405,
        0.101459801197052,
        0.3982270658016205,
        0.30728209018707275,
        0.016322629526257515,
        0.2408611923456192,
        0.46784260869026184,
        0.028459865599870682,
        -0.16244663298130035,
        -0.017443222925066948,
        -0.011512495577335358,
        0.2547302544116974,
        -0.09151825308799744,
        -0.15210311114788055,
        0.06159304082393646,
        -0.18121901154518127,
        -0.062381561845541,
        0.16359271109104156,
        -0.1821402907371521,
        -0.16138429939746857,
        -0.23709161579608917,
        -0.29391369223594666,
        -0.07897782325744629,
        0.03736057132482529,
        -0.07933373749256134,
        -0.021207517012953758,
        0.0021410747431218624,
        0.2365894913673401,
        0.21130135655403137,
        0.24709190428256989,
        0.05891311913728714
      ]
    },
    {
      "class_id": 2,
      "class_name": "class_2",
      "model_confidence": 0.550529,
      "prediction_entropy": 1.381338,
      "prediction_sharpness": 0.417834,
      "reconstruction_variance": 0.081677,
      "cosine_similarity": 0.537655,
      "l2_distance": 2.05081,
      "loss_history": [
        7.61057,
        1.00653,
        1.01202,
        1.00879,
        1.00826
      ],
      "risk_level": "MEDIUM",
      "reconstructed_input": [
        0.8387479186058044,
        0.45724794268608093,
        0.27242448925971985,
        -0.14466682076454163,
        0.48765629529953003,
        -0.40830197930336,
        0.32854682207107544,
        0.12942738831043243,
        0.36628445982933044,
        0.010756025090813637,
        -0.1996050775051117,
        -0.45059913396835327,
        0.030356425791978836,
        0.19091515243053436,
        -0.2881335914134979,
        0.15935039520263672,
        -0.12029141187667847,
        0.0066724373027682304,
        0.44499218463897705,
        -0.3774223327636719,
        -0.102849081158638,
        0.2911788523197174,
        0.423335462808609,
        0.23777690529823303,
        -0.13414990901947021,
        0.34356096386909485,
        -0.08531896770000458,
        0.08771812915802002,
        0.25595152378082275,
        -0.054559480398893356,
        -0.39881402254104614,
        -0.04695219174027443,
        -0.21448209881782532,
        0.03916719928383827,
        -0.1789245903491974,
        0.29590272903442383,
        -0.3474577069282532,
        -0.2907145321369171,
        -0.09575237333774567,
        0.01270066574215889,
        -0.21466182172298431,
        -0.129692941904068,
        -0.012228921987116337,
        -0.16873283684253693,
        -0.40909117460250854,
        -0.34535548090934753,
        0.39038875699043274,
        0.10657767951488495,
        0.004712393507361412,
        0.25432050228118896
      ]
    },
    {
      "class_id": 3,
      "class_name": "class_3",
      "model_confidence": 0.724042,
      "prediction_entropy": 1.01043,
      "prediction_sharpness": 0.632451,
      "reconstruction_variance": 0.018174,
      "cosine_similarity": 0.337142,
      "l2_distance": 1.584032,
      "loss_history": [
        6.28941,
        0.41463,
        0.41449,
        0.41402,
        0.41357
      ],
      "risk_level": "LOW",
      "reconstructed_input": [
        -0.024824170395731926,
        0.29617199301719666,
        -0.21760907769203186,
        0.06316755712032318,
        0.218282550573349,
        0.051807161420583725,
        -0.01781819388270378,
        -0.21614480018615723,
        0.19951730966567993,
        0.2710156738758087,
        -0.04584106430411339,
        0.069779172539711,
        -0.10253868252038956,
        -0.05275024101138115,
        0.04106997698545456,
        -0.2881745398044586,
        -0.030794499441981316,
        -0.24488689005374908,
        0.08328698575496674,
        0.07295674830675125,
        -0.09808028489351273,
        -0.07990752160549164,
        0.11322140693664551,
        0.07907391339540482,
        -0.1954697072505951,
        0.026198983192443848,
        0.2260882705450058,
        0.03968063369393349,
        0.10124200582504272,
        -0.11579986661672592,
        0.13174788653850555,
        -0.12904389202594757,
        0.03238580748438835,
        0.11945609003305435,
        0.20913000404834747,
        0.03476729243993759,
        -0.19022437930107117,
        -0.1354529857635498,
        0.05929679423570633,
        -0.01567784883081913,
        0.0417497344315052,
        -0.06787170469760895,
        0.14751678705215454,
        0.04961180314421654,
        0.06000252068042755,
        0.0816192626953125,
        0.15660811960697174,
        -0.13682767748832703,
        0.05072051286697388,
        -0.02150483801960945
      ]
    },
    {
      "class_id": 4,
      "class_name": "class_4",
      "model_confidence": 0.738405,
      "prediction_entropy": 0.953015,