{
  "attack": "model_inversion",
  "mode": "unmitigated",
  "results": [
    {
      "class_id": 0,
      "class_name": "class_1",
      "model_confidence": 0.996597,
      "prediction_entropy": 0.027416,
      "prediction_sharpness": 0.995242,
      "reconstruction_variance": 0.010162,
      "cosine_similarity": 0.452357,
      "l2_distance": 1.778577,
      "loss_history": [
        1.58348,
        0.03609
      ],
      "risk_level": "MEDIUM",
      "reconstructed_input": [
        0.19969983398914337,
        0.041580893099308014,
        0.22888177633285522,
        -0.017786337062716484,
        -0.13756202161312103,
        0.2163672000169754,
        -0.12732873857021332,
        0.0734812468290329,
        -0.03959118574857712,
        0.002330675721168518,
        -0.06995683163404465,
        -0.015058362856507301,
        -0.11880099773406982,
        0.02281288430094719,
        0.038834404200315475,
        -0.022147588431835175,
        -0.05017618462443352,
        -0.0781496986746788,
        -0.08194994181394577,
        -0.025815559551119804,
        0.03156925365328789,
        0.04310879856348038,
        0.01085467915982008,
        -0.05357896909117699,
        -0.09839553385972977,
        -0.02181909792125225,
        -0.05818696320056915,
        0.045417264103889465,
        0.04458671063184738,
        0.42897552251815796,
        0.010959518142044544,
        -0.05429256707429886,
        0.027832861989736557,
        0.10282959043979645,
        0.029705293476581573,
        0.05684038624167442,
        -0.01974833756685257,
        0.09005995839834213,
        -0.012187878601253033,
        -0.024115782231092453,
        -0.009102395735681057,
        0.046581823378801346,
        0.001527879387140274,
        0.035935647785663605,
        -0.21356487274169922,
        0.009187440387904644,
        -0.001421005348674953,
        -0.00047809520037844777,
        -0.07179990410804749,
        -0.024248529225587845
      ]
    },
    {
      "class_id": 1,
      "class_name": "class_2",
      "model_confidence": 0.991202,
      "prediction_entropy": 0.060351,
      "prediction_sharpness": 0.986842,
      "reconstruction_variance": 0.033899,
      "cosine_similarity": 0.455855,
      "l2_distance": 1.769377,
      "loss_history": [
        5.71794,
        0.14404
      ],
      "risk_level": "MEDIUM",
      "reconstructed_input": [
        0.5330358743667603,
        -0.23720550537109375,
        0.058013711124658585,
        0.04892973229289055,
        -0.2928513288497925,
        -0.05271422490477562,
        0.1279173195362091,
        -0.25420668721199036,
        -0.09507112950086594,
        -0.10378188639879227,
        0.03539687395095825,
        -0.0628853291273117,
        0.006146792788058519,
        0.16899681091308594,
        -0.1488577425479889,
        -0.04426940903067589,
        0.03452005982398987,
        0.030868014320731163,
        0.37777793407440186,
        0.15979738533496857,
        0.08380328863859177,
        0.00949318241328001,
        -0.10310100764036179,
        0.10760484635829926,
        0.23104508221149445,
        0.07393478602170944,
        0.13678114116191864,
        -0.07487083226442337,
        -0.08741375058889389,
        -0.007063915953040123,
        0.017467735335230827,
        0.1495113968849182,
        0.12679912149906158,
        -0.5291764736175537,
        -0.32641249895095825,
        -0.053831715136766434,
        -0.08239176124334335,
        0.08867666125297546,
        -0.02133255824446678,
        -0.013010399416089058,
        0.06112439185380936,
        -0.15260523557662964,
        -0.08360669016838074,
        -0.040226906538009644,
        0.2128746211528778,
        0.4472978413105011,
        -0.24723389744758606,
        0.06462715566158295,
        -0.11676143854856491,
        0.0939943790435791
      ]
    },
    {
      "class_id": 2,
      "class_name": "class_3",
      "model_confidence": 0.965632,
      "prediction_entropy": 0.185244,
      "prediction_sharpness": 0.946231,
      "reconstruction_variance": 0.03713,
      "cosine_similarity": 0.292528,
      "l2_distance": 2.252477,
      "loss_history": [
        5.00151,
        0.16009
      ],
      "risk_level": "LOW",
      "reconstructed_input": [
        -0.022986959666013718,
        0.20302799344062805,
        0.0748877227306366,
        -0.31187787652015686,
        0.7186409831047058,
        0.3515237271785736,
        0.3545899987220764,
        -0.04248019680380821,
        0.01597246713936329,
        0.05405212566256523,
        -0.16895954310894012,
        0.08500411361455917,
        0.16458354890346527,
        -0.09610728919506073,
        0.05756872519850731,
        0.08290116488933563,
        0.14494721591472626,
        0.036669183522462845,
        0.18067343533039093,
        0.41964516043663025,
        -0.4731956422328949,
        0.03933262079954147,
        0.062177322804927826,
        -0.05261776223778725,
        -0.14168648421764374,
        0.0291636623442173,
        0.13271380960941315,
        0.0911138653755188,
        0.052442483603954315,
        -0.07184386253356934,
        -0.09059251099824905,
        -0.016351040452718735,
        -0.0148297268897295,
        0.010584414936602116,
        -0.2629692256450653,
        -0.14086823165416718,
        0.09061245620250702,
        0.04849028214812279,
        0.1285836100578308,
        0.1646643429994583,
        -0.1050059124827385,
        -0.15814216434955597,
        0.005813813302665949,
        -0.004903651773929596,
        0.10774075239896774,
        0.012619558721780777,
        -0.09259464591741562,
        0.12065783888101578,
        0.4594038426876068,
        -0.04806220158934593
      ]
    },
    {
      "class_id": 3,
      "class_name": "class_4",
      "model_confidence": 0.996612,
      "prediction_entropy": 0.026614,
      "prediction_sharpness": 0.995151,
      "reconstruction_variance": 0.131562,
      "cosine_similarity": 0.264069,
      "l2_distance": 2.649125,
      "loss_history": [
        8.85233,
        0.26297
      ],
      "risk_level": "LOW",
      "reconstructed_input": [
        -0.7539258599281311,
        0.49264225363731384,
        0.2889159023761749,
        -0.1796519011259079,
        -0.2926916182041168,
        -0.2762293815612793,
        -0.3082544803619385,
        -0.0726713240146637,
        -0.267546683549881,
        -0.009109459817409515,
        0.6633901000022888,
        0.08052343130111694,
        -0.009049282409250736,
        0.41049060225486755,
        -1.0078202486038208,
        -0.0313321128487587,
        0.06009020283818245,
        -0.080330029129982,
        0.15733614563941956,
        0.20812676846981049,
        0.01915428228676319,
        -0.0695219561457634,
        0.1392960101366043,
        0.8875482082366943,
        -0.2545164227485657,
        0.028590768575668335,
        0.011065327562391758,
        0.9508206248283386,
        0.16555216908454895,
        -0.3156391382217407,
        -0.8844795227050781,
        -0.2047906368970871,
        0.1881578266620636,
        0.5797044634819031,
        0.008517706766724586,
        0.02161390148103237,
        0.18481700122356415,
        0.2310130000114441,
        0.016638461500406265,
        0.03946160525083542,
        -0.30289411544799805,
        0.0018677713815122843,
        -0.01077177282422781,
        -0.324480801820755,
        -0.03722125664353371,
        0.0182904414832592,
        -0.0894971638917923,
        0.24351264536380768,
        -0.0377124659717083,
        -0.3810533583164215
      ]
    },
    {
      "class_id": 4,
      "class_name": "class_5",
      "model_confidence": 0.997882,
      "prediction_entropy": 0.01756,
      "prediction_sharpness": 0.996938,
      "reconstruction_variance": 0.04907,
      "cosine_similarity": 0.477166,
      "l2_distance": 1.666373,
      "loss_history": [
        7.94077,
        0.22055
      ],