{
  "attack": "model_inversion",
  "mode": "defended (noise=3.0, temp=15.0)",
  "results": [
    {
      "class_id": 0,
      "class_name": "class_1",
      "model_confidence": 0.224436,
      "prediction_entropy": 1.764621,
      "prediction_sharpness": 0.018431,
      "reconstruction_variance": 0.043864,
      "cosine_similarity": 0.591571,
      "l2_distance": 1.629175,
      "loss_history": [
        2.54185,
        1.51243
      ],
      "risk_level": "MEDIUM",
      "reconstructed_input": [
        0.45017072558403015,
        0.23140062391757965,
        -0.16074568033218384,
        -0.23475101590156555,
        -0.3173690438270569,
        0.2842811942100525,
        -0.15035808086395264,
        0.20489366352558136,
        -0.41357019543647766,
        0.3459297716617584,
        -0.15554669499397278,
        -0.3682588040828705,
        -0.01089438796043396,
        -0.006358535960316658,
        -0.1137591227889061,
        0.15649095177650452,
        0.019391421228647232,
        -0.16691385209560394,
        0.07029987126588821,
        -0.25455746054649353,
        -0.05005703493952751,
        -0.19619303941726685,
        -0.02090504765510559,
        0.1491730511188507,
        -0.47528979182243347,
        0.18434429168701172,
        0.15046840906143188,
        -0.05852822959423065,
        0.0431460477411747,
        0.3924010396003723,
        -0.06043267250061035,
        -0.1594599038362503,
        -0.01892150193452835,
        -0.013487079180777073,
        0.2823193371295929,
        0.3273777961730957,
        0.03477716073393822,
        -0.07371560484170914,
        -0.17083008587360382,
        -0.10810872912406921,
        0.14114165306091309,
        0.08648079633712769,
        0.12671445310115814,
        0.08238107711076736,
        -0.20768794417381287,
        0.028834952041506767,
        0.14184032380580902,
        -0.07474736869335175,
        -0.16765336692333221,
        -0.3374112844467163
      ]
    },
    {
      "class_id": 1,
      "class_name": "class_2",
      "model_confidence": 0.261142,
      "prediction_entropy": 1.753686,
      "prediction_sharpness": 0.078683,
      "reconstruction_variance": 0.055861,
      "cosine_similarity": 0.363342,
      "l2_distance": 2.04922,
      "loss_history": [
        2.40663,
        1.70056
      ],
      "risk_level": "MEDIUM",
      "reconstructed_input": [
        0.6736500859260559,
        -0.3139113485813141,
        -0.04604216292500496,
        -0.035933203995227814,
        0.30312544107437134,
        -0.1896802932024002,
        0.006903627887368202,
        -0.2276041954755783,
        0.048056818544864655,
        0.21724851429462433,
        0.0862053856253624,
        -0.6437616348266602,
        0.24914346635341644,
        0.22037696838378906,
        -0.10120999813079834,
        -0.16011250019073486,
        0.1332882195711136,
        0.05897827073931694,
        0.3724440038204193,
        -0.2570647597312927,
        0.07334408164024353,
        -0.39306503534317017,
        -0.07134374231100082,
        -0.014552170410752296,
        -0.06075739860534668,
        -0.13230526447296143,
        0.4173800051212311,
        0.020948948338627815,
        -0.023588698357343674,
        -0.0804344117641449,
        0.14647753536701202,
        0.0013170489110052586,
        0.029207222163677216,
        -0.6736423969268799,
        -0.08664408326148987,
        0.0031658480875194073,
        0.14727678894996643,
        -0.03105100616812706,
        -0.3648481070995331,
        -0.26966530084609985,
        -0.19521081447601318,
        0.10234961658716202,
        -0.0816345363855362,
        -0.027032731100916862,
        -0.17152011394500732,
        -0.06256407499313354,
        0.2348167598247528,
        -0.07789994031190872,
        -0.15104323625564575,
        -0.03848659619688988
      ]
    },
    {
      "class_id": 2,
      "class_name": "class_3",
      "model_confidence": 0.258012,
      "prediction_entropy": 1.740795,
      "prediction_sharpness": 0.036624,
      "reconstruction_variance": 0.048961,
      "cosine_similarity": 0.425621,
      "l2_distance": 2.104812,
      "loss_history": [
        2.13653,
        1.61531
      ],
      "risk_level": "MEDIUM",
      "reconstructed_input": [
        0.3041519522666931,
        -0.015838466584682465,
        -0.04310750216245651,
        -0.06091713532805443,
        0.6340979337692261,
        -0.18179193139076233,
        0.2968429923057556,
        -0.11047354340553284,
        0.29658448696136475,
        0.4312521517276764,
        0.016174301505088806,
        -0.1818748414516449,
        0.010819317772984505,
        0.09038668870925903,
        0.1623995453119278,
        -0.11697493493556976,
        -0.027534933760762215,
        0.1414082795381546,
        0.3097441494464874,
        -0.06367291510105133,
        -0.48438310623168945,
        -0.14659839868545532,
        -0.20379094779491425,
        0.08924978226423264,
        -0.007390464190393686,
        -0.06444445252418518,
        0.44585734605789185,
        0.20917285978794098,
        -0.22931301593780518,
        0.03831799328327179,
        -0.0945657342672348,
        -0.12872613966464996,
        -0.2753453254699707,
        -0.09889689087867737,
        -0.10440704226493835,
        -0.12057497352361679,
        0.1485389620065689,
        -0.15758424997329712,
        -0.05298708379268646,
        -0.1809692084789276,
        -0.1690853387117386,
        -0.216729998588562,
        0.062058232724666595,
        -0.2636191248893738,
        -0.138046532869339,
        -0.32687801122665405,
        0.2134866565465927,
        -0.15819481015205383,
        0.20332078635692596,
        -0.36770451068878174
      ]
    },
    {
      "class_id": 3,
      "class_name": "class_4",
      "model_confidence": 0.252488,
      "prediction_entropy": 1.753705,
      "prediction_sharpness": 0.046675,
      "reconstruction_variance": 0.062989,
      "cosine_similarity": 0.273208,
      "l2_distance": 2.058887,
      "loss_history": [
        3.12792,
        2.10316
      ],
      "risk_level": "LOW",
      "reconstructed_input": [
        -0.2900688052177429,
        0.16774290800094604,
        -0.22834666073322296,
        -0.11094891279935837,
        0.27562689781188965,
        0.4134937822818756,
        -0.18319910764694214,
        0.002320977859199047,
        -0.09341797232627869,
        -0.08446618914604187,
        0.07883380353450775,
        -0.15323300659656525,
        0.530375599861145,
        -0.20870517194271088,
        0.15472987294197083,
        -0.391915887594223,
        0.04350323602557182,
        -0.21566231548786163,
        0.09968753159046173,
        0.4125976264476776,
        -0.1263536959886551,
        0.3635464310646057,
        0.006626506336033344,
        0.3362661898136139,
        -0.28887489438056946,
        0.17369209229946136,
        0.5577824115753174,
        0.26125437021255493,
        -0.19835086166858673,
        -0.0902925431728363,
        -0.3450267016887665,
        -0.3881532549858093,
        0.14648395776748657,
        -0.05913424864411354,
        0.5470252633094788,
        -0.010227932594716549,
        0.242600217461586,
        -0.01777244545519352,
        -0.1564374715089798,
        -0.14834724366664886,
        0.2590993046760559,
        0.23381473124027252,
        0.2565424144268036,
        -0.3909613788127899,
        0.00789523683488369,
        -0.06538338959217072,
        0.05808441340923309,
        0.18733792006969452,
        -0.24882881343364716,
        -0.0430169403553009
      ]
    },
    {
      "class_id": 4,
      "class_name": "class_5",
      "model_confidence": 0.238253,
      "prediction_entropy": 1.770073,
      "prediction_sharpness": 0.05177,
      "reconstruction_variance": 0.031184,
      "cosine_similarity": 0.678481,
      "l2_distance": 1.241384,