{
  "attack": "model_inversion",
  "mode": "unmitigated",
  "results": [
    {
      "class_id": 0,
      "class_name": "class_0",
      "model_confidence": 0.844105,
      "prediction_entropy": 0.681437,
      "prediction_sharpness": 0.806717,
      "reconstruction_variance": 0.053342,
      "cosine_similarity": 0.181091,
      "l2_distance": 2.332492,
      "loss_history": [
        2.5359,
        0.24653,
        0.19566,
        0.19575,
        0.19674
      ],
      "risk_level": "LOW",
      "reconstructed_input": [
        0.1755104660987854,
        0.4161572754383087,
        0.18413352966308594,
        0.0030201440677046776,
        -0.4417465329170227,
        0.01738211140036583,
        0.43523910641670227,
        -0.053812071681022644,
        -0.3319566249847412,
        0.19310414791107178,
        0.2646480202674866,
        0.12644270062446594,
        -0.4473349452018738,
        -0.4595935046672821,
        0.38003143668174744,
        -0.06524094194173813,
        0.3938433527946472,
        0.15440380573272705,
        -0.5155147910118103,
        -0.1792657971382141,
        0.0107121542096138,
        0.09327898919582367,
        -0.0447552353143692,
        0.15859659016132355,
        -0.16929177939891815,
        -0.07080823183059692,
        0.05983342230319977,
        -0.19988203048706055,
        0.14291243255138397,
        0.17297551035881042,
        0.20530299842357635,
        -0.10578879714012146,
        -0.1625116765499115,
        -0.27108117938041687,
        0.08265775442123413,
        -0.1244904100894928,
        -0.06978733837604523,
        -0.015049563720822334,
        0.35035479068756104,
        0.1575191169977188,
        0.03801669925451279,
        0.03759870305657387,
        0.09694944322109222,
        -0.11755982041358948,
        0.18293653428554535,
        0.13781891763210297,
        -0.21894848346710205,
        0.3608901798725128,
        -0.18009647727012634,
        0.06946994364261627
      ]
    },
    {
      "class_id": 1,
      "class_name": "class_1",
      "model_confidence": 0.818516,
      "prediction_entropy": 0.763331,
      "prediction_sharpness": 0.773314,
      "reconstruction_variance": 0.047565,
      "cosine_similarity": 0.15754,
      "l2_distance": 2.292051,
      "loss_history": [
        2.26766,
        0.3126,
        0.23708,
        0.22623,
        0.22468
      ],
      "risk_level": "LOW",
      "reconstructed_input": [
        0.0528128445148468,
        0.0775243267416954,
        0.4073798954486847,
        0.30039334297180176,
        -0.031767137348651886,
        -0.25804731249809265,
        0.19879791140556335,
        -0.08454009890556335,
        -0.18431124091148376,
        0.055510058999061584,
        0.07299692928791046,
        -0.010513190180063248,
        -0.120442695915699,
        0.032780539244413376,
        0.4290287494659424,
        0.1658223271369934,
        -0.043132126331329346,
        -0.07316815853118896,
        -0.27214106917381287,
        0.25642138719558716,
        0.1402944028377533,
        -0.046307776123285294,
        0.11805593222379684,
        0.24669677019119263,
        -0.15460334718227386,
        -0.24598100781440735,
        0.0191294327378273,
        0.22425998747348785,
        0.2744346261024475,
        0.416185200214386,
        -0.019874513149261475,
        -0.22955358028411865,
        -0.09257323294878006,
        0.028487341478466988,
        0.22304750978946686,
        -0.36823251843452454,
        -0.01715564727783203,
        -0.2727217972278595,
        0.421511173248291,
        0.24416743218898773,
        0.4207400679588318,
        0.049630310386419296,
        -0.38112539052963257,
        -0.23848581314086914,
        0.05768166109919548,
        0.46155890822410583,
        0.03602612018585205,
        -0.16617034375667572,
        0.058443911373615265,
        0.13991400599479675
      ]
    },
    {
      "class_id": 2,
      "class_name": "class_2",
      "model_confidence": 0.804701,
      "prediction_entropy": 0.803673,
      "prediction_sharpness": 0.757523,
      "reconstruction_variance": 0.086625,
      "cosine_similarity": 0.493268,
      "l2_distance": 2.22898,
      "loss_history": [
        1.79913,
        0.26569,
        0.26586,
        0.26564,
        0.26574
      ],
      "risk_level": "MEDIUM",
      "reconstructed_input": [
        0.5089876651763916,
        0.48643389344215393,
        0.2559818923473358,
        -0.42357832193374634,
        0.724642813205719,
        0.3409808576107025,
        0.22286130487918854,
        0.2914758622646332,
        0.22311006486415863,
        0.08043546229600906,
        0.29972970485687256,
        0.35021501779556274,
        0.21737965941429138,
        -0.5757640600204468,
        0.11747609078884125,
        -0.07000663131475449,
        0.5977970361709595,
        0.23885124921798706,
        0.5886682868003845,
        -0.08849123120307922,
        -0.03535420820116997,
        -0.19414891302585602,
        -0.06359615176916122,
        0.015934323891997337,
        -0.21979175508022308,
        -0.26906582713127136,
        0.19866664707660675,
        -0.04896701127290726,
        0.2948908507823944,
        0.19989228248596191,
        -0.016384264454245567,
        -0.14331746101379395,
        -0.09522563219070435,
        0.8050634264945984,
        0.6272303462028503,
        0.27016279101371765,
        -0.02737255208194256,
        0.23855867981910706,
        0.07140891253948212,
        0.0036218443419784307,
        0.08407699316740036,
        -0.18737205862998962,
        -0.4188750684261322,
        -0.08193580061197281,
        -0.1751435101032257,
        0.22488754987716675,
        -0.23730629682540894,
        0.034223224967718124,
        0.033661145716905594,
        -0.1030302420258522
      ]
    },
    {
      "class_id": 3,
      "class_name": "class_3",
      "model_confidence": 0.809755,
      "prediction_entropy": 0.786031,
      "prediction_sharpness": 0.755016,
      "reconstruction_variance": 0.05307,
      "cosine_similarity": 0.397961,
      "l2_distance": 1.796589,
      "loss_history": [
        1.7761,
        0.24492,
        0.23802,
        0.23803,
        0.2382
      ],
      "risk_level": "MEDIUM",
      "reconstructed_input": [
        -0.42245185375213623,
        0.3043428659439087,
        -0.05186532065272331,
        -0.04079555720090866,
        0.13074703514575958,
        0.4231271743774414,
        0.17931702733039856,
        -0.3150009512901306,
        0.14878056943416595,
        0.1538565754890442,
        0.2341574728488922,
        0.389921098947525,
        -0.2795056104660034,
        -0.14647935330867767,
        0.12693390250205994,
        0.2758767902851105,
        0.11155080795288086,
        0.03011579066514969,
        -0.4223177433013916,
        0.3782657980918884,
        -0.14457525312900543,
        0.011370875872671604,
        -0.05518820509314537,
        0.21979358792304993,
        -0.38012492656707764,
        0.13462074100971222,
        -0.014230606146156788,
        0.06480732560157776,
        0.057367440313100815,
        -0.0603964701294899,
        -0.3289228677749634,
        0.007660181727260351,
        0.026917407289147377,
        -0.0791984274983406,
        -0.19296219944953918,
        -0.34295427799224854,
        -0.13740569353103638,
        0.15765823423862457,
        0.43843376636505127,
        -0.31632018089294434,
        -0.0787632018327713,
        0.26721855998039246,
        0.3183673620223999,
        0.17289592325687408,
        0.3020000457763672,
        -0.05097125470638275,
        0.30478933453559875,
        0.2899518609046936,
        0.0649256631731987,
        -0.04002106934785843
      ]
    },
    {
      "class_id": 4,
      "class_name": "class_4",
      "model_confidence": 0.789532,
      "prediction_entropy": 0.830092,
      "prediction_sharpness": 0.706677,