{
  "attack": "model_inversion",
  "mode": "defended (noise=3.0, temp=15.0)",
  "results": [
    {
      "class_id": 0,
      "class_name": "class_1",
      "model_confidence": 0.30884,
      "prediction_entropy": 1.677348,
      "prediction_sharpness": 0.075039,
      "reconstruction_variance": 0.044331,
      "cosine_similarity": 0.298556,
      "l2_distance": 2.099368,
      "loss_history": [
        1.79825,
        1.85779
      ],
      "risk_level": "LOW",
      "reconstructed_input": [
        0.09169613569974899,
        0.23071271181106567,
        0.06669768691062927,
        -0.2219809740781784,
        -0.24930915236473083,
        0.10771390795707703,
        -0.08424991369247437,
        0.18584179878234863,
        -0.11840303242206573,
        -0.14243292808532715,
        -0.5074306726455688,
        0.06332829594612122,
        0.015960151329636574,
        -0.0784769207239151,
        0.03696483001112938,
        -0.14979791641235352,
        0.0225934237241745,
        -0.0771118775010109,
        -0.44733861088752747,
        0.1750337779521942,
        -0.18822969496250153,
        -0.08114508539438248,
        -0.12786859273910522,
        -0.08391819894313812,
        -0.179722860455513,
        0.09208574891090393,
        0.44277650117874146,
        0.2693399488925934,
        -0.43333232402801514,
        -0.06973204016685486,
        0.07120631635189056,
        0.2625109851360321,
        -0.11538948863744736,
        0.2712087333202362,
        0.2370942234992981,
        0.13824428617954254,
        -0.19261011481285095,
        -0.25420284271240234,
        -0.2940801978111267,
        0.21052250266075134,
        0.5328658819198608,
        0.032276201993227005,
        -0.016811443492770195,
        -0.27438342571258545,
        -0.035609398037195206,
        -0.19667576253414154,
        -0.06566770374774933,
        -0.05031511187553406,
        -0.09972457587718964,
        0.024885088205337524
      ]
    },
    {
      "class_id": 1,
      "class_name": "class_2",
      "model_confidence": 0.317293,
      "prediction_entropy": 1.703093,
      "prediction_sharpness": 0.133036,
      "reconstruction_variance": 0.04798,
      "cosine_similarity": 0.247923,
      "l2_distance": 2.184169,
      "loss_history": [
        2.17511,
        2.35646
      ],
      "risk_level": "LOW",
      "reconstructed_input": [
        0.14748699963092804,
        0.010244233533740044,
        0.21866203844547272,
        -0.100562185049057,
        -0.46159735321998596,
        -0.390406996011734,
        -0.12868119776248932,
        -0.05357199162244797,
        -0.4156492054462433,
        0.0254877470433712,
        -0.2078581601381302,
        -0.32648321986198425,
        -0.22753404080867767,
        -0.29315614700317383,
        -0.12280678749084473,
        0.3463391065597534,
        -0.37478893995285034,
        -0.25400403141975403,
        -0.02272951975464821,
        -0.5222690105438232,
        0.16808556020259857,
        -0.2882680296897888,
        -0.03933839499950409,
        -0.1266726553440094,
        0.13629837334156036,
        0.2858213484287262,
        -0.17697308957576752,
        -0.1762579083442688,
        0.2568463385105133,
        0.014383694157004356,
        -0.188053160905838,
        0.16683977842330933,
        -0.43783918023109436,
        0.009757323190569878,
        -0.15326735377311707,
        0.014657567255198956,
        -0.2046748697757721,
        0.1806640625,
        0.33493703603744507,
        -0.1419893503189087,
        0.20497363805770874,
        0.06133195385336876,
        0.15806111693382263,
        0.022303026169538498,
        -0.17561949789524078,
        -0.15535968542099,
        0.20691199600696564,
        0.11730927228927612,
        -0.06096941977739334,
        0.1148926392197609
      ]
    },
    {
      "class_id": 2,
      "class_name": "class_3",
      "model_confidence": 0.221246,
      "prediction_entropy": 1.776079,
      "prediction_sharpness": 0.033756,
      "reconstruction_variance": 0.035748,
      "cosine_similarity": 0.133833,
      "l2_distance": 2.443446,
      "loss_history": [
        2.24425,
        1.86312
      ],
      "risk_level": "LOW",
      "reconstructed_input": [
        0.16707375645637512,
        -0.13091358542442322,
        0.0700361505150795,
        -0.012881318107247353,
        0.1402214765548706,
        0.17579492926597595,
        -0.028939591720700264,
        0.134246826171875,
        0.14541855454444885,
        -0.06960973143577576,
        -0.27054357528686523,
        0.0190076045691967,
        0.2910434305667877,
        -0.13909505307674408,
        -0.29307758808135986,
        0.14571410417556763,
        -0.23684880137443542,
        0.11313311010599136,
        0.11641163378953934,
        -0.13826973736286163,
        -0.36306560039520264,
        -0.006477696821093559,
        0.3551754355430603,
        0.11318382620811462,
        0.20517973601818085,
        0.3562789857387543,
        -0.064963698387146,
        0.29002463817596436,
        0.2755197584629059,
        -0.1593688577413559,
        -0.0750289112329483,
        0.2445206344127655,
        0.08760671317577362,
        0.4400646984577179,
        -0.03635884076356888,
        0.09808443486690521,
        0.054516907781362534,
        -0.19855853915214539,
        -0.1811395287513733,
        -0.14727796614170074,
        0.11325317621231079,
        0.2682172954082489,
        -0.08331233263015747,
        0.088711678981781,
        -0.25764861702919006,
        -0.2997918128967285,
        0.0633091926574707,
        0.12822455167770386,
        0.15361405909061432,
        -0.055708806961774826
      ]
    },
    {
      "class_id": 3,
      "class_name": "class_4",
      "model_confidence": 0.255824,
      "prediction_entropy": 1.753459,
      "prediction_sharpness": 0.07705,
      "reconstruction_variance": 0.034232,
      "cosine_similarity": 0.270729,
      "l2_distance": 1.812325,
      "loss_history": [
        2.21069,
        1.62407
      ],
      "risk_level": "LOW",
      "reconstructed_input": [
        -0.1822718381881714,
        -0.2736053466796875,
        -0.06604497134685516,
        0.04460880905389786,
        -0.05495613440871239,
        0.4480689764022827,
        -0.4362644851207733,
        0.014614220708608627,
        0.06617105007171631,
        -0.10927450656890869,
        -0.03858084976673126,
        -0.20281800627708435,
        0.0012098043225705624,
        0.12692958116531372,
        -0.17233794927597046,
        0.007109983824193478,
        0.39846059679985046,
        0.15445071458816528,
        -0.177484929561615,
        0.24687166512012482,
        -0.42913109064102173,
        -0.23039796948432922,
        -0.12763404846191406,
        -0.3771829903125763,
        -0.17868387699127197,
        -0.16885505616664886,
        -0.10819105058908463,
        -0.08807443827390671,
        -0.11541551351547241,
        -0.16935811936855316,
        -0.2246999889612198,
        -0.09544659405946732,
        -0.14886391162872314,
        -0.20453935861587524,
        0.22939106822013855,
        0.24552206695079803,
        0.10702512413263321,
        -0.23694247007369995,
        -0.06103142350912094,
        -0.1256064772605896,
        0.1619352251291275,
        0.03835044801235199,
        0.020054860040545464,
        -0.10491356998682022,
        -0.05670149624347687,
        0.1674565225839615,
        -0.014741741120815277,
        0.08260190486907959,
        -0.15076996386051178,
        0.07670248299837112
      ]
    },
    {
      "class_id": 4,
      "class_name": "class_5",
      "model_confidence": 0.194928,
      "prediction_entropy": 1.779806,
      "prediction_sharpness": 0.00626,
      "reconstruction_variance": 0.034998,
      "cosine_similarity": 0.152683,
      "l2_distance": 2.001514,
      "loss_history": [
        2.62936,
        1.63988
      ],