{
  "attack": "model_inversion",
  "mode": "mitigated (confidence masked)",
  "results": [
    {
      "class_id": 0,
      "class_name": "class_1",
      "model_confidence": 0.547937,
      "cosine_similarity": 0.830024,
      "l2_distance": 1.142598,
      "loss_history": [
        7.68158,
        0.97491,
        0.97468,
        0.97469,
        0.97473
      ],
      "risk_level": "HIGH",
      "reconstructed_input": [
        0.8220598697662354,
        0.15310926735401154,
        0.03251412510871887,
        -0.5473137497901917,
        -0.785058319568634,
        0.6059957146644592,
        -0.27877140045166016,
        0.4718223512172699,
        -0.4588269293308258,
        0.056915320456027985,
        -0.02936829999089241,
        0.016509806737303734,
        -0.054730236530303955,
        0.07312154024839401,
        -0.008158089593052864,
        0.07689683139324188,
        -0.12857045233249664,
        0.028274621814489365,
        -0.3717958927154541,
        -0.2129291296005249,
        0.10779210925102234,
        0.18250726163387299,
        -0.045354120433330536,
        0.3015471398830414,
        -0.3756245970726013,
        -0.013111370615661144,
        0.04719651862978935,
        0.14921192824840546,
        -0.17271167039871216,
        -0.09607957303524017,
        0.05904626101255417,
        0.21593552827835083,
        0.059446197003126144,
        0.35094165802001953,
        0.24671052396297455,
        0.2068822681903839,
        -0.14144626259803772,
        0.3128553032875061,
        0.18614605069160461,
        0.03338911756873131,
        0.30541548132896423,
        -0.06767605245113373,
        0.27027228474617004,
        -0.03579510748386383,
        0.0006595894228667021,
        0.038599707186222076,
        0.03116382099688053,
        -0.04490891471505165,
        0.0589233934879303,
        0.24768030643463135
      ]
    },
    {
      "class_id": 1,
      "class_name": "class_2",
      "model_confidence": 0.487799,
      "cosine_similarity": 0.815267,
      "l2_distance": 1.169566,
      "loss_history": [
        6.5718,
        1.0858,
        1.08561,
        1.0854,
        1.0855
      ],
      "risk_level": "HIGH",
      "reconstructed_input": [
        0.803339958190918,
        -0.9403506517410278,
        0.13386571407318115,
        0.4191105365753174,
        -0.09792259335517883,
        -0.6584937572479248,
        -0.11796396225690842,
        -0.23455001413822174,
        0.1884075552225113,
        0.16557662189006805,
        0.37880730628967285,
        -0.10124700516462326,
        0.1371903121471405,
        0.13175749778747559,
        -0.23445867002010345,
        -0.14010949432849884,
        -0.03478173166513443,
        -0.11970051378011703,
        -0.1314515918493271,
        0.1479501873254776,
        0.13004469871520996,
        -0.04289873689413071,
        -0.42991167306900024,
        -0.18437324464321136,
        0.27203527092933655,
        0.1533830463886261,
        0.35719767212867737,
        -0.1404334008693695,
        0.15424010157585144,
        -0.06772764027118683,
        0.0027527185156941414,
        -0.040582019835710526,
        -0.06703221052885056,
        0.33312660455703735,
        -0.007096854504197836,
        -0.10859543085098267,
        0.17372442781925201,
        -0.08905040472745895,
        0.19570063054561615,
        -0.16015100479125977,
        -0.11139167845249176,
        0.16144263744354248,
        0.1374993622303009,
        -0.39925724267959595,
        0.0581321157515049,
        0.10039211064577103,
        0.031110063195228577,
        0.22425544261932373,
        0.16002237796783447,
        0.1041831225156784
      ]
    },
    {
      "class_id": 2,
      "class_name": "class_3",
      "model_confidence": 0.383803,
      "cosine_similarity": 0.745254,
      "l2_distance": 1.491829,
      "loss_history": [
        5.9143,
        1.29252,
        1.29218,
        1.29202,
        1.29187
      ],
      "risk_level": "HIGH",
      "reconstructed_input": [
        0.8840132355690002,
        -0.04812263697385788,
        0.2975393533706665,
        -0.0839877650141716,
        0.6150789856910706,
        -0.0361202247440815,
        0.12555129826068878,
        0.10749400407075882,
        0.7835564613342285,
        -0.013424576260149479,
        0.2964543104171753,
        -0.4037574231624603,
        0.3683170676231384,
        -0.11469484865665436,
        0.07325248420238495,
        0.0322146937251091,
        -0.11093227565288544,
        0.004697025753557682,
        -0.11963687837123871,
        -0.06571893393993378,
        0.1461552232503891,
        -0.16577787697315216,
        0.26347020268440247,
        -0.24880512058734894,
        -0.057746000587940216,
        -0.17834554612636566,
        0.2865194082260132,
        0.004449745640158653,
        0.20036378502845764,
        -0.30956795811653137,
        0.056653451174497604,
        -0.20513121783733368,
        -0.13363316655158997,
        0.31779223680496216,
        0.23819299042224884,
        0.34963321685791016,
        -0.10525204241275787,
        0.22375407814979553,
        0.12465306371450424,
        -0.18330331146717072,
        -0.016055382788181305,
        -0.08150457590818405,
        0.05458527058362961,
        0.00987480953335762,
        -0.19063764810562134,
        -0.06832122057676315,
        0.04638660326600075,
        0.25044313073158264,
        -0.08157791197299957,
        0.01987624540925026
      ]
    },
    {
      "class_id": 3,
      "class_name": "class_4",
      "model_confidence": 0.462553,
      "cosine_similarity": 0.736739,
      "l2_distance": 1.126227,
      "loss_history": [
        8.16762,
        0.98006,
        0.97948,
        0.97966,
        0.97949
      ],
      "risk_level": "HIGH",
      "reconstructed_input": [
        -0.40084293484687805,
        0.13851885497570038,
        -0.4492279887199402,
        0.03869444504380226,
        0.23935304582118988,
        0.7661250233650208,
        -0.2644585371017456,
        -0.1920037567615509,
        0.031363993883132935,
        -0.1455731987953186,
        0.12469834834337234,
        -0.025147022679448128,
        0.14057470858097076,
        -0.1347150206565857,
        -0.23388075828552246,
        -0.06564915925264359,
        0.0930958166718483,
        -0.17680343985557556,
        0.07668456435203552,
        -0.0636986568570137,
        0.020079011097550392,
        -0.28402066230773926,
        0.06807567924261093,
        0.0755595937371254,
        -0.11527080833911896,
        0.13414372503757477,
        0.18017388880252838,
        0.11378699541091919,
        0.24941326677799225,
        0.24997882544994354,
        0.12626023590564728,
        -0.037404514849185944,
        -0.12602168321609497,
        -0.01995251327753067,
        0.0559052973985672,
        0.108098603785038,
        0.3080518841743469,
        -0.044507503509521484,
        0.36097413301467896,
        -0.06457361578941345,
        0.32463058829307556,
        0.11697506159543991,
        0.22262254357337952,
        0.008640965446829796,
        0.11294807493686676,
        0.0357515811920166,
        0.0013893692521378398,
        -0.09936065971851349,
        -0.022703874856233597,
        0.022996827960014343
      ]
    },
    {
      "class_id": 4,
      "class_name": "class_5",
      "model_confidence": 0.595094,
      "cosine_similarity": 0.846402,
      "l2_distance": 0.908548,
      "loss_history": [
        8.10412,
        0.76701,
        0.76663,
        0.76645,
        0.76646
      ],
      "risk_level": "HIGH",