{
  "attack": "model_inversion",
  "mode": "unmitigated",
  "results": [
    {
      "class_id": 0,
      "class_name": "class_1",
      "model_confidence": 0.789425,
      "cosine_similarity": 0.753419,
      "l2_distance": 4.052907,
      "loss_history": [
        1.58403,
        0.52078,
        0.52073,
        0.52071,
        0.52078
      ],
      "risk_level": "HIGH",
      "reconstructed_input": [
        2.108096122741699,
        0.1658135950565338,
        -0.0017565838061273098,
        -2.1801254749298096,
        -1.143057942390442,
        1.4554184675216675,
        -0.11800610274076462,
        0.37591299414634705,
        -1.353898048400879,
        1.59153151512146,
        -0.34846124053001404,
        0.2947472631931305,
        -0.44442614912986755,
        -0.2838723957538605,
        0.6977629065513611,
        0.9598649740219116,
        -0.31428128480911255,
        0.015040356665849686,
        -0.9058992266654968,
        -0.441020667552948,
        -0.13680602610111237,
        -0.08520372956991196,
        0.9879891276359558,
        0.936005711555481,
        -0.07918649166822433,
        -0.4043625593185425,
        -0.9758257865905762,
        -0.5260388255119324,
        -0.21227386593818665,
        0.848406970500946,
        0.24238944053649902,
        -0.24700604379177094,
        -1.1184470653533936,
        0.9268016815185547,
        0.10811657458543777,
        0.5702379941940308,
        -0.11004502326250076,
        -0.06439311057329178,
        -0.35356876254081726,
        0.6384972333908081,
        0.4037824869155884,
        0.01155765075236559,
        0.3213047683238983,
        0.11009864509105682,
        0.12001868337392807,
        -0.0489368662238121,
        0.6270760893821716,
        -0.021957239136099815,
        0.4099305272102356,
        -0.48494282364845276
      ]
    },
    {
      "class_id": 1,
      "class_name": "class_2",
      "model_confidence": 0.638366,
      "cosine_similarity": 0.797291,
      "l2_distance": 4.669205,
      "loss_history": [
        2.1284,
        0.81732,
        0.81621,
        0.81618,
        0.81605
      ],
      "risk_level": "HIGH",
      "reconstructed_input": [
        2.7877180576324463,
        -2.187110185623169,
        0.6753529906272888,
        1.6023683547973633,
        -0.0397736094892025,
        -1.1518038511276245,
        -0.3842805325984955,
        -1.9099475145339966,
        -0.8430859446525574,
        -0.6651023626327515,
        -0.48075205087661743,
        0.16699843108654022,
        -0.2606390118598938,
        -0.024218030273914337,
        -0.3221299648284912,
        0.13684098422527313,
        -1.7089450359344482,
        0.5814211368560791,
        -0.29835113883018494,
        0.7875798940658569,
        -0.12980149686336517,
        -0.3999798893928528,
        -0.909773588180542,
        0.2949148416519165,
        0.8605092167854309,
        0.4762980043888092,
        0.8401355147361755,
        0.418878972530365,
        0.6507022976875305,
        -0.4197882115840912,
        0.07010903209447861,
        -0.5211160778999329,
        -0.855195164680481,
        -0.5810071229934692,
        0.5828441977500916,
        0.6731683611869812,
        0.5487475395202637,
        -0.2701980173587799,
        0.2010861486196518,
        0.2851560115814209,
        -0.09923049062490463,
        -0.7097647786140442,
        0.940092921257019,
        0.5321686863899231,
        0.6026306748390198,
        -0.737539529800415,
        1.0600372552871704,
        -0.025855235755443573,
        0.6524398326873779,
        -0.3822374939918518
      ]
    },
    {
      "class_id": 2,
      "class_name": "class_3",
      "model_confidence": 0.592468,
      "cosine_similarity": 0.599078,
      "l2_distance": 5.459995,
      "loss_history": [
        2.13689,
        0.94726,
        0.94491,
        0.9451,
        0.94501
      ],
      "risk_level": "MEDIUM",
      "reconstructed_input": [
        2.12937068939209,
        0.1756214052438736,
        0.24164913594722748,
        -1.5482933521270752,
        2.874880790710449,
        0.4441145360469818,
        -0.2513616383075714,
        -0.7641969323158264,
        1.6672738790512085,
        0.4073617458343506,
        0.11506807059049606,
        0.18649683892726898,
        -0.4327584505081177,
        -1.8376896381378174,
        -0.3502044081687927,
        0.6401578187942505,
        -0.46425962448120117,
        -0.37664273381233215,
        0.2250141203403473,
        -0.07177704572677612,
        -0.05063236132264137,
        -1.6533321142196655,
        -0.12346697598695755,
        -0.621964156627655,
        0.232293039560318,
        -0.7075722217559814,
        0.49309268593788147,
        -0.5607467293739319,
        0.5653085112571716,
        1.1444640159606934,
        0.702457070350647,
        -0.7874627709388733,
        -0.6457780599594116,
        0.3920401930809021,
        0.7843618392944336,
        -0.6356970071792603,
        -0.5162910223007202,
        0.39746084809303284,
        -0.19287151098251343,
        0.046245135366916656,
        0.8194418549537659,
        0.941684365272522,
        -0.542604386806488,
        1.000404953956604,
        -0.9136294722557068,
        -0.923091471195221,
        0.29340654611587524,
        -1.5800055265426636,
        -1.5140799283981323,
        -0.2559490203857422
      ]
    },
    {
      "class_id": 3,
      "class_name": "class_4",
      "model_confidence": 0.628071,
      "cosine_similarity": 0.701819,
      "l2_distance": 4.747563,
      "loss_history": [
        2.77772,
        0.80212,
        0.79502,
        0.79511,
        0.79506
      ],
      "risk_level": "HIGH",
      "reconstructed_input": [
        -1.879884958267212,
        0.12999649345874786,
        -0.9573641419410706,
        0.7980479598045349,
        1.4324398040771484,
        1.2058175802230835,
        -1.0294880867004395,
        -2.3165030479431152,
        0.8756712675094604,
        -0.9074508547782898,
        -0.26901379227638245,
        -0.023995233699679375,
        -0.5385133028030396,
        0.32868093252182007,
        -0.5258012413978577,
        0.8037315011024475,
        0.9988197088241577,
        -0.3921204209327698,
        -0.10932748019695282,
        -0.6186971664428711,
        0.6802418231964111,
        -1.2169947624206543,
        0.7682371139526367,
        1.1106016635894775,
        0.7474910616874695,
        0.493927925825119,
        -0.1851077377796173,
        -0.1194353774189949,
        0.6752837896347046,
        -0.9020927548408508,
        -0.6117119193077087,
        -1.1805226802825928,
        0.6769425868988037,
        -0.7577428817749023,
        0.39120468497276306,
        -0.26662421226501465,
        0.0730496495962143,
        0.9445416331291199,
        0.057846058160066605,
        -0.006457711104303598,
        0.24003992974758148,
        -0.23303721845149994,
        0.1447451114654541,
        0.9096835851669312,
        -0.2374885082244873,
        0.16707442700862885,
        -0.546127438545227,
        -1.242157220840454,
        -0.6256912350654602,
        0.5875009298324585
      ]
    },
    {
      "class_id": 4,
      "class_name": "class_5",
      "model_confidence": 0.670246,
      "cosine_similarity": 0.768001,
      "l2_distance": 4.261798,
      "loss_history": [
        2.28709,
        0.69578,
        0.69326,
        0.69328,
        0.69328
      ],
      "risk_level": "HIGH",