{
  "attack": "model_inversion",
  "mode": "defended (noise=3.0, temp=15.0)",
  "results": [
    {
      "class_id": 0,
      "class_name": "class_0",
      "model_confidence": 0.231651,
      "prediction_entropy": 1.774549,
      "prediction_sharpness": 0.063881,
      "reconstruction_variance": 0.02315,
      "cosine_similarity": 0.411057,
      "l2_distance": 1.83076,
      "loss_history": [
        2.34425,
        1.58965,
        1.91434,
        1.71739,
        1.31013
      ],
      "risk_level": "MEDIUM",
      "reconstructed_input": [
        0.1324700117111206,
        -0.24049435555934906,
        -0.02874463051557541,
        -0.21631759405136108,
        -0.3307315707206726,
        0.15865693986415863,
        -0.11431300640106201,
        -0.17723286151885986,
        -0.24686934053897858,
        -0.07640498876571655,
        -0.07487522065639496,
        0.24749703705310822,
        -0.014194108545780182,
        0.1632257103919983,
        -0.18332426249980927,
        0.11909826099872589,
        -0.13863582909107208,
        -0.08293113857507706,
        -0.07159455865621567,
        0.21701034903526306,
        -0.08789794892072678,
        0.17224125564098358,
        0.03406354784965515,
        -0.06276498734951019,
        -0.09897627681493759,
        -0.3002207279205322,
        -0.40075355768203735,
        0.023891977965831757,
        0.1361464262008667,
        0.05917048826813698,
        -0.21758854389190674,
        -0.10629161447286606,
        -0.2325458526611328,
        0.07608116418123245,
        0.14459583163261414,
        0.12064690887928009,
        -0.008314644917845726,
        0.09381190687417984,
        0.20707513391971588,
        0.16441403329372406,
        0.013797263614833355,
        -0.062373869121074677,
        0.06764856725931168,
        0.018430938944220543,
        -0.11400794237852097,
        0.05367602780461311,
        -0.13097204267978668,
        -0.10405663400888443,
        -0.04074298217892647,
        -0.09828315675258636
      ]
    },
    {
      "class_id": 1,
      "class_name": "class_1",
      "model_confidence": 0.196128,
      "prediction_entropy": 1.776194,
      "prediction_sharpness": 0.000788,
      "reconstruction_variance": 0.066645,
      "cosine_similarity": 0.381778,
      "l2_distance": 2.09173,
      "loss_history": [
        2.2341,
        2.04622,
        1.57499,
        1.62856,
        1.97079
      ],
      "risk_level": "MEDIUM",
      "reconstructed_input": [
        0.3538220226764679,
        -0.4394828975200653,
        0.26825663447380066,
        -0.16839474439620972,
        -0.2689739465713501,
        -0.5108373165130615,
        -0.1322154849767685,
        -0.2625437378883362,
        0.4369475245475769,
        -0.041014961898326874,
        0.3984795808792114,
        0.21224205195903778,
        0.2673324942588806,
        0.3440586030483246,
        0.3009328842163086,
        0.002290288917720318,
        0.16920024156570435,
        -0.370878666639328,
        -0.09425351023674011,
        -0.05529995262622833,
        0.05196494981646538,
        0.2321976125240326,
        -0.11964317411184311,
        -0.19494403898715973,
        -0.12767447531223297,
        -0.21724927425384521,
        -0.2729951739311218,
        0.1539134979248047,
        0.6004108786582947,
        -0.06904278695583344,
        -0.2576248347759247,
        -0.2980812191963196,
        -0.21369725465774536,
        -0.09750130027532578,
        0.28451430797576904,
        0.33309340476989746,
        0.1246163621544838,
        -0.3750306963920593,
        0.23597875237464905,
        -0.2322424352169037,
        -0.035632774233818054,
        -0.4697502851486206,
        0.010451738722622395,
        0.14062944054603577,
        -0.0682864710688591,
        -0.0028293197974562645,
        0.05317685008049011,
        0.03993107005953789,
        -0.0958239734172821,
        -0.2945542633533478
      ]
    },
    {
      "class_id": 2,
      "class_name": "class_2",
      "model_confidence": 0.216182,
      "prediction_entropy": 1.762275,
      "prediction_sharpness": 0.013988,
      "reconstruction_variance": 0.061614,
      "cosine_similarity": 0.157663,
      "l2_distance": 2.652187,
      "loss_history": [
        2.42822,
        2.07195,
        1.84439,
        1.08638,
        2.13827
      ],
      "risk_level": "LOW",
      "reconstructed_input": [
        -0.10959780961275101,
        -0.49403810501098633,
        0.03172208368778229,
        -0.14291685819625854,
        0.13422474265098572,
        -0.2717338800430298,
        -0.0556909553706646,
        -0.43977591395378113,
        0.49750036001205444,
        0.2463729828596115,
        0.3833419382572174,
        -0.059193745255470276,
        0.06200568005442619,
        0.19589874148368835,
        0.19033797085285187,
        -0.0029791556298732758,
        0.004999297671020031,
        -0.23458203673362732,
        -0.09140659123659134,
        -0.12572404742240906,
        -0.195387601852417,
        0.03379575163125992,
        -0.06743840128183365,
        -0.09635969251394272,
        -0.34513354301452637,
        -0.2691572904586792,
        -0.286562442779541,
        -0.14182676374912262,
        0.29320192337036133,
        -0.0576789528131485,
        -0.31215450167655945,
        0.0594639778137207,
        -0.6679195165634155,
        -0.09855754673480988,
        0.26567715406417847,
        0.32711246609687805,
        0.13478167355060577,
        -0.06539018452167511,
        -0.2253703773021698,
        -0.14717768132686615,
        -0.45258623361587524,
        -0.27123215794563293,
        -0.11594823002815247,
        0.353520929813385,
        -0.29661864042282104,
        -0.3593742251396179,
        -0.047257740050554276,
        0.12050534039735794,
        -0.5011141300201416,
        -0.1888594925403595
      ]
    },
    {
      "class_id": 3,
      "class_name": "class_3",
      "model_confidence": 0.224072,
      "prediction_entropy": 1.777533,
      "prediction_sharpness": 0.046441,
      "reconstruction_variance": 0.050709,
      "cosine_similarity": 0.317813,
      "l2_distance": 1.883586,
      "loss_history": [
        2.42864,
        1.71777,
        1.60202,
        1.49234,
        1.57535
      ],
      "risk_level": "LOW",
      "reconstructed_input": [
        -0.40922653675079346,
        0.042507532984018326,
        0.10871945321559906,
        0.08244643360376358,
        -0.004515870474278927,
        -0.014921259135007858,
        0.09988071024417877,
        -0.02398684248328209,
        0.3837232291698456,
        0.08713560551404953,
        0.16032566130161285,
        0.19410568475723267,
        0.04214796796441078,
        -0.15112067759037018,
        -0.22425442934036255,
        0.07535381615161896,
        0.01817816123366356,
        -0.07440365105867386,
        0.1790267527103424,
        0.10801009833812714,
        0.12863372266292572,
        -0.24886104464530945,
        -0.2230541706085205,
        0.03708872199058533,
        -0.23199549317359924,
        -0.25106099247932434,
        -0.12978088855743408,
        -0.03329823166131973,
        0.3141719102859497,
        0.2218145728111267,
        -0.14977018535137177,
        -0.7244561910629272,
        -0.1682366281747818,
        -0.38307103514671326,
        0.22272621095180511,
        0.4696766138076782,
        0.250503808259964,
        -0.01355541218072176,
        0.10167291760444641,
        0.13156048953533173,
        -0.025446100160479546,
        -0.5342819094657898,
        0.07615704089403152,
        0.177629753947258,
        -0.09401483833789825,
        -0.2350553572177887,
        -0.1807587444782257,
        0.1055632159113884,
        -0.2654989957809448,
        -0.12377244979143143
      ]
    },
    {
      "class_id": 4,
      "class_name": "class_4",
      "model_confidence": 0.244037,
      "prediction_entropy": 1.764757,