{
  "attack": "model_inversion",
  "mode": "unmitigated",
  "results": [
    {
      "class_id": 0,
      "class_name": "class_0",
      "model_confidence": 0.596902,
      "prediction_entropy": 1.312081,
      "prediction_sharpness": 0.487955,
      "reconstruction_variance": 0.128083,
      "cosine_similarity": 0.112479,
      "l2_distance": 3.132554,
      "loss_history": [
        1.62801,
        0.58354,
        0.58408,
        0.58455,
        0.58378
      ],
      "risk_level": "LOW",
      "reconstructed_input": [
        -0.11027450859546661,
        0.1920066624879837,
        -0.8547088503837585,
        0.3159664571285248,
        -0.4680907428264618,
        -0.1295076310634613,
        -0.518764317035675,
        0.20234179496765137,
        -0.3602939546108246,
        0.5338119864463806,
        -0.38446566462516785,
        -0.31673383712768555,
        0.40498343110084534,
        -0.03813828155398369,
        0.3498936593532562,
        -0.022824086248874664,
        -0.5567797422409058,
        0.13846957683563232,
        0.22112125158309937,
        0.027659792453050613,
        -0.4871290624141693,
        -0.3319491744041443,
        0.16829560697078705,
        0.00843044463545084,
        0.07235810905694962,
        -0.10001501441001892,
        -0.10180026292800903,
        -0.49230656027793884,
        0.45470184087753296,
        -0.11846829205751419,
        0.02548370137810707,
        -1.0032665729522705,
        -0.15940459072589874,
        -0.5926626324653625,
        -0.723375141620636,
        -0.21641425788402557,
        -0.4669412076473236,
        0.4453333914279938,
        0.15344367921352386,
        -0.12000337243080139,
        0.4082157015800476,
        0.150080144405365,
        -0.30021995306015015,
        0.09772263467311859,
        -0.40106260776519775,
        -0.10457626730203629,
        -0.28181567788124084,
        -0.5665637254714966,
        0.38266703486442566,
        -0.16656248271465302
      ]
    },
    {
      "class_id": 1,
      "class_name": "class_1",
      "model_confidence": 0.663404,
      "prediction_entropy": 1.178398,
      "prediction_sharpness": 0.583878,
      "reconstruction_variance": 0.172283,
      "cosine_similarity": -0.038118,
      "l2_distance": 3.605626,
      "loss_history": [
        3.14216,
        0.52802,
        0.49916,
        0.49722,
        0.50106
      ],
      "risk_level": "LOW",
      "reconstructed_input": [
        0.09793677181005478,
        0.3111022114753723,
        0.17800359427928925,
        -0.2834423780441284,
        -0.472720205783844,
        -0.0908723697066307,
        0.008623303845524788,
        -0.3958413302898407,
        -0.39864522218704224,
        -0.1501205712556839,
        0.06757750362157822,
        -0.5685781240463257,
        0.5986140370368958,
        -0.244648277759552,
        0.05350993946194649,
        0.9646318554878235,
        -0.1306447684764862,
        0.36436620354652405,
        0.6028493046760559,
        -0.06213299557566643,
        0.04738827422261238,
        -0.2779446244239807,
        0.11228500306606293,
        -0.5146614909172058,
        0.2836951017379761,
        0.19345778226852417,
        -0.5805025100708008,
        0.3310631215572357,
        -0.19279144704341888,
        0.3976286053657532,
        -0.1656997799873352,
        -0.9005845189094543,
        -0.14682765305042267,
        -0.6322953701019287,
        0.33195194602012634,
        -0.4038390815258026,
        -0.48171883821487427,
        -0.34829986095428467,
        -0.3518209457397461,
        0.7618634104728699,
        0.183061420917511,
        -0.14035780727863312,
        0.35094189643859863,
        -0.656838595867157,
        0.12977918982505798,
        0.35400158166885376,
        0.13874708116054535,
        0.012364288792014122,
        -0.6248186826705933,
        -0.9920859336853027
      ]
    },
    {
      "class_id": 2,
      "class_name": "class_2",
      "model_confidence": 0.535116,
      "prediction_entropy": 1.428415,
      "prediction_sharpness": 0.408434,
      "reconstruction_variance": 0.290391,
      "cosine_similarity": 0.063213,
      "l2_distance": 4.290053,
      "loss_history": [
        3.10519,
        0.80068,
        0.77211,
        0.77033,
        0.77327
      ],
      "risk_level": "LOW",
      "reconstructed_input": [
        0.6868547201156616,
        0.64043128490448,
        -0.41320350766181946,
        0.7872171401977539,
        -0.6108161807060242,
        0.27011173963546753,
        0.21002082526683807,
        -0.18190355598926544,
        0.3207870125770569,
        -0.327806293964386,
        0.7388723492622375,
        0.29109492897987366,
        0.20746518671512604,
        -0.48814210295677185,
        -0.46577897667884827,
        -0.1946064978837967,
        -1.1120617389678955,
        -0.3144868314266205,
        -1.0295326709747314,
        0.1951885223388672,
        -0.19867804646492004,
        0.09369529038667679,
        0.9766167402267456,
        -0.01642768830060959,
        0.48243066668510437,
        -0.20592020452022552,
        -0.45451074838638306,
        -0.07635211944580078,
        -0.9086261987686157,
        0.7179580330848694,
        -0.1130070835351944,
        0.1099858358502388,
        0.12346234172582626,
        -0.7388935089111328,
        -0.5291648507118225,
        0.8664063215255737,
        0.6730358004570007,
        0.4084698259830475,
        1.113343596458435,
        0.9933390021324158,
        -0.5176681876182556,
        0.2786647081375122,
        0.4566219449043274,
        0.03827635571360588,
        -0.29308250546455383,
        -0.319484144449234,
        -0.09330278635025024,
        -0.5751116871833801,
        -0.31227022409439087,
        -0.2386128008365631
      ]
    },
    {
      "class_id": 3,
      "class_name": "class_3",
      "model_confidence": 0.671047,
      "prediction_entropy": 1.131607,
      "prediction_sharpness": 0.5618,
      "reconstruction_variance": 0.236685,
      "cosine_similarity": 0.354942,
      "l2_distance": 3.281038,
      "loss_history": [
        2.09072,
        0.5918,
        0.58916,
        0.59113,
        0.59099
      ],
      "risk_level": "MEDIUM",
      "reconstructed_input": [
        -0.9071557521820068,
        0.1966811865568161,
        0.11893480271100998,
        0.44624561071395874,
        0.5932470560073853,
        0.5212959051132202,
        1.0525025129318237,
        0.1639799177646637,
        -0.5763879418373108,
        -0.74581378698349,
        -0.09491705149412155,
        0.6496093273162842,
        -0.21996207535266876,
        0.4033471941947937,
        -0.24718926846981049,
        0.3328443765640259,
        0.8697227239608765,
        0.22911256551742554,
        0.19556841254234314,
        0.6069872379302979,
        -0.5793715715408325,
        -0.6145799160003662,
        -0.21637935936450958,
        0.4905110001564026,
        -0.2971467971801758,
        0.07253517210483551,
        -0.04953361302614212,
        0.24989797174930573,
        0.39191117882728577,
        -0.03662363439798355,
        -0.4711746275424957,
        0.3095131814479828,
        0.5379951596260071,
        -0.11069940030574799,
        -1.277103304862976,
        -0.7763186097145081,
        0.19145451486110687,
        -0.10790497064590454,
        0.5391396284103394,
        0.4331172704696655,
        0.08511252701282501,
        -0.2096673548221588,
        1.1000733375549316,
        0.29318851232528687,
        -0.17263279855251312,
        0.21020489931106567,
        0.34087610244750977,
        -0.14995023608207703,
        0.33633601665496826,
        -0.16220827400684357
      ]
    },
    {
      "class_id": 4,
      "class_name": "class_4",
      "model_confidence": 0.642233,
      "prediction_entropy": 1.222926,
      "prediction_sharpness": 0.549625,
      "reconstruction_variance": 0.074279,