{
  "attack": "model_inversion",
  "mode": "mitigated (confidence masked)",
  "results": [
    {
      "class_id": 0,
      "class_name": "class_1",
      "model_confidence": 0.990093,
      "prediction_entropy": 0.070051,
      "prediction_sharpness": 0.986474,
      "reconstruction_variance": 0.00259,
      "cosine_similarity": 0.751585,
      "l2_distance": 1.727535,
      "loss_history": [
        11.7778,
        0.02949
      ],
      "risk_level": "HIGH",
      "reconstructed_input": [
        0.13565728068351746,
        0.018146326765418053,
        -0.04970473423600197,
        -0.08256085216999054,
        -0.10582734644412994,
        0.11054442077875137,
        -0.09245138615369797,
        0.04945024102926254,
        -0.11105223000049591,
        0.004805092234164476,
        -0.061622023582458496,
        -0.006142605096101761,
        -0.04362207278609276,
        -0.0032941862009465694,
        0.014538973569869995,
        -0.017348939552903175,
        -0.026391413062810898,
        -0.03916391357779503,
        -0.046603284776210785,
        -0.00852287095040083,
        0.023329943418502808,
        0.01344233937561512,
        -0.001131910365074873,
        -0.05374526232481003,
        -0.07625729590654373,
        0.005345010198652744,
        -0.03857085108757019,
        0.007321551442146301,
        0.012485947459936142,
        0.0778794139623642,
        0.01812964491546154,
        -0.034069161862134933,
        0.02595468796789646,
        0.0590495802462101,
        0.031437646597623825,
        0.02800922282040119,
        -0.004160039126873016,
        0.07479377835988998,
        -0.015280155465006828,
        -0.027340203523635864,
        -0.004874942824244499,
        0.01352765690535307,
        0.011056885123252869,
        0.042699184268713,
        -0.08692540228366852,
        0.013121386058628559,
        -0.0013041287893429399,
        0.0051192957907915115,
        -0.05393730476498604,
        -0.04782833531498909
      ]
    },
    {
      "class_id": 1,
      "class_name": "class_2",
      "model_confidence": 0.980308,
      "prediction_entropy": 0.121018,
      "prediction_sharpness": 0.972112,
      "reconstruction_variance": 0.005708,
      "cosine_similarity": 0.602156,
      "l2_distance": 1.664258,
      "loss_history": [
        5.85905,
        0.05251
      ],
      "risk_level": "HIGH",
      "reconstructed_input": [
        0.16979429125785828,
        -0.13745397329330444,
        0.05882857367396355,
        0.11112953722476959,
        0.0049425289034843445,
        -0.24147187173366547,
        0.08039353787899017,
        -0.028282074257731438,
        0.04531298577785492,
        -0.060422804206609726,
        -0.03676442429423332,
        -0.19546769559383392,
        0.006666058674454689,
        0.032604560256004333,
        -0.05572033300995827,
        -0.022166091948747635,
        -0.055978648364543915,
        0.003778779413551092,
        0.1478005349636078,
        0.0089572137221694,
        0.027653977274894714,
        -0.019330928102135658,
        -0.0685577318072319,
        0.036754410713911057,
        0.058639369904994965,
        0.03755570948123932,
        0.08777317404747009,
        -0.03174716979265213,
        -0.020697206258773804,
        0.009165743365883827,
        0.046487294137477875,
        0.07908757030963898,
        0.0672258511185646,
        -0.0888853445649147,
        -0.08141088485717773,
        -0.04270713031291962,
        -0.0021791625767946243,
        0.04153232276439667,
        0.008135977201163769,
        -0.0027989770751446486,
        0.06775827705860138,
        -0.07632148265838623,
        -0.04249509796500206,
        -0.008763784542679787,
        0.02640508860349655,
        0.09570209681987762,
        0.07930126786231995,
        -0.019685162231326103,
        0.0179021954536438,
        0.0005237924051471055
      ]
    },
    {
      "class_id": 2,
      "class_name": "class_3",
      "model_confidence": 0.945579,
      "prediction_entropy": 0.264392,
      "prediction_sharpness": 0.912522,
      "reconstruction_variance": 0.009216,
      "cosine_similarity": 0.451304,
      "l2_distance": 2.007538,
      "loss_history": [
        8.16401,
        0.10985
      ],
      "risk_level": "MEDIUM",
      "reconstructed_input": [
        0.06352543830871582,
        0.04007774591445923,
        0.0657561719417572,
        -0.1283465027809143,
        0.32076168060302734,
        -0.05569808557629585,
        0.18996140360832214,
        -0.0666097030043602,
        0.07652781903743744,
        -0.023123767226934433,
        0.12351731956005096,
        0.06593601405620575,
        0.04141176864504814,
        0.015611239708960056,
        -0.012119017541408539,
        0.048697199672460556,
        0.08754880726337433,
        0.10894320905208588,
        0.07380640506744385,
        0.10735314339399338,
        -0.15542154014110565,
        0.048404645174741745,
        0.19133487343788147,
        0.09029877930879593,
        0.000904660380911082,
        -0.04447649419307709,
        0.0416719913482666,
        -0.021867789328098297,
        -0.033587511628866196,
        -0.0894508883357048,
        0.09426377713680267,
        -0.03573618456721306,
        -0.11350483447313309,
        0.07364781945943832,
        -0.10718948394060135,
        -0.10480805486440659,
        -0.02436041086912155,
        -0.12597860395908356,
        0.08322745561599731,
        0.08768362551927567,
        -0.049962420016527176,
        -0.11094963550567627,
        -0.06794922053813934,
        -0.006928701885044575,
        -0.05828850716352463,
        -0.0602741464972496,
        0.06824780255556107,
        -0.02522987499833107,
        0.19430357217788696,
        -0.006648210808634758
      ]
    },
    {
      "class_id": 3,
      "class_name": "class_4",
      "model_confidence": 0.987368,
      "prediction_entropy": 0.082895,
      "prediction_sharpness": 0.981383,
      "reconstruction_variance": 0.00419,
      "cosine_similarity": 0.545086,
      "l2_distance": 1.428056,
      "loss_history": [
        13.72575,
        0.0654
      ],
      "risk_level": "MEDIUM",
      "reconstructed_input": [
        -0.10789823532104492,
        0.1305162012577057,
        0.020096411928534508,
        0.027324995025992393,
        0.0870160460472107,
        0.15055255591869354,
        -0.053506914526224136,
        -0.1329420655965805,
        -0.06009921431541443,
        -0.01577571965754032,
        0.08087074011564255,
        0.048293184489011765,
        0.02854119800031185,
        -0.08941274136304855,
        -0.10314680635929108,
        -0.04447946324944496,
        0.05039254203438759,
        -0.03680979087948799,
        -0.0020046166609972715,
        0.09037619084119797,
        -0.05214687064290047,
        -0.034245532006025314,
        0.05135715380311012,
        0.06858857721090317,
        0.041705869138240814,
        0.06064879149198532,
        0.022824792191386223,
        0.10674304515123367,
        0.011216796934604645,
        -0.12051215022802353,
        -0.09235920757055283,
        -0.05867854133248329,
        0.03683142736554146,
        -0.03330523148179054,
        0.028761066496372223,
        0.018289774656295776,
        0.09334549307823181,
        -0.03990305960178375,
        0.008527605794370174,
        -0.0274518933147192,
        -0.06187712401151657,
        0.04023721441626549,
        -0.006454005837440491,
        0.020539648830890656,
        -0.013514002785086632,
        -0.0015331257600337267,
        -0.04580811783671379,
        0.015403867699205875,
        0.02602389082312584,
        -0.06090578809380531
      ]
    },
    {
      "class_id": 4,
      "class_name": "class_5",
      "model_confidence": 0.993262,
      "prediction_entropy": 0.0486,
      "prediction_sharpness": 0.990157,
      "reconstruction_variance": 0.001809,
      "cosine_similarity": 0.758089,