{
  "attack": "model_inversion",
  "mode": "mitigated (confidence masked)",
  "results": [
    {
      "class_id": 0,
      "class_name": "class_1",
      "model_confidence": 0.869717,
      "prediction_entropy": 0.585713,
      "prediction_sharpness": 0.826669,
      "reconstruction_variance": 0.014057,
      "cosine_similarity": 0.492663,
      "l2_distance": 1.7318,
      "loss_history": [
        5.29476,
        0.21056
      ],
      "risk_level": "MEDIUM",
      "reconstructed_input": [
        0.24734555184841156,
        0.1430518478155136,
        -0.007799351122230291,
        -0.15940654277801514,
        -0.1779659539461136,
        0.07483594119548798,
        -0.11544276028871536,
        0.10128185153007507,
        -0.17020010948181152,
        0.0036178624723106623,
        -0.1467864215373993,
        0.07340843230485916,
        -0.010820695199072361,
        -0.14511370658874512,
        -0.03421499952673912,
        0.15077972412109375,
        -0.07395011931657791,
        -0.08159097284078598,
        0.06100420281291008,
        0.13466876745224,
        0.016355641186237335,
        0.03441895544528961,
        -0.18953533470630646,
        0.030592499300837517,
        0.058248311281204224,
        0.14411817491054535,
        -0.33406445384025574,
        0.033393438905477524,
        -0.004961998201906681,
        -0.1932610124349594,
        -0.14703066647052765,
        -0.006079893093556166,
        0.21362248063087463,
        0.016981597989797592,
        0.0928945317864418,
        0.004306640475988388,
        -0.16010262072086334,
        0.015635553747415543,
        0.04601794108748436,
        -0.08401113003492355,
        -0.01047127228230238,
        -0.06142250448465347,
        0.03928486630320549,
        -0.0020284303463995457,
        -0.04543035477399826,
        0.0276865903288126,
        -0.008695202879607677,
        0.2514735460281372,
        0.06927745789289474,
        -0.04289710521697998
      ]
    },
    {
      "class_id": 1,
      "class_name": "class_2",
      "model_confidence": 0.575282,
      "prediction_entropy": 1.347292,
      "prediction_sharpness": 0.464674,
      "reconstruction_variance": 0.050012,
      "cosine_similarity": 0.44475,
      "l2_distance": 1.877922,
      "loss_history": [
        8.6842,
        0.8106
      ],
      "risk_level": "MEDIUM",
      "reconstructed_input": [
        0.31332650780677795,
        -0.27434033155441284,
        -0.16301429271697998,
        0.12090037763118744,
        -0.2814185321331024,
        -0.3232852518558502,
        0.23736251890659332,
        -0.16566328704357147,
        -0.23883287608623505,
        -0.10973810404539108,
        0.35635289549827576,
        0.13838845491409302,
        0.0019468164537101984,
        0.15181216597557068,
        0.013969055376946926,
        -0.06669297814369202,
        -0.33742281794548035,
        -0.07427656650543213,
        0.02001752331852913,
        0.21593977510929108,
        0.3283304274082184,
        0.10601213574409485,
        -0.29266172647476196,
        0.15874803066253662,
        -0.020236032083630562,
        0.30470672249794006,
        0.3108787536621094,
        -0.2698651850223541,
        0.4375992715358734,
        -0.11418802291154861,
        0.033866457641124725,
        0.025286484509706497,
        0.11591269820928574,
        0.02613139897584915,
        0.007754326332360506,
        -0.22742439806461334,
        -0.04068150371313095,
        0.28242117166519165,
        0.005723417736589909,
        0.32441601157188416,
        0.4551926553249359,
        -0.47597554326057434,
        0.24965567886829376,
        0.14307460188865662,
        0.08391504734754562,
        -0.1884673833847046,
        0.10443021357059479,
        0.1821540743112564,
        -0.2917342185974121,
        -0.03605472669005394
      ]
    },
    {
      "class_id": 2,
      "class_name": "class_3",
      "model_confidence": 0.796107,
      "prediction_entropy": 0.816356,
      "prediction_sharpness": 0.726253,
      "reconstruction_variance": 0.028884,
      "cosine_similarity": 0.52053,
      "l2_distance": 1.897959,
      "loss_history": [
        6.20595,
        0.37306
      ],
      "risk_level": "MEDIUM",
      "reconstructed_input": [
        0.34666091203689575,
        0.10460339486598969,
        0.09037470072507858,
        -0.10203630477190018,
        0.23140859603881836,
        -0.05513151362538338,
        0.005692411679774523,
        -0.16800233721733093,
        0.23026758432388306,
        -0.026313936337828636,
        0.3578561246395111,
        0.26132461428642273,
        0.3643037974834442,
        -0.2435350865125656,
        0.0052533759735524654,
        -0.09055324643850327,
        0.03424808382987976,
        -0.2131595015525818,
        -0.12702542543411255,
        0.22640487551689148,
        -0.09718725830316544,
        0.030752647668123245,
        0.19147871434688568,
        0.030733127146959305,
        0.14016321301460266,
        -0.047435589134693146,
        -0.2422119677066803,
        0.011587765999138355,
        0.010948865674436092,
        -0.19657611846923828,
        0.2099185436964035,
        0.07171459496021271,
        -0.10143684595823288,
        -0.07074780762195587,
        0.09193351119756699,
        -0.3530026972293854,
        -0.03898286074399948,
        0.03210889920592308,
        0.10813206434249878,
        -0.11481891572475433,
        -0.3675290048122406,
        -0.03647181764245033,
        -0.07058223336935043,
        -0.04300277680158615,
        0.054536428302526474,
        -0.1334131360054016,
        -0.20278334617614746,
        -0.012853331863880157,
        0.07859610766172409,
        0.2103123664855957
      ]
    },
    {
      "class_id": 3,
      "class_name": "class_4",
      "model_confidence": 0.76544,
      "prediction_entropy": 0.918588,
      "prediction_sharpness": 0.704906,
      "reconstruction_variance": 0.02568,
      "cosine_similarity": 0.359744,
      "l2_distance": 1.616122,
      "loss_history": [
        6.11845,
        0.397
      ],
      "risk_level": "MEDIUM",
      "reconstructed_input": [
        -0.36518704891204834,
        -0.1868586540222168,
        -0.03766319900751114,
        -0.07959877699613571,
        0.19835165143013,
        0.220897376537323,
        0.04270387068390846,
        -0.00827356893569231,
        -0.09981828927993774,
        -0.1852562129497528,
        0.07318385690450668,
        0.09681868553161621,
        0.11687256395816803,
        -0.03540794178843498,
        -0.3057911694049835,
        -0.08911434561014175,
        -0.03360613435506821,
        -0.3775828778743744,
        -0.01227504201233387,
        0.20496980845928192,
        0.009322223253548145,
        -0.1772131472826004,
        0.01421273685991764,
        -0.2811068296432495,
        -0.12146461755037308,
        -0.06608934700489044,
        -0.21906809508800507,
        0.09512719511985779,
        -0.22588308155536652,
        -0.03787057101726532,
        -0.2142423391342163,
        0.16159331798553467,
        0.052111852914094925,
        0.10380623489618301,
        -0.23333467543125153,
        -0.0020756858866661787,
        0.058539342135190964,
        -0.15761259198188782,
        0.09173168241977692,
        -0.07174710184335709,
        0.05698080733418465,
        -0.09957332164049149,
        0.19070541858673096,
        0.326575368642807,
        0.07545628398656845,
        0.051123667508363724,
        -0.0069970982149243355,
        0.2824283540248871,
        0.12339143455028534,
        -0.023300493136048317
      ]
    },
    {
      "class_id": 4,
      "class_name": "class_5",
      "model_confidence": 0.797944,
      "prediction_entropy": 0.796696,
      "prediction_sharpness": 0.717868,
      "reconstruction_variance": 0.020581,
      "cosine_similarity": 0.228073,
      "l2_distance": 1.757931,