{
  "attack": "model_inversion",
  "mode": "mitigated (confidence masked)",
  "results": [
    {
      "class_id": 0,
      "class_name": "class_0",
      "model_confidence": 0.522746,
      "prediction_entropy": 1.437143,
      "prediction_sharpness": 0.376327,
      "reconstruction_variance": 0.025146,
      "cosine_similarity": 0.120417,
      "l2_distance": 2.195034,
      "loss_history": [
        5.96714,
        0.79229,
        0.79503,
        0.79471,
        0.79288
      ],
      "risk_level": "LOW",
      "reconstructed_input": [
        -0.008474288508296013,
        0.02529827132821083,
        -0.1807558685541153,
        -0.03624818101525307,
        0.08212728053331375,
        -0.24626275897026062,
        -0.2502990663051605,
        -0.06473758816719055,
        -0.32339295744895935,
        0.3052481710910797,
        -0.151719331741333,
        -0.16159017384052277,
        -0.038707513362169266,
        0.11032895743846893,
        0.12142816185951233,
        -0.10672355443239212,
        -0.19901752471923828,
        0.0033331760205328465,
        -0.28698277473449707,
        0.0845712274312973,
        -0.30302274227142334,
        -0.11592406779527664,
        0.3051223158836365,
        0.02921133115887642,
        -0.0132194384932518,
        -0.09031082689762115,
        0.12544748187065125,
        -0.07282771915197372,
        -0.17018553614616394,
        -0.044215284287929535,
        -0.1970190852880478,
        -0.3370610177516937,
        0.16119042038917542,
        -0.1474839299917221,
        -0.3488243520259857,
        -0.14314574003219604,
        0.07782931625843048,
        -0.01120145246386528,
        0.12091383337974548,
        -0.04281431436538696,
        0.17298179864883423,
        -0.03384757041931152,
        0.012670913711190224,
        0.10755238682031631,
        -0.1512528359889984,
        0.025835644453763962,
        -0.28409257531166077,
        -0.21962912380695343,
        -0.04276395961642265,
        -0.2319313883781433
      ]
    },
    {
      "class_id": 1,
      "class_name": "class_1",
      "model_confidence": 0.500513,
      "prediction_entropy": 1.481744,
      "prediction_sharpness": 0.376362,
      "reconstruction_variance": 0.02898,
      "cosine_similarity": -0.088613,
      "l2_distance": 2.363968,
      "loss_history": [
        6.10932,
        0.8365,
        0.83776,
        0.83294,
        0.83556
      ],
      "risk_level": "LOW",
      "reconstructed_input": [
        0.19825094938278198,
        0.3622133731842041,
        0.17407073080539703,
        -0.05877063795924187,
        -0.1253354400396347,
        -0.03276185318827629,
        0.04978308826684952,
        0.07035761326551437,
        -0.10372655093669891,
        -0.12376559525728226,
        0.12723957002162933,
        0.11795543134212494,
        0.2448728084564209,
        -0.05648365244269371,
        -0.2039673924446106,
        0.08258189260959625,
        -0.19423070549964905,
        -0.2471371740102768,
        0.0571589395403862,
        0.1354101449251175,
        0.14184951782226562,
        0.1129651591181755,
        0.010913921520113945,
        0.01373575534671545,
        0.046129412949085236,
        0.4415997564792633,
        0.019788194447755814,
        0.14267168939113617,
        -0.29152047634124756,
        0.2524329423904419,
        -0.10518753528594971,
        -0.27045297622680664,
        -0.3000586926937103,
        -0.16883663833141327,
        0.052818287163972855,
        -0.08929316699504852,
        0.046871308237314224,
        0.18327689170837402,
        -0.15223103761672974,
        0.21375614404678345,
        -0.09763463586568832,
        -0.14863885939121246,
        -0.05026242136955261,
        -0.033985961228609085,
        -0.0365559384226799,
        -0.03818999230861664,
        0.11220741271972656,
        -0.23910026252269745,
        -0.13621574640274048,
        -0.29785409569740295
      ]
    },
    {
      "class_id": 2,
      "class_name": "class_2",
      "model_confidence": 0.38392,
      "prediction_entropy": 1.650439,
      "prediction_sharpness": 0.230746,
      "reconstruction_variance": 0.097692,
      "cosine_similarity": 0.197516,
      "l2_distance": 2.810109,
      "loss_history": [
        5.75365,
        1.44991,
        1.4426,
        1.44851,
        1.45402
      ],
      "risk_level": "LOW",
      "reconstructed_input": [
        0.6720730662345886,
        -0.015178332105278969,
        -0.11874651163816452,
        -0.36501485109329224,
        -0.015236667357385159,
        0.3046419024467468,
        -0.16054905951023102,
        0.15956677496433258,
        0.2738441824913025,
        -0.16718561947345734,
        -0.280862957239151,
        -0.31060224771499634,
        0.2232433557510376,
        0.3880460560321808,
        -0.31661751866340637,
        0.267367422580719,
        -0.44772955775260925,
        -0.3720036447048187,
        -0.3963930606842041,
        0.40018633008003235,
        -0.12827077507972717,
        0.16839265823364258,
        0.4222400486469269,
        -0.44854816794395447,
        0.3644588589668274,
        -0.22524645924568176,
        0.08821142464876175,
        0.34759557247161865,
        -0.40138009190559387,
        0.17698849737644196,
        0.4836840331554413,
        -0.31591251492500305,
        -0.18814857304096222,
        -0.02796897105872631,
        -0.48731034994125366,
        0.3340167701244354,
        -0.05093192681670189,
        -0.2996804416179657,
        0.4834001362323761,
        0.08761434257030487,
        -0.29240888357162476,
        0.11395962536334991,
        0.1568809151649475,
        0.35387977957725525,
        -0.01741746813058853,
        0.23061484098434448,
        0.04504193365573883,
        -0.3319392204284668,
        -0.0953141301870346,
        0.668867290019989
      ]
    },
    {
      "class_id": 3,
      "class_name": "class_3",
      "model_confidence": 0.586871,
      "prediction_entropy": 1.30004,
      "prediction_sharpness": 0.440015,
      "reconstruction_variance": 0.054379,
      "cosine_similarity": 0.111631,
      "l2_distance": 2.188113,
      "loss_history": [
        5.54031,
        0.809,
        0.81209,
        0.81139,
        0.81142
      ],
      "risk_level": "LOW",
      "reconstructed_input": [
        -0.3346360921859741,
        0.05756819248199463,
        -0.03440545126795769,
        -0.3180733025074005,
        0.08675193786621094,
        0.06795882433652878,
        0.4083152115345001,
        0.21340593695640564,
        -0.07487750798463821,
        -0.22991150617599487,
        -0.08198433369398117,
        0.2901242673397064,
        -0.20322561264038086,
        0.06444145739078522,
        -0.09398466348648071,
        -0.015535885468125343,
        -0.0880507081747055,
        -0.34706804156303406,
        -0.12599758803844452,
        0.4829179048538208,
        -0.4917161166667938,
        -0.1211676374077797,
        0.12046840041875839,
        -0.16404111683368683,
        0.14632472395896912,
        0.4797980487346649,
        0.11662083119153976,
        0.23953814804553986,
        -0.155557781457901,
        -0.0711708813905716,
        0.23686760663986206,
        0.06094493716955185,
        0.19551600515842438,
        -0.022785574197769165,
        -0.4158914387226105,
        -0.2372138500213623,
        -0.05367482453584671,
        -0.07884985208511353,
        0.12144411355257034,
        -0.08024553954601288,
        0.001857978175394237,
        -0.17690861225128174,
        0.40482938289642334,
        0.5068162679672241,
        -0.06773404777050018,
        0.1964499056339264,
        0.39429929852485657,
        0.21390698850154877,
        0.1300157755613327,
        0.06391222774982452
      ]
    },
    {
      "class_id": 4,
      "class_name": "class_4",
      "model_confidence": 0.619502,
      "prediction_entropy": 1.263898,