{
  "attack": "model_inversion",
  "mode": "unmitigated",
  "results": [
    {
      "class_id": 0,
      "class_name": "class_0",
      "model_confidence": 0.820121,
      "prediction_entropy": 0.756704,
      "prediction_sharpness": 0.775092,
      "reconstruction_variance": 0.12297,
      "cosine_similarity": 0.461607,
      "l2_distance": 2.369741,
      "loss_history": [
        3.66605,
        0.32329,
        0.26031,
        0.26052,
        0.26107
      ],
      "risk_level": "MEDIUM",
      "reconstructed_input": [
        0.7535518407821655,
        -0.055548395961523056,
        0.012788660824298859,
        0.03048935905098915,
        -0.8788858652114868,
        0.6228582262992859,
        -0.19109785556793213,
        0.1608230620622635,
        -0.4058573842048645,
        -0.05805600807070732,
        -0.07193758338689804,
        0.04219644144177437,
        -0.3042590618133545,
        -0.7671355605125427,
        -0.24614392220973969,
        0.11966124922037125,
        0.3021624684333801,
        -0.3576100468635559,
        -0.24763785302639008,
        -0.10770343244075775,
        0.1597251445055008,
        -0.1649550497531891,
        -0.3730657398700714,
        -0.21617275476455688,
        0.006578635890036821,
        -0.3303404450416565,
        0.31467851996421814,
        0.7301552891731262,
        0.26941654086112976,
        0.09106971323490143,
        0.30453795194625854,
        -0.13416050374507904,
        0.23089870810508728,
        0.2848247289657593,
        -0.74834805727005,
        0.02784751169383526,
        -0.4959123730659485,
        -0.0962073802947998,
        -0.32178449630737305,
        0.4941679835319519,
        0.23140136897563934,
        -0.08883949369192123,
        0.04048972204327583,
        -0.4884926378726959,
        -0.13681070506572723,
        0.03208300098776817,
        0.2022869884967804,
        -0.3921854496002197,
        -0.44289323687553406,
        0.253184974193573
      ]
    },
    {
      "class_id": 1,
      "class_name": "class_1",
      "model_confidence": 0.758726,
      "prediction_entropy": 0.929567,
      "prediction_sharpness": 0.689987,
      "reconstruction_variance": 0.175152,
      "cosine_similarity": 0.31125,
      "l2_distance": 2.989859,
      "loss_history": [
        2.59434,
        0.41612,
        0.36346,
        0.36335,
        0.36293
      ],
      "risk_level": "LOW",
      "reconstructed_input": [
        0.13801656663417816,
        -0.579587459564209,
        0.6335879564285278,
        0.2091204822063446,
        -0.03352774307131767,
        -0.39171382784843445,
        0.4333861172199249,
        -0.29550957679748535,
        -0.4600599706172943,
        -0.18336275219917297,
        0.7702139019966125,
        -0.5806678533554077,
        -0.3306847810745239,
        -0.27853280305862427,
        0.16890302300453186,
        -0.3175577223300934,
        -0.017081085592508316,
        0.29407498240470886,
        0.08701740205287933,
        0.28556230664253235,
        0.1074187234044075,
        -0.5672456622123718,
        0.029528964310884476,
        0.2916876971721649,
        0.05691872909665108,
        0.3350551128387451,
        -0.6072919964790344,
        -0.039966076612472534,
        0.5150149464607239,
        1.5880237817764282,
        -0.19696903228759766,
        0.18767991662025452,
        0.19997593760490417,
        0.011734090745449066,
        0.02123917266726494,
        -0.1818557232618332,
        0.11327541619539261,
        -0.456241250038147,
        0.20088604092597961,
        -0.14283737540245056,
        0.4049348533153534,
        0.03789914771914482,
        0.2629072964191437,
        -0.8087478280067444,
        -0.6014420986175537,
        0.2195473313331604,
        -0.41984352469444275,
        0.4896698296070099,
        0.04921141266822815,
        0.18792682886123657
      ]
    },
    {
      "class_id": 2,
      "class_name": "class_2",
      "model_confidence": 0.725183,
      "prediction_entropy": 1.025408,
      "prediction_sharpness": 0.658543,
      "reconstruction_variance": 0.133697,
      "cosine_similarity": 0.351936,
      "l2_distance": 2.778316,
      "loss_history": [
        2.1434,
        0.39224,
        0.38996,
        0.38964,
        0.39017
      ],
      "risk_level": "MEDIUM",
      "reconstructed_input": [
        0.41772305965423584,
        0.33917996287345886,
        0.1328524947166443,
        -0.5783523917198181,
        0.0853518545627594,
        0.7346665859222412,
        -0.10080520063638687,
        0.10215802490711212,
        1.0338119268417358,
        0.11131654679775238,
        0.3648241460323334,
        -0.008772730827331543,
        -0.6476899981498718,
        -0.3755929172039032,
        0.25100114941596985,
        -0.7114435434341431,
        0.1672499179840088,
        0.4532695412635803,
        0.6468588709831238,
        0.2226363867521286,
        0.30601537227630615,
        0.14700688421726227,
        0.06345677375793457,
        -0.18823742866516113,
        0.4305744767189026,
        -0.31359145045280457,
        -0.2979905307292938,
        0.06061220169067383,
        0.20731408894062042,
        0.5276127457618713,
        0.08322733640670776,
        -0.57270348072052,
        0.003381481859833002,
        -0.24846899509429932,
        0.1368650197982788,
        -0.24262087047100067,
        -0.3442436456680298,
        0.3877551555633545,
        0.01880345121026039,
        -0.5780631303787231,
        0.3189179599285126,
        -0.059082210063934326,
        0.3214322328567505,
        -0.2970508635044098,
        -0.1727321892976761,
        0.18835356831550598,
        0.31005415320396423,
        0.13962890207767487,
        -0.2260417938232422,
        0.41435298323631287
      ]
    },
    {
      "class_id": 3,
      "class_name": "class_3",
      "model_confidence": 0.801234,
      "prediction_entropy": 0.785151,
      "prediction_sharpness": 0.714324,
      "reconstruction_variance": 0.090052,
      "cosine_similarity": 0.17439,
      "l2_distance": 2.445074,
      "loss_history": [
        2.2501,
        0.28,
        0.26705,
        0.26682,
        0.2674
      ],
      "risk_level": "LOW",
      "reconstructed_input": [
        0.054217420518398285,
        -0.09540767222642899,
        0.017101451754570007,
        0.45445728302001953,
        -0.011910614557564259,
        0.23923557996749878,
        0.3130025565624237,
        0.24728724360466003,
        -0.3298470675945282,
        -0.11271935701370239,
        0.5569142699241638,
        0.35515496134757996,
        -0.2552826404571533,
        0.32547977566719055,
        -0.23184797167778015,
        0.2891846299171448,
        0.1376565396785736,
        0.036737702786922455,
        -0.14933429658412933,
        0.20932312309741974,
        0.1942136138677597,
        -0.1741214096546173,
        -0.015742246061563492,
        0.017166797071695328,
        -0.5107267498970032,
        -0.03441034257411957,
        -0.20721152424812317,
        0.4264756143093109,
        0.3539627492427826,
        0.02952064946293831,
        -0.364501953125,
        -0.40141353011131287,
        -0.05651644617319107,
        0.15738752484321594,
        -0.16323386132717133,
        0.23293790221214294,
        -0.20137053728103638,
        0.08252133429050446,
        0.1860610842704773,
        0.24873587489128113,
        -0.20272523164749146,
        0.4512470066547394,
        0.08761660754680634,
        0.03169485554099083,
        -0.5238737463951111,
        0.6817256808280945,
        -0.17548006772994995,
        0.28097885847091675,
        -0.1022992730140686,
        -0.9038198590278625
      ]
    },
    {
      "class_id": 4,
      "class_name": "class_4",
      "model_confidence": 0.861277,
      "prediction_entropy": 0.599915,
      "prediction_sharpness": 0.796297,
      "reconstruction_variance": 0.079981,