{
  "attack": "model_inversion",
  "mode": "unmitigated",
  "results": [
    {
      "class_id": 0,
      "class_name": "class_0",
      "model_confidence": 0.741801,
      "prediction_entropy": 0.981619,
      "prediction_sharpness": 0.678104,
      "reconstruction_variance": 0.125517,
      "cosine_similarity": 0.377594,
      "l2_distance": 2.556241,
      "loss_history": [
        3.32179,
        0.40322,
        0.36215,
        0.36227,
        0.36233
      ],
      "risk_level": "MEDIUM",
      "reconstructed_input": [
        0.37371671199798584,
        0.557063102722168,
        -0.1182309091091156,
        -0.7417230010032654,
        -0.07655571401119232,
        0.43030765652656555,
        -0.14813083410263062,
        -0.24158470332622528,
        -0.3084523379802704,
        -0.048651352524757385,
        0.6211961507797241,
        0.2681357264518738,
        -0.18969184160232544,
        -0.006604115944355726,
        0.32384631037712097,
        0.21128703653812408,
        -0.5223489999771118,
        -0.14688973128795624,
        0.14444977045059204,
        0.4901241958141327,
        -0.004383333958685398,
        0.6501861214637756,
        -0.24165503680706024,
        -0.2067258059978485,
        -0.27572670578956604,
        0.01999693363904953,
        -0.2030349224805832,
        -0.46328553557395935,
        -0.14469318091869354,
        -0.6325393915176392,
        0.3396795392036438,
        0.4774261713027954,
        0.5600985884666443,
        0.10769230872392654,
        0.198442742228508,
        -0.19984684884548187,
        -0.249050572514534,
        -0.16907759010791779,
        0.4749356806278229,
        0.42185887694358826,
        -0.18526805937290192,
        0.31849440932273865,
        0.5174291133880615,
        0.2807205319404602,
        -0.4541136920452118,
        -0.20244841277599335,
        0.6250464916229248,
        0.21254977583885193,
        0.1784382313489914,
        -0.29335829615592957
      ]
    },
    {
      "class_id": 1,
      "class_name": "class_1",
      "model_confidence": 0.589326,
      "prediction_entropy": 1.31323,
      "prediction_sharpness": 0.476909,
      "reconstruction_variance": 0.107224,
      "cosine_similarity": 0.017807,
      "l2_distance": 3.037068,
      "loss_history": [
        2.68072,
        0.6195,
        0.58693,
        0.59545,
        0.58787
      ],
      "risk_level": "LOW",
      "reconstructed_input": [
        -0.1164071261882782,
        0.11435132473707199,
        -0.048043392598629,
        -0.47056272625923157,
        -0.17952445149421692,
        0.1915142685174942,
        -0.22565656900405884,
        -0.7279370427131653,
        -0.2921026647090912,
        -0.08617513626813889,
        0.1466512233018875,
        -0.31265440583229065,
        -0.031162511557340622,
        -0.2638566493988037,
        0.18379469215869904,
        -0.07512790709733963,
        -0.6227038502693176,
        0.13753628730773926,
        0.2483772188425064,
        -0.5908141732215881,
        0.26644161343574524,
        -0.03950280323624611,
        0.5161162614822388,
        0.48672106862068176,
        0.48809096217155457,
        0.46532297134399414,
        0.10251018404960632,
        0.19242389500141144,
        0.21772010624408722,
        -0.8877619504928589,
        -0.595372200012207,
        -0.5266356468200684,
        -0.5232919454574585,
        -0.11951403319835663,
        0.14346244931221008,
        -0.08592884242534637,
        -0.15384982526302338,
        0.2395053654909134,
        -0.2564549148082733,
        -0.34533238410949707,
        -0.12007628381252289,
        -0.01657099649310112,
        -0.0438075065612793,
        0.32487979531288147,
        -0.1608293056488037,
        -0.38933488726615906,
        -0.37702056765556335,
        0.11096873134374619,
        0.1935381144285202,
        0.04471791908144951
      ]
    },
    {
      "class_id": 2,
      "class_name": "class_2",
      "model_confidence": 0.610904,
      "prediction_entropy": 1.244661,
      "prediction_sharpness": 0.471669,
      "reconstruction_variance": 0.177031,
      "cosine_similarity": 0.174331,
      "l2_distance": 3.411474,
      "loss_history": [
        3.07572,
        0.75792,
        0.5859,
        0.58334,
        0.58251
      ],
      "risk_level": "LOW",
      "reconstructed_input": [
        0.27117589116096497,
        0.3687075674533844,
        -0.21766851842403412,
        -0.6260618567466736,
        0.22108344733715057,
        -0.13069795072078705,
        -0.2908668518066406,
        -0.3494803011417389,
        -0.26511961221694946,
        -0.3586287200450897,
        -0.11455389112234116,
        0.2684294879436493,
        -0.22416280210018158,
        -0.1241769790649414,
        0.5768817663192749,
        -1.0388349294662476,
        -0.31476646661758423,
        -1.0251792669296265,
        -0.1106899306178093,
        -0.0035392274148762226,
        -0.268588125705719,
        -0.36355042457580566,
        0.7245515584945679,
        -0.34490910172462463,
        0.2987111508846283,
        -0.17318293452262878,
        0.04825464263558388,
        -0.14892737567424774,
        0.3673512637615204,
        -0.49560829997062683,
        0.021632451564073563,
        -0.594818115234375,
        0.45084261894226074,
        0.20664970576763153,
        0.4692225158214569,
        0.18346092104911804,
        0.2984907031059265,
        0.13164947926998138,
        -0.8825148940086365,
        -0.023256346583366394,
        0.24177871644496918,
        0.08369213342666626,
        0.4166046679019928,
        0.649945855140686,
        0.2264227420091629,
        -0.4472552537918091,
        -0.8467673659324646,
        0.13141150772571564,
        0.531263530254364,
        -0.37519973516464233
      ]
    },
    {
      "class_id": 3,
      "class_name": "class_3",
      "model_confidence": 0.772053,
      "prediction_entropy": 0.883212,
      "prediction_sharpness": 0.69445,
      "reconstruction_variance": 0.078327,
      "cosine_similarity": 0.489531,
      "l2_distance": 1.91851,
      "loss_history": [
        2.67824,
        0.3064,
        0.30184,
        0.3018,
        0.30195
      ],
      "risk_level": "MEDIUM",
      "reconstructed_input": [
        -0.36082005500793457,
        0.3246960937976837,
        -0.6292661428451538,
        -0.23716239631175995,
        0.07926731556653976,
        0.26680225133895874,
        0.22596073150634766,
        -0.6549219489097595,
        -0.2640536427497864,
        -0.12019950896501541,
        0.18972161412239075,
        -0.3921925127506256,
        -0.11891141533851624,
        -0.07124654203653336,
        0.06621900200843811,
        -0.08958777785301208,
        -0.6151608228683472,
        0.1461258977651596,
        -0.34293290972709656,
        -0.05896397680044174,
        -0.288285493850708,
        -0.29410722851753235,
        -0.10674863308668137,
        0.3989517092704773,
        -0.14362972974777222,
        0.2919614911079407,
        -0.5130911469459534,
        0.37570106983184814,
        0.425281822681427,
        -0.5673025250434875,
        -0.37845394015312195,
        0.027766484767198563,
        -0.18713538348674774,
        0.006281847599893808,
        0.005516282748430967,
        -0.13283224403858185,
        -0.22460034489631653,
        0.3071592450141907,
        0.07279641926288605,
        -0.23565515875816345,
        0.15262357890605927,
        -0.3475366532802582,
        -0.286605566740036,
        0.11356707662343979,
        -0.3831128776073456,
        -0.12708988785743713,
        0.09605688601732254,
        -0.2746642529964447,
        -0.06564407050609589,
        0.21217988431453705
      ]
    },
    {
      "class_id": 4,
      "class_name": "class_4",
      "model_confidence": 0.813163,
      "prediction_entropy": 0.774952,
      "prediction_sharpness": 0.754234,
      "reconstruction_variance": 0.126987,