{
  "attack": "model_inversion",
  "mode": "mitigated (confidence masked)",
  "results": [
    {
      "class_id": 0,
      "class_name": "class_1",
      "model_confidence": 0.966219,
      "prediction_entropy": 0.201511,
      "prediction_sharpness": 0.957947,
      "reconstruction_variance": 0.00635,
      "cosine_similarity": 0.646383,
      "l2_distance": 1.675545,
      "loss_history": [
        8.90973,
        0.06823
      ],
      "risk_level": "HIGH",
      "reconstructed_input": [
        0.0954841822385788,
        0.1000460684299469,
        0.06495802104473114,
        -0.22112640738487244,
        -0.16682055592536926,
        0.12879467010498047,
        -0.006899558007717133,
        0.15260347723960876,
        -0.08174479007720947,
        0.02189600095152855,
        -0.05768657848238945,
        0.02760954760015011,
        -0.013512556441128254,
        0.028155654668807983,
        -0.03766443952918053,
        -0.020917711779475212,
        -0.018601497635245323,
        0.09148097038269043,
        -0.06506151705980301,
        -0.08093653619289398,
        -0.0497298464179039,
        -0.00201363954693079,
        0.03794090077280998,
        -0.025759926065802574,
        -0.07119044661521912,
        0.011581924743950367,
        -0.013635885901749134,
        -0.11014194786548615,
        -0.11441908776760101,
        0.07083620876073837,
        0.009052819572389126,
        -0.052788760513067245,
        0.09012514352798462,
        0.08995522558689117,
        -0.11591807752847672,
        0.030736586079001427,
        0.0640718936920166,
        -0.09889499098062515,
        0.0588858500123024,
        0.005974843632429838,
        -0.006981329061090946,
        0.05447472631931305,
        0.08126378059387207,
        -0.07520537078380585,
        -0.07039984315633774,
        0.13595816493034363,
        -0.058949850499629974,
        0.07251091301441193,
        -0.05572161078453064,
        0.05076124891638756
      ]
    },
    {
      "class_id": 1,
      "class_name": "class_2",
      "model_confidence": 0.805274,
      "prediction_entropy": 0.758412,
      "prediction_sharpness": 0.730207,
      "reconstruction_variance": 0.017795,
      "cosine_similarity": 0.432102,
      "l2_distance": 1.745033,
      "loss_history": [
        8.53614,
        0.30697
      ],
      "risk_level": "MEDIUM",
      "reconstructed_input": [
        0.24225106835365295,
        -0.1956152617931366,
        0.20875519514083862,
        0.007586618885397911,
        0.06567918509244919,
        -0.04155708849430084,
        -0.11328700929880142,
        -0.2990206778049469,
        -0.09664049744606018,
        -0.13568127155303955,
        -0.06058969348669052,
        -0.20754963159561157,
        0.048325687646865845,
        -0.010972035117447376,
        0.10853003710508347,
        -0.0014850301668047905,
        0.02807166427373886,
        -0.061144351959228516,
        0.08823695033788681,
        0.08182769268751144,
        -0.03380216658115387,
        0.3207418918609619,
        0.03901199623942375,
        0.034413907676935196,
        0.13295578956604004,
        0.2605445981025696,
        -0.01790342852473259,
        -0.012106402777135372,
        -0.007933473214507103,
        -0.021197687834501266,
        0.3253338634967804,
        0.039631929248571396,
        -0.0414145328104496,
        -0.019800173118710518,
        0.1839776337146759,
        0.210971862077713,
        0.15099778771400452,
        -0.1782805174589157,
        -0.033286698162555695,
        0.03135493025183678,
        0.15902630984783173,
        -0.045473091304302216,
        0.16036464273929596,
        -0.15682242810726166,
        -0.1292944848537445,
        0.11762726306915283,
        -0.028349770233035088,
        -0.042684171348810196,
        -0.06347666680812836,
        -0.002055829856544733
      ]
    },
    {
      "class_id": 2,
      "class_name": "class_3",
      "model_confidence": 0.916281,
      "prediction_entropy": 0.413314,
      "prediction_sharpness": 0.884551,
      "reconstruction_variance": 0.022629,
      "cosine_similarity": 0.461766,
      "l2_distance": 1.971597,
      "loss_history": [
        11.90127,
        0.2194
      ],
      "risk_level": "MEDIUM",
      "reconstructed_input": [
        0.2667574882507324,
        0.08964233100414276,
        0.15772897005081177,
        -0.2718699872493744,
        0.05392180755734444,
        -0.11657694727182388,
        0.03536829724907875,
        -0.24559690058231354,
        0.23994480073451996,
        -0.06001204624772072,
        0.23873761296272278,
        -0.07180880010128021,
        0.2501278519630432,
        0.007268284447491169,
        0.10278883576393127,
        -0.10842709988355637,
        0.10616141557693481,
        0.13142156600952148,
        0.06628281623125076,
        -0.20118072628974915,
        0.06309545040130615,
        0.21168452501296997,
        0.10870460420846939,
        -0.05553024262189865,
        -0.02731606364250183,
        0.36956512928009033,
        0.0036873086355626583,
        0.1025826707482338,
        -0.09130879491567612,
        0.016042212024331093,
        0.30414193868637085,
        -0.14930087327957153,
        -0.016080433502793312,
        -0.07408994436264038,
        -0.20503753423690796,
        0.06122294440865517,
        0.12364803999662399,
        -0.08889145404100418,
        -0.1322728395462036,
        0.013149366714060307,
        -0.1543177366256714,
        -0.22037141025066376,
        -0.032156072556972504,
        0.09876024723052979,
        -0.1093321293592453,
        0.15656468272209167,
        -0.1385246366262436,
        -0.12887506186962128,
        0.1500454843044281,
        0.06737273931503296
      ]
    },
    {
      "class_id": 3,
      "class_name": "class_4",
      "model_confidence": 0.797535,
      "prediction_entropy": 0.760396,
      "prediction_sharpness": 0.681581,
      "reconstruction_variance": 0.024817,
      "cosine_similarity": 0.300236,
      "l2_distance": 1.673333,
      "loss_history": [
        8.81011,
        0.35128
      ],
      "risk_level": "LOW",
      "reconstructed_input": [
        -0.41907230019569397,
        -0.07660651206970215,
        0.10558037459850311,
        -0.13815492391586304,
        0.045880984514951706,
        0.2169591635465622,
        -0.24508096277713776,
        0.031559426337480545,
        0.06270405650138855,
        -0.2364877164363861,
        0.01428495068103075,
        0.06672874093055725,
        -0.1414448767900467,
        -0.2113334685564041,
        -0.2786393463611603,
        0.030509017407894135,
        -0.1551388055086136,
        0.10762641578912735,
        -0.13469722867012024,
        -0.017999546602368355,
        -0.039592303335666656,
        -0.05817100778222084,
        0.14188651740550995,
        0.11783848702907562,
        0.04518337920308113,
        -0.14004379510879517,
        0.040878020226955414,
        0.07429026067256927,
        0.1025056466460228,
        0.02840396948158741,
        -0.06982983648777008,
        -0.05956313759088516,
        -0.018917515873908997,
        0.20213958621025085,
        -0.11492139101028442,
        0.028718484565615654,
        0.27803969383239746,
        -0.27201396226882935,
        -0.09236215800046921,
        -0.2172834277153015,
        -0.08039528876543045,
        -0.014911366626620293,
        0.03599173203110695,
        0.19574648141860962,
        -0.10837831348180771,
        0.11202410608530045,
        0.04713545739650726,
        0.024101438000798225,
        0.0008778119226917624,
        0.4932555854320526
      ]
    },
    {
      "class_id": 4,
      "class_name": "class_5",
      "model_confidence": 0.831465,
      "prediction_entropy": 0.665083,
      "prediction_sharpness": 0.743661,
      "reconstruction_variance": 0.014228,
      "cosine_similarity": 0.361944,
      "l2_distance": 1.588393,