{
  "attack": "model_inversion",
  "mode": "mitigated (confidence masked)",
  "results": [
    {
      "class_id": 0,
      "class_name": "class_0",
      "model_confidence": 0.78649,
      "prediction_entropy": 0.860972,
      "prediction_sharpness": 0.737635,
      "reconstruction_variance": 0.02341,
      "cosine_similarity": 0.350461,
      "l2_distance": 1.898071,
      "loss_history": [
        6.38214,
        0.35998,
        0.35693,
        0.35895,
        0.36186
      ],
      "risk_level": "MEDIUM",
      "reconstructed_input": [
        0.32737311720848083,
        0.37637653946876526,
        0.006917792838066816,
        -0.10681329667568207,
        -0.16505171358585358,
        0.00761076807975769,
        0.18999499082565308,
        -0.019018303602933884,
        -0.230783149600029,
        0.011727411299943924,
        -0.058253899216651917,
        0.16910549998283386,
        -0.22608426213264465,
        -0.2042105346918106,
        0.03904958814382553,
        -0.16317851841449738,
        -0.09960664808750153,
        0.047053005546331406,
        -0.39325568079948425,
        0.0840626209974289,
        -0.175336554646492,
        -0.11586697399616241,
        -0.11777136474847794,
        -0.007468830794095993,
        -0.09741522371768951,
        -0.1142248809337616,
        0.07920657098293304,
        -0.15108749270439148,
        0.21693913638591766,
        0.13326871395111084,
        0.06505898386240005,
        0.1256290078163147,
        -0.08274032920598984,
        -0.05136903375387192,
        0.14992129802703857,
        0.0672106221318245,
        -0.00013198459055274725,
        0.09636744111776352,
        0.35143253207206726,
        -0.08643641322851181,
        -0.004419103730469942,
        -0.05038359761238098,
        -0.11923903226852417,
        -0.0668468326330185,
        0.14964643120765686,
        -0.07174716144800186,
        -0.16615906357765198,
        -0.10237237066030502,
        0.07314743101596832,
        0.07729579508304596
      ]
    },
    {
      "class_id": 1,
      "class_name": "class_1",
      "model_confidence": 0.729349,
      "prediction_entropy": 0.989743,
      "prediction_sharpness": 0.655544,
      "reconstruction_variance": 0.029273,
      "cosine_similarity": 0.181105,
      "l2_distance": 2.087422,
      "loss_history": [
        4.75708,
        0.4597,
        0.4596,
        0.45873,
        0.4583
      ],
      "risk_level": "LOW",
      "reconstructed_input": [
        0.3805752098560333,
        -0.018701951950788498,
        -0.05849660933017731,
        0.09944158047437668,
        0.23673929274082184,
        -0.051636550575494766,
        0.00400009099394083,
        -0.1550963968038559,
        -0.24119411408901215,
        0.03655688092112541,
        -0.10261857509613037,
        0.20689868927001953,
        -0.2166590541601181,
        0.08065496385097504,
        0.1187005564570427,
        0.18761080503463745,
        0.05505983158946037,
        0.21217115223407745,
        -0.2226686328649521,
        -0.14175285398960114,
        -0.07266619056463242,
        -0.020772425457835197,
        -0.2642289996147156,
        -0.17406462132930756,
        -0.24224470555782318,
        -0.1881571114063263,
        0.008518822491168976,
        -0.16095983982086182,
        -0.05078549683094025,
        -0.007832031697034836,
        0.10328447073698044,
        -0.15825818479061127,
        -0.14594633877277374,
        -0.37231454253196716,
        0.0644751489162445,
        -0.03524506092071533,
        0.053958710283041,
        -0.08065426349639893,
        0.23083652555942535,
        0.10733793675899506,
        -0.27365124225616455,
        0.014468137174844742,
        0.12686307728290558,
        0.32390591502189636,
        0.23720897734165192,
        -0.13793350756168365,
        -0.25327828526496887,
        -0.1762763261795044,
        0.1916394978761673,
        -0.009494084864854813
      ]
    },
    {
      "class_id": 2,
      "class_name": "class_2",
      "model_confidence": 0.698819,
      "prediction_entropy": 1.077837,
      "prediction_sharpness": 0.610949,
      "reconstruction_variance": 0.025387,
      "cosine_similarity": 0.288746,
      "l2_distance": 2.183958,
      "loss_history": [
        8.17654,
        0.48728,
        0.48896,
        0.48905,
        0.48936
      ],
      "risk_level": "LOW",
      "reconstructed_input": [
        0.043896086513996124,
        0.2848365902900696,
        0.17578735947608948,
        0.0026748506352305412,
        0.29051879048347473,
        -0.08151914179325104,
        0.16816580295562744,
        -0.14214886724948883,
        -0.041082292795181274,
        -0.06467889249324799,
        0.19004124402999878,
        0.14055703580379486,
        -0.07246360927820206,
        -0.1289198398590088,
        0.3876802325248718,
        0.10482445359230042,
        0.11331144720315933,
        0.08888804167509079,
        0.01660924404859543,
        -0.003949524834752083,
        -0.3216390907764435,
        -0.03805024176836014,
        -0.11134658753871918,
        -0.05024893209338188,
        -0.27223455905914307,
        -0.08150195330381393,
        -0.10079068690538406,
        0.06752669811248779,
        0.23343758285045624,
        0.19326996803283691,
        0.13892625272274017,
        -0.08862151205539703,
        -0.2024431973695755,
        0.08733580261468887,
        0.04897233843803406,
        -0.022521112114191055,
        -0.01750827580690384,
        -0.11991176754236221,
        0.2752828598022461,
        -0.013642864301800728,
        0.07269584387540817,
        -0.15167026221752167,
        0.08542219549417496,
        -0.28504201769828796,
        0.141248419880867,
        0.28002986311912537,
        -0.14221979677677155,
        0.0915473997592926,
        0.014161186292767525,
        -0.21923139691352844
      ]
    },
    {
      "class_id": 3,
      "class_name": "class_3",
      "model_confidence": 0.722823,
      "prediction_entropy": 1.022781,
      "prediction_sharpness": 0.641086,
      "reconstruction_variance": 0.021154,
      "cosine_similarity": 0.326068,
      "l2_distance": 1.618184,
      "loss_history": [
        8.82196,
        0.43198,
        0.43132,
        0.43187,
        0.43299
      ],
      "risk_level": "LOW",
      "reconstructed_input": [
        0.05531570687890053,
        0.20910309255123138,
        -0.06506016105413437,
        -0.031779028475284576,
        0.21645763516426086,
        0.22914643585681915,
        0.12597955763339996,
        0.019424879923462868,
        -0.014952064491808414,
        -0.022976113483309746,
        -0.06782231479883194,
        0.2515520751476288,
        -0.08063093572854996,
        0.11408364027738571,
        -0.052110884338617325,
        0.006540562957525253,
        -0.05375019460916519,
        0.05756191909313202,
        -0.3009335994720459,
        0.2539660334587097,
        -0.25098347663879395,
        -0.28261786699295044,
        -0.23237338662147522,
        0.023727254942059517,
        0.09691554307937622,
        0.05360991880297661,
        -0.07194382697343826,
        0.07815064489841461,
        0.13863517343997955,
        -0.16856734454631805,
        -0.2138383835554123,
        -0.18269328773021698,
        -0.17036005854606628,
        0.12971344590187073,
        0.11713825911283493,
        -0.050046004354953766,
        -0.054412592202425,
        0.21850815415382385,
        0.21680377423763275,
        0.018642783164978027,
        0.02864214964210987,
        0.042830828577280045,
        -0.06288459897041321,
        0.24012741446495056,
        0.21868085861206055,
        0.019674239680171013,
        0.12525597214698792,
        -0.059404805302619934,
        0.08827325701713562,
        0.10441997647285461
      ]
    },
    {
      "class_id": 4,
      "class_name": "class_4",
      "model_confidence": 0.741281,