{
  "attack": "model_inversion",
  "mode": "mitigated (confidence masked)",
  "results": [
    {
      "class_id": 0,
      "class_name": "WALKING",
      "model_confidence": 0.908571,
      "cosine_similarity": 0.928978,
      "l2_distance": 0.999399,
      "loss_history": [
        12.62357,
        0.23512,
        0.23158,
        0.23158,
        0.23157
      ],
      "risk_level": "HIGH",
      "reconstructed_input": [
        0.4771876633167267,
        0.04605618864297867,
        0.08208028227090836,
        -0.35043615102767944,
        -0.422530859708786,
        0.33484721183776855,
        -0.16082118451595306,
        0.24857600033283234,
        -0.37980708479881287,
        0.2012886255979538,
        -0.1400647908449173,
        0.051876384764909744,
        -0.11133625358343124,
        -0.008111265487968922,
        -0.00011390564031898975,
        0.05969648063182831,
        -0.0747743770480156,
        0.10325004905462265,
        -0.07887494564056396,
        0.03677107393741608,
        0.00840760488063097,
        0.03579980134963989,
        0.09598850458860397,
        0.05481782555580139,
        -0.21027091145515442,
        -0.14611411094665527,
        -0.18873271346092224,
        -0.13978244364261627,
        -0.20576393604278564,
        0.15829551219940186,
        -0.06230182200670242,
        0.19701047241687775,
        0.1757236123085022,
        0.12711314857006073,
        -0.06548316776752472,
        0.04904317110776901,
        0.015006065368652344,
        -0.013051088899374008,
        0.002033018972724676,
        0.15645457804203033,
        0.0028946867678314447,
        -0.05175156518816948,
        0.06862656772136688,
        0.10371976345777512,
        -0.09380515664815903,
        0.013138772919774055,
        0.10958155989646912,
        -0.0936080813407898,
        -0.010972671210765839,
        0.03702430799603462
      ]
    },
    {
      "class_id": 1,
      "class_name": "WALKING_UPSTAIRS",
      "model_confidence": 0.791804,
      "cosine_similarity": 0.897301,
      "l2_distance": 0.913141,
      "loss_history": [
        7.34794,
        0.43099,
        0.43045,
        0.43057,
        0.43079
      ],
      "risk_level": "HIGH",
      "reconstructed_input": [
        0.6916009187698364,
        -0.6351689100265503,
        -0.08892444521188736,
        0.35227787494659424,
        -0.03494097292423248,
        -0.39438581466674805,
        -0.22315764427185059,
        -0.3315490484237671,
        -0.15794439613819122,
        0.0913504958152771,
        0.18045365810394287,
        -0.03606452792882919,
        -0.1858309507369995,
        0.07586896419525146,
        -0.16776053607463837,
        -0.03465140610933304,
        -0.1960175335407257,
        0.04839058965444565,
        0.014314546249806881,
        0.3167063593864441,
        -0.0005250670947134495,
        -0.10337211191654205,
        -0.23760586977005005,
        0.027016544714570045,
        -0.013338913209736347,
        0.010566812008619308,
        0.09491868317127228,
        0.013686350546777248,
        0.17497360706329346,
        0.04322953522205353,
        -0.10284579545259476,
        -0.084642194211483,
        -0.17090758681297302,
        0.049647022038698196,
        -0.028117865324020386,
        -0.040994320064783096,
        0.09151385724544525,
        -0.022423358634114265,
        -0.010401309467852116,
        0.0043815444223582745,
        0.24039563536643982,
        -0.13209794461727142,
        0.23965325951576233,
        0.1243915930390358,
        -0.05963260680437088,
        0.03491959720849991,
        0.08439802378416061,
        0.08336463570594788,
        0.15713128447532654,
        0.02617395669221878
      ]
    },
    {
      "class_id": 2,
      "class_name": "WALKING_DOWNSTAIRS",
      "model_confidence": 0.866622,
      "cosine_similarity": 0.897034,
      "l2_distance": 1.150425,
      "loss_history": [
        7.59678,
        0.33892,
        0.33755,
        0.33755,
        0.33756
      ],
      "risk_level": "HIGH",
      "reconstructed_input": [
        0.6927997469902039,
        0.2886272072792053,
        0.17227110266685486,
        -0.1740073561668396,
        0.47969749569892883,
        -0.08363015204668045,
        0.29276421666145325,
        0.06861434876918793,
        0.5355042219161987,
        -0.026309775188565254,
        0.19089321792125702,
        -0.11590437591075897,
        0.27027106285095215,
        -0.040680643171072006,
        0.12812775373458862,
        0.1178014725446701,
        0.25730565190315247,
        -0.0061697205528616905,
        0.026920493692159653,
        -0.10293173789978027,
        -0.047895558178424835,
        0.1898157298564911,
        0.17994511127471924,
        -0.23911890387535095,
        0.13955846428871155,
        -0.20513516664505005,
        -0.08377580344676971,
        0.03509385883808136,
        -0.09687817841768265,
        0.14212006330490112,
        -0.003259324701502919,
        -0.1657431423664093,
        -0.03601345792412758,
        0.036717936396598816,
        -0.0030115381814539433,
        0.04880226030945778,
        -0.2009311318397522,
        0.06501554697751999,
        0.027216775342822075,
        -0.16256161034107208,
        -0.15388783812522888,
        -0.06392578780651093,
        0.08496850728988647,
        0.03480091691017151,
        -0.03942440077662468,
        -0.010122747160494328,
        -0.02729009836912155,
        0.1230192482471466,
        -0.28619498014450073,
        -0.07852432876825333
      ]
    },
    {
      "class_id": 3,
      "class_name": "SITTING",
      "model_confidence": 0.810582,
      "cosine_similarity": 0.83766,
      "l2_distance": 0.889509,
      "loss_history": [
        8.99069,
        0.38181,
        0.37977,
        0.37979,
        0.37978
      ],
      "risk_level": "HIGH",
      "reconstructed_input": [
        -0.6932364106178284,
        0.12622100114822388,
        -0.10351787507534027,
        0.13332374393939972,
        0.19852635264396667,
        0.4586358666419983,
        -0.05695153772830963,
        -0.5268278121948242,
        -0.0866013839840889,
        0.06006870046257973,
        0.01651378720998764,
        -0.042915262281894684,
        -0.19835972785949707,
        0.10986747592687607,
        -0.12882599234580994,
        0.08431307226419449,
        -0.07419782131910324,
        -0.015673719346523285,
        -0.05971381068229675,
        0.024501807987689972,
        0.04248868674039841,
        -0.37330901622772217,
        -0.16025812923908234,
        0.17313241958618164,
        -0.06907357275485992,
        0.05675048381090164,
        -0.0039994544349610806,
        0.07519305497407913,
        0.15532243251800537,
        -0.02999545820057392,
        -0.18921275436878204,
        -0.21799738705158234,
        -0.025132443755865097,
        0.0685923621058464,
        0.02130577526986599,
        -0.20765376091003418,
        0.16735026240348816,
        0.09166012704372406,
        0.1330336481332779,
        0.09057267010211945,
        0.09187573194503784,
        -0.1281183958053589,
        0.15215367078781128,
        0.060795001685619354,
        -0.2019311785697937,
        -0.011840065941214561,
        0.02592422068119049,
        -0.037410467863082886,
        0.11095944046974182,
        -0.0815427154302597
      ]
    },
    {
      "class_id": 4,
      "class_name": "STANDING",
      "model_confidence": 0.877686,
      "cosine_similarity": 0.882191,
      "l2_distance": 0.842051,
      "loss_history": [
        7.83223,
        0.27518,
        0.27436,
        0.27435,
        0.27438
      ],
      "risk_level": "HIGH",