{
  "attack": "model_inversion",
  "mode": "unmitigated",
  "results": [
    {
      "class_id": 0,
      "class_name": "class_1",
      "model_confidence": 0.904581,
      "prediction_entropy": 0.458759,
      "prediction_sharpness": 0.870669,
      "reconstruction_variance": 0.058025,
      "cosine_similarity": 0.503496,
      "l2_distance": 1.854079,
      "loss_history": [
        1.08496,
        0.12972
      ],
      "risk_level": "MEDIUM",
      "reconstructed_input": [
        0.18938249349594116,
        0.3078190088272095,
        -0.01924479566514492,
        -0.4783788323402405,
        -0.37582528591156006,
        0.281255841255188,
        -0.15160249173641205,
        0.20771770179271698,
        -0.3828916847705841,
        0.028288569301366806,
        -0.2838047444820404,
        0.21848617494106293,
        0.009627031162381172,
        -0.31244567036628723,
        -0.1814153790473938,
        0.24984414875507355,
        -0.09272103756666183,
        0.1064627468585968,
        0.10827279090881348,
        -0.092319056391716,
        0.01752409338951111,
        0.1268341988325119,
        -0.3133990168571472,
        0.31342047452926636,
        -0.07540609687566757,
        -0.05559665337204933,
        -0.0179227814078331,
        -0.06260035187005997,
        0.0434824675321579,
        -0.23537757992744446,
        -0.4753534495830536,
        0.49658459424972534,
        0.29423752427101135,
        -0.079180508852005,
        -0.09980009496212006,
        -0.11745014041662216,
        0.0034428273793309927,
        -0.006214440800249577,
        0.017908740788698196,
        0.03893877565860748,
        -0.15746159851551056,
        -0.26532337069511414,
        0.2288670390844345,
        0.1795922964811325,
        0.2320786863565445,
        0.19575601816177368,
        -0.02296709455549717,
        0.6430633068084717,
        0.43956276774406433,
        0.035450585186481476
      ]
    },
    {
      "class_id": 1,
      "class_name": "class_2",
      "model_confidence": 0.767957,
      "prediction_entropy": 0.913814,
      "prediction_sharpness": 0.71573,
      "reconstruction_variance": 0.134909,
      "cosine_similarity": 0.195311,
      "l2_distance": 2.935297,
      "loss_history": [
        3.21612,
        0.35663
      ],
      "risk_level": "LOW",
      "reconstructed_input": [
        -0.03683098033070564,
        -0.15812355279922485,
        -0.4936341941356659,
        -0.19968639314174652,
        -0.06935276091098785,
        -1.049545168876648,
        -0.15589085221290588,
        0.804704487323761,
        -0.14716537296772003,
        0.08523973822593689,
        0.14538830518722534,
        -0.19232138991355896,
        0.03224082663655281,
        -0.033573050051927567,
        -0.2689497470855713,
        -0.07802518457174301,
        -0.4653931260108948,
        0.04488499090075493,
        0.10307792574167252,
        0.5736739039421082,
        -0.20712420344352722,
        0.49849528074264526,
        -0.9095348119735718,
        0.06603460013866425,
        -0.4583660364151001,
        0.2699589431285858,
        -0.3949070870876312,
        0.34002965688705444,
        0.046096231788396835,
        -0.13794006407260895,
        0.5766476392745972,
        -0.3288343548774719,
        0.640069305896759,
        -0.5009979605674744,
        0.2652844786643982,
        -0.06306181848049164,
        0.10991191118955612,
        -0.20552250742912292,
        0.36411648988723755,
        -0.5299966335296631,
        -0.0756937563419342,
        -0.14706890285015106,
        0.20506033301353455,
        0.3720649182796478,
        0.022781668230891228,
        -0.26940345764160156,
        0.3963300585746765,
        -0.2801003158092499,
        -0.4180471897125244,
        -0.13243204355239868
      ]
    },
    {
      "class_id": 2,
      "class_name": "class_3",
      "model_confidence": 0.860303,
      "prediction_entropy": 0.621971,
      "prediction_sharpness": 0.814424,
      "reconstruction_variance": 0.107378,
      "cosine_similarity": 0.244837,
      "l2_distance": 2.832094,
      "loss_history": [
        3.51198,
        0.25523
      ],
      "risk_level": "LOW",
      "reconstructed_input": [
        0.6415777802467346,
        -0.20493386685848236,
        -0.09993773698806763,
        0.06833265721797943,
        -0.18689456582069397,
        -0.5087215304374695,
        -0.0020561288110911846,
        -0.2592497169971466,
        0.19510725140571594,
        -0.15916471183300018,
        0.5949637293815613,
        0.20755219459533691,
        -0.041054002940654755,
        -0.2912680506706238,
        0.13992659747600555,
        -0.13113269209861755,
        -0.4876963794231415,
        -0.34936973452568054,
        -0.327686071395874,
        -0.01319852750748396,
        -0.8109890222549438,
        0.2696823477745056,
        0.19412320852279663,
        0.07526826858520508,
        0.018906276673078537,
        -0.14418408274650574,
        -0.3846726417541504,
        0.20013713836669922,
        0.337273508310318,
        -0.41091400384902954,
        0.625424861907959,
        -0.016710564494132996,
        -0.1798030585050583,
        -0.7986679077148438,
        -0.19233615696430206,
        -0.6172980666160583,
        0.18591533601284027,
        0.03852471709251404,
        0.024649828672409058,
        -0.2869819104671478,
        -0.4519558548927307,
        0.005627981387078762,
        -0.04765717312693596,
        -0.3315272033214569,
        -0.23094956576824188,
        -0.32406121492385864,
        0.1657545268535614,
        0.5497881174087524,
        0.15840695798397064,
        -0.3169686198234558
      ]
    },
    {
      "class_id": 3,
      "class_name": "class_4",
      "model_confidence": 0.89856,
      "prediction_entropy": 0.489637,
      "prediction_sharpness": 0.874915,
      "reconstruction_variance": 0.091092,
      "cosine_similarity": 0.262846,
      "l2_distance": 2.323612,
      "loss_history": [
        1.49198,
        0.16964
      ],
      "risk_level": "LOW",
      "reconstructed_input": [
        -0.19992709159851074,
        -0.33209770917892456,
        -0.26274290680885315,
        0.03188398480415344,
        0.4100278317928314,
        0.4315558075904846,
        0.22049610316753387,
        0.08150732517242432,
        0.22070923447608948,
        -0.4843360483646393,
        0.1830003559589386,
        0.3206549882888794,
        -0.28051167726516724,
        -0.49599409103393555,
        -0.33079150319099426,
        -0.47350552678108215,
        0.2002735286951065,
        -0.7518894672393799,
        0.05043689161539078,
        -0.028189117088913918,
        0.07342033088207245,
        -0.49677544832229614,
        0.2802544832229614,
        -0.4038069546222687,
        0.3426041603088379,
        -0.3460581302642822,
        -0.46474453806877136,
        -0.015686973929405212,
        -0.15386676788330078,
        0.050575412809848785,
        -0.14010821282863617,
        0.2633672058582306,
        0.4198789596557617,
        0.36850297451019287,
        -0.39972877502441406,
        -0.16771617531776428,
        -0.20863521099090576,
        0.26640626788139343,
        0.12293433398008347,
        0.3772645890712738,
        0.2916037440299988,
        0.2637841999530792,
        0.33643361926078796,
        0.079104483127594,
        -0.2327238768339157,
        -0.19741354882717133,
        0.05519433692097664,
        0.0902281105518341,
        -0.01945527084171772,
        -0.24189011752605438
      ]
    },
    {
      "class_id": 4,
      "class_name": "class_5",
      "model_confidence": 0.866327,
      "prediction_entropy": 0.593312,
      "prediction_sharpness": 0.815558,
      "reconstruction_variance": 0.114679,
      "cosine_similarity": 0.098244,
      "l2_distance": 2.842241,
      "loss_history": [
        3.12876,
        0.21303
      ],
      "risk_level": "LOW",