{
  "attack": "model_inversion",
  "mode": "defended (noise=3.0, temp=15.0)",
  "results": [
    {
      "class_id": 0,
      "class_name": "class_1",
      "model_confidence": 0.226958,
      "prediction_entropy": 1.768519,
      "prediction_sharpness": 0.027813,
      "reconstruction_variance": 0.03289,
      "cosine_similarity": 0.406586,
      "l2_distance": 1.874371,
      "loss_history": [
        1.52132,
        1.58686
      ],
      "risk_level": "MEDIUM",
      "reconstructed_input": [
        -0.12054695188999176,
        0.17419041693210602,
        0.07115254551172256,
        -0.31284403800964355,
        -0.4530632793903351,
        0.26892322301864624,
        -0.0754973292350769,
        0.3043785095214844,
        -0.04556119441986084,
        -0.03305266797542572,
        0.0735965222120285,
        0.12314010411500931,
        0.08238441497087479,
        -0.06264495104551315,
        -0.1262606978416443,
        0.08475466072559357,
        0.03338873013854027,
        0.0645492747426033,
        -0.41604408621788025,
        0.029358141124248505,
        0.008939910680055618,
        0.08137325942516327,
        0.0370815172791481,
        -0.06747464835643768,
        -0.05045730620622635,
        0.041622258722782135,
        0.044361554086208344,
        -0.19107680022716522,
        -0.13148128986358643,
        0.017106233164668083,
        0.2056371420621872,
        -0.04705850034952164,
        0.32387229800224304,
        0.33050015568733215,
        -0.3170558214187622,
        0.11186353117227554,
        0.10887014120817184,
        -0.24977640807628632,
        0.08195523917675018,
        0.033218640834093094,
        0.07716607302427292,
        0.19804978370666504,
        0.2300575077533722,
        -0.22688236832618713,
        -0.14374691247940063,
        0.3313915431499481,
        -0.18722209334373474,
        0.15873821079730988,
        -0.0753108412027359,
        0.12988519668579102
      ]
    },
    {
      "class_id": 1,
      "class_name": "class_2",
      "model_confidence": 0.192289,
      "prediction_entropy": 1.778538,
      "prediction_sharpness": 0.001048,
      "reconstruction_variance": 0.052267,
      "cosine_similarity": 0.340783,
      "l2_distance": 2.05258,
      "loss_history": [
        2.05771,
        1.88105
      ],
      "risk_level": "LOW",
      "reconstructed_input": [
        0.5360329747200012,
        -0.3522954285144806,
        0.39363014698028564,
        0.0448216050863266,
        0.21158280968666077,
        0.027262277901172638,
        -0.017903029918670654,
        -0.2592870593070984,
        -0.13292737305164337,
        -0.48859328031539917,
        -0.04967128485441208,
        -0.2867070734500885,
        0.05205164849758148,
        -0.1863698661327362,
        0.11120162159204483,
        -0.10707361251115799,
        -0.15339447557926178,
        -0.09484528750181198,
        0.023220403119921684,
        0.045330580323934555,
        0.28276118636131287,
        0.41618576645851135,
        -0.14802366495132446,
        0.09092285484075546,
        0.05172319337725639,
        0.4493745267391205,
        -0.08271421492099762,
        0.14881367981433868,
        -0.23827888071537018,
        -0.3776322305202484,
        0.38897472620010376,
        0.09647659212350845,
        0.13862979412078857,
        -0.2128547579050064,
        0.45975083112716675,
        0.16563661396503448,
        0.15723693370819092,
        -0.21285855770111084,
        0.24629558622837067,
        -0.05528600141406059,
        -0.043084464967250824,
        0.021325834095478058,
        -0.16821357607841492,
        -0.01310662180185318,
        -0.13625143468379974,
        -0.08335193991661072,
        -0.07174907624721527,
        -0.3105447590351105,
        -0.11307893693447113,
        -0.0991341844201088
      ]
    },
    {
      "class_id": 2,
      "class_name": "class_3",
      "model_confidence": 0.192194,
      "prediction_entropy": 1.781582,
      "prediction_sharpness": 0.002725,
      "reconstruction_variance": 0.047627,
      "cosine_similarity": 0.322154,
      "l2_distance": 2.260606,
      "loss_history": [
        2.32201,
        1.68767
      ],
      "risk_level": "LOW",
      "reconstructed_input": [
        0.22247718274593353,
        -0.014598795212805271,
        0.1827932894229889,
        -0.45480772852897644,
        0.05792969465255737,
        -0.2097328007221222,
        -0.05807651951909065,
        -0.3474724590778351,
        0.3341315984725952,
        -0.24802851676940918,
        0.1541188657283783,
        -0.2476249784231186,
        0.10319709032773972,
        -0.02027050033211708,
        0.05442523583769798,
        -0.0795610100030899,
        0.0364316888153553,
        0.31670841574668884,
        0.020704951137304306,
        -0.3183523118495941,
        -0.06733133643865585,
        0.21384108066558838,
        0.10406558215618134,
        0.08764515817165375,
        0.054512567818164825,
        0.501345157623291,
        0.01076976116746664,
        0.23057131469249725,
        -0.18587437272071838,
        0.08490237593650818,
        0.4419883191585541,
        -0.3243104815483093,
        0.19138269126415253,
        -0.23669689893722534,
        -0.09168647974729538,
        -0.0805094987154007,
        0.1890432983636856,
        -0.00792989507317543,
        -0.11573219299316406,
        -0.03775765001773834,
        -0.12794417142868042,
        -0.32076123356819153,
        0.13937875628471375,
        0.30940407514572144,
        -0.44178062677383423,
        0.13334208726882935,
        -0.17004653811454773,
        -0.14544934034347534,
        0.16020147502422333,
        0.19658179581165314
      ]
    },
    {
      "class_id": 3,
      "class_name": "class_4",
      "model_confidence": 0.222789,
      "prediction_entropy": 1.779688,
      "prediction_sharpness": 0.05787,
      "reconstruction_variance": 0.041124,
      "cosine_similarity": 0.375339,
      "l2_distance": 1.717666,
      "loss_history": [
        2.41485,
        1.59953
      ],
      "risk_level": "MEDIUM",
      "reconstructed_input": [
        -0.7952514886856079,
        -0.0537920705974102,
        -0.10221444815397263,
        -0.089393749833107,
        -0.11795870214700699,
        0.15530359745025635,
        -0.1046590581536293,
        -0.06478738784790039,
        -0.18109992146492004,
        -0.0070122540928423405,
        0.030079374089837074,
        -0.14757834374904633,
        -0.12145683169364929,
        0.018067093566060066,
        -0.09728629142045975,
        0.31760576367378235,
        -0.135114848613739,
        0.06728699058294296,
        -0.16869960725307465,
        -0.21937349438667297,
        0.18664485216140747,
        0.009838387370109558,
        0.21349972486495972,
        -0.12592363357543945,
        0.07967419177293777,
        -0.05973239615559578,
        0.08446870744228363,
        0.03967619687318802,
        0.06950642168521881,
        0.14295318722724915,
        -0.1327972710132599,
        -0.01573936827480793,
        0.15548601746559143,
        0.1668090522289276,
        -0.11017673462629318,
        -0.031999796628952026,
        0.4156828224658966,
        -0.2646113336086273,
        0.18064524233341217,
        -0.31006109714508057,
        0.043725211173295975,
        -0.08982851356267929,
        0.36431246995925903,
        -0.03534843400120735,
        -0.23538702726364136,
        -0.06409939378499985,
        0.1244170218706131,
        0.12379562854766846,
        -0.0747666284441948,
        0.48862573504447937
      ]
    },
    {
      "class_id": 4,
      "class_name": "class_5",
      "model_confidence": 0.210731,
      "prediction_entropy": 1.781791,
      "prediction_sharpness": 0.035731,
      "reconstruction_variance": 0.0323,
      "cosine_similarity": 0.483713,
      "l2_distance": 1.548963,
      "loss_history": [
        2.21439,
        1.76839
      ],