{
  "attack": "model_inversion",
  "mode": "unmitigated",
  "results": [
    {
      "class_id": 0,
      "class_name": "class_1",
      "model_confidence": 0.924056,
      "cosine_similarity": 0.83,
      "l2_distance": 2.360008,
      "loss_history": [
        2.97294,
        0.24552,
        0.22184,
        0.21856,
        0.21819
      ],
      "risk_level": "HIGH",
      "reconstructed_input": [
        1.400371789932251,
        -0.2107461839914322,
        -0.465272456407547,
        -1.1236129999160767,
        -1.5797003507614136,
        0.38222789764404297,
        -0.22109344601631165,
        1.1566537618637085,
        -1.3696036338806152,
        0.4399945139884949,
        -0.9443849325180054,
        0.10290330648422241,
        -0.056935738772153854,
        -0.07336004078388214,
        0.10140549391508102,
        0.5267735123634338,
        -0.4995703101158142,
        0.04314365237951279,
        0.24048462510108948,
        -0.27212730050086975,
        0.5837446451187134,
        0.2524382770061493,
        -0.3154897093772888,
        -0.15645016729831696,
        -0.2713528275489807,
        -0.649777889251709,
        -0.20156975090503693,
        -0.017425786703824997,
        -0.5292949676513672,
        0.1493970900774002,
        0.380863219499588,
        0.21356341242790222,
        0.39027833938598633,
        0.13672052323818207,
        -0.32702165842056274,
        -0.06713289767503738,
        -0.48711246252059937,
        0.03545990586280823,
        0.2072240710258484,
        0.12647764384746552,
        0.07334409654140472,
        0.04330988600850105,
        0.525897741317749,
        0.016107961535453796,
        -0.15263184905052185,
        -0.20660746097564697,
        0.2889463007450104,
        -0.23734617233276367,
        0.071616031229496,
        0.35114654898643494
      ]
    },
    {
      "class_id": 1,
      "class_name": "class_2",
      "model_confidence": 0.904361,
      "cosine_similarity": 0.888313,
      "l2_distance": 2.610123,
      "loss_history": [
        0.89417,
        0.27438,
        0.27435,
        0.27433,
        0.27438
      ],
      "risk_level": "HIGH",
      "reconstructed_input": [
        1.3172718286514282,
        -2.134315252304077,
        -0.009028555825352669,
        0.749048113822937,
        -0.3830476403236389,
        -1.6370370388031006,
        -0.30674272775650024,
        -0.9367770552635193,
        -0.725589394569397,
        0.18546387553215027,
        0.31469959020614624,
        -0.17559799551963806,
        -0.7383793592453003,
        -0.3852749466896057,
        -0.7285917401313782,
        -0.11235605180263519,
        -0.1218726709485054,
        0.16601581871509552,
        0.44673657417297363,
        0.08609136193990707,
        -0.24138160049915314,
        -0.4040657579898834,
        -0.9949055314064026,
        0.42800602316856384,
        0.0409528985619545,
        0.23721006512641907,
        0.6645206212997437,
        -0.03972573205828667,
        0.5842164158821106,
        0.21932338178157806,
        0.2308959662914276,
        -0.5202402472496033,
        -0.5224335789680481,
        -0.04393507540225983,
        0.007815532386302948,
        -0.18906642496585846,
        -0.045393578708171844,
        -0.7038078308105469,
        0.04110071063041687,
        -0.35505324602127075,
        0.27895388007164,
        0.029287485405802727,
        0.6234937906265259,
        -0.15576660633087158,
        0.32702112197875977,
        0.4845345914363861,
        -0.18988674879074097,
        -0.0807727500796318,
        0.28332284092903137,
        0.24290144443511963
      ]
    },
    {
      "class_id": 2,
      "class_name": "class_3",
      "model_confidence": 0.806831,
      "cosine_similarity": 0.787375,
      "l2_distance": 3.662013,
      "loss_history": [
        5.01201,
        0.58023,
        0.4889,
        0.4798,
        0.47943
      ],
      "risk_level": "HIGH",
      "reconstructed_input": [
        2.557706594467163,
        1.147387146949768,
        -0.08598051220178604,
        -0.23265066742897034,
        1.8186269998550415,
        -0.264859676361084,
        1.0106765031814575,
        -0.3607833683490753,
        0.6206418871879578,
        -0.37040331959724426,
        0.6599345803260803,
        -0.34077948331832886,
        0.4473361372947693,
        -1.610480546951294,
        0.24741022288799286,
        0.03311208635568619,
        1.001009225845337,
        -0.32203543186187744,
        0.6514862179756165,
        -0.4917697310447693,
        -0.26685503125190735,
        -0.73943030834198,
        0.9855329394340515,
        -0.21981458365917206,
        0.16115422546863556,
        -0.3353286683559418,
        0.7959235906600952,
        -0.16521523892879486,
        -0.6632891297340393,
        0.104411780834198,
        0.6636455655097961,
        -1.1632885932922363,
        -0.5536748766899109,
        -0.5079085230827332,
        0.030481113120913506,
        0.05727792903780937,
        0.1148582398891449,
        -0.03257310763001442,
        -0.18246525526046753,
        -0.537300169467926,
        -0.6012102961540222,
        0.3075896203517914,
        -0.33373773097991943,
        -0.3003925085067749,
        0.3585250675678253,
        -0.7023654580116272,
        -0.6807829737663269,
        0.3776678144931793,
        -0.6619729399681091,
        0.6466485261917114
      ]
    },
    {
      "class_id": 3,
      "class_name": "class_4",
      "model_confidence": 0.867207,
      "cosine_similarity": 0.778229,
      "l2_distance": 3.176484,
      "loss_history": [
        4.07425,
        0.3531,
        0.32952,
        0.32718,
        0.32603
      ],
      "risk_level": "HIGH",
      "reconstructed_input": [
        -1.2557437419891357,
        0.05645036697387695,
        -1.0007721185684204,
        0.9694957137107849,
        1.4775525331497192,
        0.6493163704872131,
        -0.07066165655851364,
        -1.3799623250961304,
        0.1844327449798584,
        -0.23627181351184845,
        0.5371124744415283,
        -0.6355949640274048,
        -0.0952521488070488,
        -0.12045816332101822,
        -0.4128953814506531,
        -0.48687732219696045,
        0.5685557723045349,
        -0.16616550087928772,
        0.5602831244468689,
        0.34473031759262085,
        0.13268493115901947,
        -1.2052737474441528,
        -0.973963737487793,
        0.38567543029785156,
        0.12788641452789307,
        0.5729756951332092,
        0.3199792206287384,
        0.9703657627105713,
        0.6097016334533691,
        -0.4914785325527191,
        -0.3021201491355896,
        -0.8767755627632141,
        -0.35071632266044617,
        0.16978999972343445,
        -0.0703461766242981,
        -0.23328852653503418,
        0.7096866369247437,
        -0.16908156871795654,
        0.8455024361610413,
        -0.24544267356395721,
        0.36248505115509033,
        0.12347085773944855,
        0.4072359502315521,
        0.41700178384780884,
        -0.3290017545223236,
        0.5896701812744141,
        -0.07561179995536804,
        -0.5676592588424683,
        -0.07321903854608536,
        -0.0036690549459308386
      ]
    },
    {
      "class_id": 4,
      "class_name": "class_5",
      "model_confidence": 0.932273,
      "cosine_similarity": 0.837453,
      "l2_distance": 1.899412,
      "loss_history": [
        1.48854,
        0.18564,
        0.1671,
        0.16457,
        0.16444
      ],
      "risk_level": "HIGH",