{
  "attack": "model_inversion",
  "mode": "defended (noise=3.0, temp=15.0)",
  "results": [
    {
      "class_id": 0,
      "class_name": "class_0",
      "model_confidence": 0.238504,
      "prediction_entropy": 1.768851,
      "prediction_sharpness": 0.061536,
      "reconstruction_variance": 0.069283,
      "cosine_similarity": 0.230846,
      "l2_distance": 2.386954,
      "loss_history": [
        2.42392,
        2.46323,
        1.78823,
        1.49394,
        1.4466
      ],
      "risk_level": "LOW",
      "reconstructed_input": [
        0.5508959293365479,
        -0.09690087288618088,
        -0.1257777214050293,
        0.2446880042552948,
        -0.17748373746871948,
        0.24820375442504883,
        0.1289687603712082,
        -0.22744323313236237,
        -0.32577264308929443,
        0.1229560375213623,
        0.05834584683179855,
        0.2674797475337982,
        -0.28588446974754333,
        -0.07063626497983932,
        -0.37511709332466125,
        -0.02971254475414753,
        -0.19739876687526703,
        0.3262057602405548,
        -0.2851240932941437,
        0.0986221432685852,
        0.308829665184021,
        0.42308875918388367,
        0.05780186504125595,
        -0.352296382188797,
        0.351032018661499,
        -0.05953659489750862,
        0.07435821741819382,
        0.2756339907646179,
        -0.20905806124210358,
        -0.17322903871536255,
        0.037618592381477356,
        0.005373059306293726,
        0.5147174596786499,
        -0.296019047498703,
        0.025223245844244957,
        -0.5649407505989075,
        0.3000219166278839,
        0.05434159189462662,
        0.28074371814727783,
        0.14190085232257843,
        0.027605589479207993,
        0.17004840075969696,
        -0.07627832144498825,
        -0.10364493727684021,
        -0.5577436089515686,
        -0.06778690963983536,
        -0.3825944662094116,
        -0.13814669847488403,
        0.41309642791748047,
        0.09627022594213486
      ]
    },
    {
      "class_id": 1,
      "class_name": "class_1",
      "model_confidence": 0.269464,
      "prediction_entropy": 1.727649,
      "prediction_sharpness": 0.054503,
      "reconstruction_variance": 0.052988,
      "cosine_similarity": 0.345261,
      "l2_distance": 2.078462,
      "loss_history": [
        2.14882,
        2.11063,
        1.99946,
        1.58306,
        1.50322
      ],
      "risk_level": "LOW",
      "reconstructed_input": [
        0.48066556453704834,
        -0.09866686910390854,
        0.21964868903160095,
        0.5134385228157043,
        0.21394149959087372,
        -0.17608952522277832,
        -0.27633509039878845,
        -0.050951212644577026,
        -0.09220776706933975,
        -0.08109582960605621,
        0.2896248400211334,
        -0.029510362073779106,
        -0.04192415252327919,
        0.5657134056091309,
        0.14273197948932648,
        0.11772502958774567,
        0.007902557030320168,
        0.17180438339710236,
        0.1313914954662323,
        -0.1715523600578308,
        0.2634654939174652,
        -0.12661387026309967,
        -0.051844608038663864,
        -0.0019086092943325639,
        0.05294478312134743,
        0.2180936187505722,
        0.40290567278862,
        -0.1490730196237564,
        -0.04433161020278931,
        -0.3101695477962494,
        -0.21059384942054749,
        -0.015035538002848625,
        -0.2592816650867462,
        0.0691971480846405,
        0.3413395285606384,
        0.15495917201042175,
        0.49208351969718933,
        0.04897332936525345,
        0.5033017992973328,
        0.4166221618652344,
        -0.07050219178199768,
        0.12297297269105911,
        -0.3281812071800232,
        -0.2539381980895996,
        -0.04109104722738266,
        -0.1457635760307312,
        0.030528033152222633,
        0.12462764233350754,
        0.1006087139248848,
        -0.0867857113480568
      ]
    },
    {
      "class_id": 2,
      "class_name": "class_2",
      "model_confidence": 0.258459,
      "prediction_entropy": 1.764656,
      "prediction_sharpness": 0.105448,
      "reconstruction_variance": 0.02758,
      "cosine_similarity": 0.344515,
      "l2_distance": 2.128175,
      "loss_history": [
        2.4146,
        1.46683,
        1.39365,
        1.8757,
        1.71187
      ],
      "risk_level": "LOW",
      "reconstructed_input": [
        0.4158357083797455,
        -0.10858872532844543,
        0.3092372715473175,
        0.10186900943517685,
        0.23491686582565308,
        0.13142742216587067,
        -0.19532236456871033,
        -0.045831069350242615,
        0.07576952129602432,
        0.0114631038159132,
        0.0869508758187294,
        0.20047354698181152,
        0.13349851965904236,
        -0.2550361752510071,
        -0.16579808294773102,
        -0.08651117980480194,
        0.09621961414813995,
        -0.03751818463206291,
        -0.02047262340784073,
        0.21121588349342346,
        0.1518639475107193,
        0.2553499639034271,
        -0.2624000608921051,
        -0.22418387234210968,
        -0.051010653376579285,
        -0.09973091632127762,
        0.008513394743204117,
        0.07650531083345413,
        -0.10380277782678604,
        0.041836291551589966,
        0.06445834040641785,
        0.15861918032169342,
        -0.11058827489614487,
        -0.014128437265753746,
        0.06252827495336533,
        0.2159939408302307,
        -0.2582884132862091,
        0.15468572080135345,
        0.03356482833623886,
        0.02379794977605343,
        0.14396679401397705,
        0.3146224021911621,
        0.1927306354045868,
        0.160012885928154,
        -0.24293389916419983,
        -0.13797268271446228,
        -0.19609765708446503,
        -0.16983234882354736,
        0.06391889601945877,
        -0.14889131486415863
      ]
    },
    {
      "class_id": 3,
      "class_name": "class_3",
      "model_confidence": 0.228443,
      "prediction_entropy": 1.769664,
      "prediction_sharpness": 0.049527,
      "reconstruction_variance": 0.040905,
      "cosine_similarity": 0.30279,
      "l2_distance": 1.811677,
      "loss_history": [
        2.2145,
        1.97367,
        1.6861,
        1.43898,
        1.9734
      ],
      "risk_level": "LOW",
      "reconstructed_input": [
        -0.13078126311302185,
        0.04681191220879555,
        -0.05458465963602066,
        0.433674693107605,
        0.3293914198875427,
        0.256118506193161,
        -0.11352818459272385,
        -0.15094073116779327,
        -0.10492854565382004,
        -0.10724970698356628,
        0.05423695221543312,
        -0.11269791424274445,
        -0.06938486546278,
        0.04490581154823303,
        0.04498900845646858,
        0.27128201723098755,
        0.13952626287937164,
        -0.3117554485797882,
        -0.03962108865380287,
        -0.18539811670780182,
        -0.14879760146141052,
        0.049001358449459076,
        0.1509530395269394,
        -0.22982770204544067,
        -0.3860446810722351,
        0.11300046741962433,
        0.2236463725566864,
        0.13050322234630585,
        -0.3027407228946686,
        -0.1288149505853653,
        -0.2321159690618515,
        -0.2935100197792053,
        0.021008217707276344,
        -0.10501458495855331,
        0.297622412443161,
        -0.06733041256666183,
        0.22105032205581665,
        -0.022736039012670517,
        0.3037829101085663,
        0.4481354355812073,
        -0.1272481381893158,
        0.12203073501586914,
        -0.0621909536421299,
        -0.05875695124268532,
        0.11404502391815186,
        0.037788718938827515,
        -0.13129690289497375,
        0.2645092308521271,
        0.3460935056209564,
        -0.2703673541545868
      ]
    },
    {
      "class_id": 4,
      "class_name": "class_4",
      "model_confidence": 0.22149,
      "prediction_entropy": 1.766078,
      "prediction_sharpness": 0.032056,