{
  "attack": "model_inversion",
  "mode": "unmitigated",
  "results": [
    {
      "class_id": 0,
      "class_name": "class_0",
      "model_confidence": 0.587608,
      "prediction_entropy": 1.335271,
      "prediction_sharpness": 0.491262,
      "reconstruction_variance": 0.733807,
      "cosine_similarity": 0.671813,
      "l2_distance": 4.947827,
      "loss_history": [
        2.09884,
        0.89939,
        0.89846,
        0.8984,
        0.8985
      ],
      "risk_level": "HIGH",
      "reconstructed_input": [
        2.268636465072632,
        -0.13024811446666718,
        0.3837711811065674,
        -1.6771721839904785,
        -1.0187890529632568,
        1.4134312868118286,
        -0.2525721490383148,
        -0.044251639395952225,
        -2.1442227363586426,
        0.7140728235244751,
        0.22828532755374908,
        -0.00035353261046111584,
        0.8148198127746582,
        -0.3763200044631958,
        -0.6552537083625793,
        -0.2634888291358948,
        0.4588165283203125,
        0.1766689419746399,
        -0.28686317801475525,
        0.5274485945701599,
        -0.20189900696277618,
        -0.1414300501346588,
        0.7697198390960693,
        0.6440619230270386,
        -1.4601750373840332,
        0.25188562273979187,
        -0.6606554985046387,
        0.9023610353469849,
        -0.1453361064195633,
        -0.7542960047721863,
        -0.696373701095581,
        1.3112658262252808,
        -0.6353421807289124,
        0.03505493327975273,
        -0.1164826974272728,
        -0.7955687642097473,
        -0.03170158714056015,
        0.5721786618232727,
        0.5803064107894897,
        0.1759384125471115,
        -1.1656030416488647,
        0.4554823935031891,
        -0.454678475856781,
        0.09239476174116135,
        -0.0347067192196846,
        2.2522506713867188,
        0.5051745772361755,
        -1.453620195388794,
        0.17132051289081573,
        -0.3008115589618683
      ]
    },
    {
      "class_id": 1,
      "class_name": "class_1",
      "model_confidence": 0.542293,
      "prediction_entropy": 1.400826,
      "prediction_sharpness": 0.404865,
      "reconstruction_variance": 0.839509,
      "cosine_similarity": 0.636234,
      "l2_distance": 5.46616,
      "loss_history": [
        2.29125,
        1.03585,
        1.03277,
        1.03246,
        1.0327
      ],
      "risk_level": "HIGH",
      "reconstructed_input": [
        1.158398985862732,
        -2.5334556102752686,
        0.9215174913406372,
        -0.013166885823011398,
        -1.0724557638168335,
        -1.7412161827087402,
        0.04409215971827507,
        -1.2844938039779663,
        -0.5086519718170166,
        0.618952214717865,
        1.179997444152832,
        -0.5107176899909973,
        -2.2098498344421387,
        -0.848972499370575,
        0.1223931834101677,
        -0.9074357748031616,
        -0.2738082706928253,
        -0.21294134855270386,
        0.11663441359996796,
        0.6061657071113586,
        0.43239307403564453,
        0.5998489856719971,
        -1.693943977355957,
        -1.221505880355835,
        0.7163670659065247,
        0.6147578954696655,
        0.7657474875450134,
        -1.2330378293991089,
        0.34905028343200684,
        -0.4266018569469452,
        0.5453506708145142,
        0.4130059778690338,
        0.42032986879348755,
        1.5797200202941895,
        -0.20156848430633545,
        0.17135488986968994,
        0.2584642171859741,
        0.8641128540039062,
        -0.7370334267616272,
        0.10779646784067154,
        -0.2730029821395874,
        0.04343058541417122,
        0.8539161086082458,
        -0.03206099197268486,
        -0.7401912808418274,
        1.144714593887329,
        0.2568289041519165,
        1.5860532522201538,
        -0.516839325428009,
        0.3226343095302582
      ]
    },
    {
      "class_id": 2,
      "class_name": "class_2",
      "model_confidence": 0.569461,
      "prediction_entropy": 1.370398,
      "prediction_sharpness": 0.454136,
      "reconstruction_variance": 0.872826,
      "cosine_similarity": 0.58888,
      "l2_distance": 5.637743,
      "loss_history": [
        3.0818,
        1.08247,
        1.00524,
        1.00533,
        1.00524
      ],
      "risk_level": "MEDIUM",
      "reconstructed_input": [
        2.107973575592041,
        1.3230112791061401,
        0.10019894689321518,
        0.16346053779125214,
        2.4304661750793457,
        0.9720805883407593,
        1.3835558891296387,
        0.2299162745475769,
        0.5349939465522766,
        -0.6177555322647095,
        0.4718383550643921,
        -0.6365326046943665,
        0.9186521172523499,
        0.8387764096260071,
        -1.1568312644958496,
        -0.28647923469543457,
        0.6601812839508057,
        -0.6260489225387573,
        -0.1325000524520874,
        0.5177184343338013,
        -1.214587926864624,
        0.8793079853057861,
        -0.38937076926231384,
        -0.8316651582717896,
        1.5174002647399902,
        0.5232729315757751,
        -0.579535722732544,
        -0.4144093692302704,
        1.1226105690002441,
        -1.1689302921295166,
        1.1707994937896729,
        -0.2061956822872162,
        -1.9006918668746948,
        0.13289675116539001,
        -0.8918219208717346,
        0.1296415776014328,
        -0.8918738961219788,
        -0.33043503761291504,
        -0.12497217208147049,
        0.4199537932872772,
        0.4759868383407593,
        0.7866217494010925,
        0.16475917398929596,
        0.8557637333869934,
        -0.9497048258781433,
        0.6506155729293823,
        0.2049660086631775,
        0.22002846002578735,
        -0.987734854221344,
        -2.019871473312378
      ]
    },
    {
      "class_id": 3,
      "class_name": "class_3",
      "model_confidence": 0.58406,
      "prediction_entropy": 1.325433,
      "prediction_sharpness": 0.451638,
      "reconstruction_variance": 0.75303,
      "cosine_similarity": 0.567761,
      "l2_distance": 5.44249,
      "loss_history": [
        2.76782,
        0.93673,
        0.92199,
        0.92198,
        0.922
      ],
      "risk_level": "MEDIUM",
      "reconstructed_input": [
        -0.910847008228302,
        -0.5778538584709167,
        -1.481626033782959,
        0.6792929172515869,
        2.146759033203125,
        1.9042550325393677,
        -1.47134530544281,
        0.08673376590013504,
        0.6142271161079407,
        0.7421789169311523,
        -1.2150754928588867,
        0.0646829828619957,
        -1.1585358381271362,
        -0.2773352563381195,
        -1.0417330265045166,
        0.02176695689558983,
        0.9567001461982727,
        0.1750592589378357,
        0.3521387577056885,
        0.13761185109615326,
        -0.5263262987136841,
        -1.406238079071045,
        -0.18760062754154205,
        -0.28838637471199036,
        -0.29727157950401306,
        1.0754789113998413,
        -0.6600572466850281,
        0.4290108382701874,
        0.6047512292861938,
        -0.6734892725944519,
        -0.5869544148445129,
        0.2059548795223236,
        -1.8457200527191162,
        -0.7207611799240112,
        0.23162098228931427,
        -0.5203481912612915,
        0.7661567330360413,
        0.7860484719276428,
        -0.931317150592804,
        -0.23699951171875,
        -0.489556223154068,
        -1.0348707437515259,
        -1.1318038702011108,
        1.5122299194335938,
        0.6311880350112915,
        0.38028573989868164,
        0.1307273507118225,
        -0.9502092599868774,
        -0.1400900036096573,
        -0.06050597503781319
      ]
    },
    {
      "class_id": 4,
      "class_name": "class_4",
      "model_confidence": 0.656937,
      "prediction_entropy": 1.180072,
      "prediction_sharpness": 0.555001,
      "reconstruction_variance": 0.730495,
      "cosine_similarity": 0.653462,
      "l2_distance": 5.10794,