{
  "attack": "model_inversion",
  "mode": "unmitigated",
  "results": [
    {
      "class_id": 0,
      "class_name": "class_1",
      "model_confidence": 0.904654,
      "prediction_entropy": 0.455705,
      "prediction_sharpness": 0.869849,
      "reconstruction_variance": 0.078449,
      "cosine_similarity": 0.515338,
      "l2_distance": 1.952193,
      "loss_history": [
        2.28463,
        0.15625
      ],
      "risk_level": "MEDIUM",
      "reconstructed_input": [
        0.4073294699192047,
        0.5490732789039612,
        0.02345358207821846,
        -0.5600090026855469,
        -0.08444185554981232,
        0.3816698491573334,
        -0.46424469351768494,
        0.3170875608921051,
        -0.5225950479507446,
        0.36016711592674255,
        0.17244645953178406,
        -0.19478902220726013,
        -0.01970689930021763,
        0.2022342085838318,
        -0.26894158124923706,
        0.11668714135885239,
        0.17168137431144714,
        -0.045739877969026566,
        0.056399453431367874,
        -0.18730489909648895,
        0.012472357600927353,
        0.10132966935634613,
        0.06432259827852249,
        0.24721691012382507,
        -0.6523187160491943,
        0.20960301160812378,
        -0.06861835718154907,
        -0.3440748453140259,
        0.09867286682128906,
        0.5661470293998718,
        -0.16634799540042877,
        -0.30706602334976196,
        -0.021467186510562897,
        -0.09356562048196793,
        0.2626962661743164,
        0.186528280377388,
        0.17411616444587708,
        -0.20968391001224518,
        -0.540584921836853,
        0.07828721404075623,
        0.36425837874412537,
        0.05254802107810974,
        0.11912740021944046,
        0.14508788287639618,
        -0.3295840620994568,
        0.32678791880607605,
        -0.11470557004213333,
        0.02305205725133419,
        -0.06362083554267883,
        -0.005810889881104231
      ]
    },
    {
      "class_id": 1,
      "class_name": "class_2",
      "model_confidence": 0.900785,
      "prediction_entropy": 0.462083,
      "prediction_sharpness": 0.85777,
      "reconstruction_variance": 0.102487,
      "cosine_similarity": 0.449253,
      "l2_distance": 2.232802,
      "loss_history": [
        1.34011,
        0.15688
      ],
      "risk_level": "MEDIUM",
      "reconstructed_input": [
        0.6871388554573059,
        -0.4380699396133423,
        -0.24915379285812378,
        0.4333638548851013,
        -0.10093207657337189,
        -0.4734208583831787,
        -0.055879101157188416,
        -0.26047536730766296,
        -0.10435599833726883,
        0.37356531620025635,
        -0.057356320321559906,
        -0.8131224513053894,
        0.10160460323095322,
        0.083284892141819,
        -0.17341989278793335,
        -0.47309157252311707,
        0.21896715462207794,
        0.14480610191822052,
        0.4717761278152466,
        -0.25975534319877625,
        0.1608966737985611,
        0.06213853508234024,
        -0.03048965521156788,
        -0.3976319134235382,
        0.19614778459072113,
        0.11117441952228546,
        0.18787971138954163,
        0.0626574158668518,
        -0.08488432317972183,
        0.25661149621009827,
        0.6242681741714478,
        -0.046465370804071426,
        -0.24864153563976288,
        -0.47393473982810974,
        -0.17068657279014587,
        -0.4618470072746277,
        0.16303065419197083,
        -0.1918935626745224,
        -0.3377145230770111,
        -0.7911875247955322,
        -0.0891735777258873,
        0.1267174482345581,
        -0.24775049090385437,
        0.05929487198591232,
        0.5233559608459473,
        0.1602414846420288,
        -0.04101356118917465,
        0.0025178445503115654,
        -0.2979373633861542,
        -0.05840747803449631
      ]
    },
    {
      "class_id": 2,
      "class_name": "class_3",
      "model_confidence": 0.793872,
      "prediction_entropy": 0.810255,
      "prediction_sharpness": 0.71236,
      "reconstruction_variance": 0.119596,
      "cosine_similarity": 0.125447,
      "l2_distance": 3.097107,
      "loss_history": [
        2.85583,
        0.30275
      ],
      "risk_level": "LOW",
      "reconstructed_input": [
        0.20956921577453613,
        0.09757574647665024,
        0.17771799862384796,
        -0.3099347651004791,
        0.2102207988500595,
        0.08809927850961685,
        0.889325737953186,
        -0.049427904188632965,
        0.25176024436950684,
        0.04259141534566879,
        0.20659127831459045,
        0.29798731207847595,
        -0.03119819611310959,
        0.2602170407772064,
        0.18996329605579376,
        -0.16227492690086365,
        -0.12958338856697083,
        -0.14526838064193726,
        0.32909056544303894,
        0.4190419912338257,
        -0.19435840845108032,
        0.16011784970760345,
        0.2843623757362366,
        0.5051609873771667,
        -0.11579536646604538,
        0.02703995071351528,
        0.8579484224319458,
        0.011105413548648357,
        -0.2491345852613449,
        -0.20295248925685883,
        0.21744540333747864,
        0.21686497330665588,
        -0.5157058238983154,
        -0.594541072845459,
        -0.22865286469459534,
        -0.29733213782310486,
        0.5180617570877075,
        -0.2553577423095703,
        -0.22342123091220856,
        0.22950032353401184,
        -0.16030684113502502,
        -0.6390798091888428,
        0.2507907748222351,
        -0.5640867948532104,
        -0.02553308568894863,
        -0.3510838747024536,
        0.40835654735565186,
        -0.7260013818740845,
        0.393070787191391,
        -0.12278248369693756
      ]
    },
    {
      "class_id": 3,
      "class_name": "class_4",
      "model_confidence": 0.873593,
      "prediction_entropy": 0.572886,
      "prediction_sharpness": 0.835375,
      "reconstruction_variance": 0.100294,
      "cosine_similarity": 0.258847,
      "l2_distance": 2.40349,
      "loss_history": [
        3.05682,
        0.22083
      ],
      "risk_level": "LOW",
      "reconstructed_input": [
        -0.4608636200428009,
        0.2584173083305359,
        -0.29264113306999207,
        -0.036151450127363205,
        0.6480280160903931,
        0.35419362783432007,
        -0.4467126131057739,
        -0.19113509356975555,
        -0.2486068308353424,
        -0.0587080754339695,
        -0.0028599961660802364,
        -0.1460656225681305,
        0.6812881827354431,
        -0.5911970734596252,
        0.3133077025413513,
        -0.5194891095161438,
        -0.006777958944439888,
        -0.556892991065979,
        0.38963812589645386,
        0.33392298221588135,
        0.021904170513153076,
        0.48491907119750977,
        -0.1515454202890396,
        0.2228807955980301,
        -0.2489452213048935,
        -0.00329443602822721,
        0.4483361840248108,
        0.11916434019804001,
        -0.24991023540496826,
        -0.036549802869558334,
        -0.1442050039768219,
        -0.13067179918289185,
        0.3814038336277008,
        -0.1545637845993042,
        0.3299326002597809,
        -0.2100566327571869,
        0.05203381925821304,
        -0.22213390469551086,
        -0.36485961079597473,
        0.04029054567217827,
        0.4898398518562317,
        0.23723328113555908,
        0.03583505004644394,
        -0.38590943813323975,
        0.004505867138504982,
        0.039479270577430725,
        0.023641498759388924,
        0.2097076177597046,
        -0.45518407225608826,
        -0.36836618185043335
      ]
    },
    {
      "class_id": 4,
      "class_name": "class_5",
      "model_confidence": 0.819274,
      "prediction_entropy": 0.751288,
      "prediction_sharpness": 0.767751,
      "reconstruction_variance": 0.051436,
      "cosine_similarity": 0.436402,
      "l2_distance": 1.745899,
      "loss_history": [
        3.48217,
        0.26243
      ],
      "risk_level": "MEDIUM",