{
  "attack": "model_inversion",
  "mode": "mitigated (confidence masked)",
  "results": [
    {
      "class_id": 0,
      "class_name": "class_0",
      "model_confidence": 0.625719,
      "prediction_entropy": 1.257295,
      "prediction_sharpness": 0.535392,
      "reconstruction_variance": 0.0431,
      "cosine_similarity": 0.538698,
      "l2_distance": 1.718397,
      "loss_history": [
        8.14317,
        0.68197,
        0.68144,
        0.68454,
        0.68273
      ],
      "risk_level": "MEDIUM",
      "reconstructed_input": [
        0.36186182498931885,
        0.261633962392807,
        0.01388590782880783,
        -0.2077106237411499,
        -0.14611351490020752,
        0.3266734778881073,
        -0.08409587293863297,
        0.06648746877908707,
        -0.4689595401287079,
        -0.20044831931591034,
        0.34265783429145813,
        0.030455678701400757,
        -0.07123620063066483,
        0.058430612087249756,
        0.14702168107032776,
        0.24981752038002014,
        -0.1970311403274536,
        -0.07008375227451324,
        -0.016542179509997368,
        0.23621942102909088,
        -0.16481533646583557,
        0.3433864414691925,
        -0.294325053691864,
        0.022483423352241516,
        -0.1544521003961563,
        0.040588948875665665,
        -0.2080841362476349,
        -0.30473586916923523,
        -0.10169881582260132,
        -0.24107366800308228,
        -0.0015390312764793634,
        0.34960755705833435,
        0.21758206188678741,
        0.08944941312074661,
        -0.13051922619342804,
        -0.219655841588974,
        0.03983496129512787,
        -0.09750287234783173,
        0.3103087246417999,
        0.22958455979824066,
        -0.13697046041488647,
        0.15346351265907288,
        0.13151173293590546,
        0.037978630512952805,
        -0.2865945100784302,
        -0.27398771047592163,
        0.2882680594921112,
        -0.1280118077993393,
        0.0897025540471077,
        -0.10584408789873123
      ]
    },
    {
      "class_id": 1,
      "class_name": "class_1",
      "model_confidence": 0.508913,
      "prediction_entropy": 1.468344,
      "prediction_sharpness": 0.372494,
      "reconstruction_variance": 0.03688,
      "cosine_similarity": 0.336681,
      "l2_distance": 1.961177,
      "loss_history": [
        6.1845,
        0.85911,
        0.8608,
        0.86096,
        0.86508
      ],
      "risk_level": "LOW",
      "reconstructed_input": [
        0.09338536113500595,
        -0.30181604623794556,
        0.0928594321012497,
        -0.018423711881041527,
        -0.13931740820407867,
        -0.12827350199222565,
        -0.07253742218017578,
        -0.3152681291103363,
        -0.12270210683345795,
        0.04626495763659477,
        -0.00394233874976635,
        -0.23645517230033875,
        -0.21709035336971283,
        -0.1861695498228073,
        0.0010617387015372515,
        -0.1533079594373703,
        -0.1518716812133789,
        -0.0356161966919899,
        0.18018420040607452,
        0.06804000586271286,
        0.07143355906009674,
        0.003922433592379093,
        0.42515286803245544,
        0.30871665477752686,
        -0.012819794937968254,
        0.20721843838691711,
        -0.18232432007789612,
        0.23834405839443207,
        0.08717111498117447,
        -0.4385455250740051,
        -0.3562927544116974,
        -0.28836914896965027,
        -0.06906680762767792,
        -0.04769076406955719,
        0.19326074421405792,
        0.07571468502283096,
        0.07312630861997604,
        -0.16115687787532806,
        0.13364027440547943,
        -0.34663090109825134,
        -0.17573489248752594,
        0.04981796815991402,
        -0.16543975472450256,
        0.13571375608444214,
        -0.21748192608356476,
        -0.216832235455513,
        -0.14188292622566223,
        0.42322900891304016,
        0.10139100253582001,
        -0.07342655956745148
      ]
    },
    {
      "class_id": 2,
      "class_name": "class_2",
      "model_confidence": 0.427547,
      "prediction_entropy": 1.571433,
      "prediction_sharpness": 0.272806,
      "reconstruction_variance": 0.068687,
      "cosine_similarity": 0.216121,
      "l2_distance": 2.568061,
      "loss_history": [
        8.73778,
        1.18875,
        1.1899,
        1.19173,
        1.18931
      ],
      "risk_level": "LOW",
      "reconstructed_input": [
        0.571990966796875,
        0.04001157730817795,
        0.20072469115257263,
        0.0891280248761177,
        0.07700205594301224,
        0.3018881678581238,
        0.016363205388188362,
        0.5026184916496277,
        -0.17175327241420746,
        -0.6093200445175171,
        0.6177042126655579,
        0.29303449392318726,
        -0.07150404900312424,
        0.05164697393774986,
        0.10381250083446503,
        0.39401888847351074,
        -0.11137732863426208,
        -0.07817293703556061,
        -0.1594943255186081,
        0.13736805319786072,
        -0.30339786410331726,
        0.2777442932128906,
        -0.0019465067889541388,
        -0.22983229160308838,
        -0.032862432301044464,
        -0.5333004593849182,
        -0.21934874355793,
        -0.0890950858592987,
        -0.23369860649108887,
        -0.23899558186531067,
        -0.2578757107257843,
        0.4580901563167572,
        -0.25579404830932617,
        0.19614900648593903,
        -0.2818804383277893,
        -0.2591541111469269,
        -0.06500556319952011,
        0.08677489310503006,
        0.04262099787592888,
        0.2127697467803955,
        -0.15383166074752808,
        0.11769049614667892,
        -0.36259087920188904,
        0.23177708685398102,
        -0.00358731672167778,
        -0.09928271174430847,
        -0.2137119024991989,
        -0.13323278725147247,
        -0.04916277527809143,
        -0.21571765840053558
      ]
    },
    {
      "class_id": 3,
      "class_name": "class_3",
      "model_confidence": 0.649746,
      "prediction_entropy": 1.181103,
      "prediction_sharpness": 0.533135,
      "reconstruction_variance": 0.030726,
      "cosine_similarity": 0.357391,
      "l2_distance": 1.657676,
      "loss_history": [
        7.50976,
        0.58468,
        0.58507,
        0.58488,
        0.58635
      ],
      "risk_level": "MEDIUM",
      "reconstructed_input": [
        0.09178613871335983,
        0.07906636595726013,
        -0.2179633229970932,
        -0.11076047271490097,
        0.028924277052283287,
        0.38974806666374207,
        0.44747087359428406,
        -0.36919787526130676,
        -0.00414520688354969,
        -0.04770668223500252,
        0.22794052958488464,
        0.2360655963420868,
        -0.054523903876543045,
        -0.00952042918652296,
        -0.12087540328502655,
        -0.08086618036031723,
        -0.3009819984436035,
        -0.048897355794906616,
        -0.27361032366752625,
        0.19274960458278656,
        -0.06473545730113983,
        -0.25970080494880676,
        0.004437677562236786,
        -0.0210858341306448,
        -0.052017875015735626,
        0.29504770040512085,
        -0.13835053145885468,
        0.24009379744529724,
        0.14435888826847076,
        -0.4066305160522461,
        -0.14026778936386108,
        0.06141700595617294,
        -0.13238970935344696,
        -0.021236402913928032,
        -0.007715083658695221,
        -0.10645643621683121,
        0.09685371071100235,
        0.1749638468027115,
        0.010201951488852501,
        0.16393150389194489,
        -0.0943828672170639,
        -0.1899649202823639,
        -0.05184461176395416,
        -0.18324439227581024,
        -0.046642351895570755,
        -0.05809682980179787,
        -0.09308762848377228,
        -0.04679417237639427,
        -0.10160636901855469,
        -0.0219745971262455
      ]
    },
    {
      "class_id": 4,
      "class_name": "class_4",
      "model_confidence": 0.733257,
      "prediction_entropy": 0.992284,