{
  "attack": "model_inversion",
  "mode": "mitigated (confidence masked)",
  "results": [
    {
      "class_id": 0,
      "class_name": "class_1",
      "model_confidence": 0.836843,
      "prediction_entropy": 0.696978,
      "prediction_sharpness": 0.781623,
      "reconstruction_variance": 0.022999,
      "cosine_similarity": 0.541252,
      "l2_distance": 1.668729,
      "loss_history": [
        6.2057,
        0.30324
      ],
      "risk_level": "MEDIUM",
      "reconstructed_input": [
        0.23211482167243958,
        0.2606182098388672,
        -0.16424737870693207,
        -0.2148769646883011,
        -0.2636924088001251,
        0.2635221481323242,
        -0.01638811081647873,
        0.19185642898082733,
        -0.2871690094470978,
        0.06966640055179596,
        -0.08523671329021454,
        -0.19825445115566254,
        -0.010847292840480804,
        -0.049500107765197754,
        0.032466575503349304,
        -0.08431343734264374,
        0.012139969505369663,
        -0.2111091911792755,
        -0.047455351799726486,
        -0.17409944534301758,
        -0.05839519575238228,
        -0.11296562850475311,
        -0.04876622185111046,
        -0.05305406078696251,
        -0.39671361446380615,
        0.06388077139854431,
        -0.022696198895573616,
        -0.017893033102154732,
        -0.004657108802348375,
        0.11022917181253433,
        0.0031476174481213093,
        -0.11352994292974472,
        -0.019238576292991638,
        -0.11307886242866516,
        0.04732712358236313,
        0.1739778369665146,
        0.119888536632061,
        0.11283795535564423,
        -0.1911664605140686,
        -0.241920605301857,
        0.16467133164405823,
        -0.0416858084499836,
        0.0515422448515892,
        0.06103222817182541,
        -0.39321157336235046,
        -0.1467609405517578,
        -0.1589253544807434,
        -0.0252471212297678,
        -0.10833520442247391,
        -0.19221539795398712
      ]
    },
    {
      "class_id": 1,
      "class_name": "class_2",
      "model_confidence": 0.754555,
      "prediction_entropy": 0.894417,
      "prediction_sharpness": 0.645292,
      "reconstruction_variance": 0.031167,
      "cosine_similarity": 0.429043,
      "l2_distance": 1.793947,
      "loss_history": [
        8.17792,
        0.43973
      ],
      "risk_level": "MEDIUM",
      "reconstructed_input": [
        0.5345892906188965,
        -0.13538503646850586,
        -0.10215937346220016,
        0.11044401675462723,
        0.10347304493188858,
        -0.20198245346546173,
        -0.06139807030558586,
        -0.036206118762493134,
        0.06647638976573944,
        0.05467706173658371,
        0.014990478754043579,
        -0.34585827589035034,
        0.31816235184669495,
        0.07268461585044861,
        -0.3011630177497864,
        -0.2392585128545761,
        0.029162771999835968,
        0.03500493988394737,
        0.2863197922706604,
        -0.09702789038419724,
        -0.10344917327165604,
        -0.2588174045085907,
        -0.19040906429290771,
        0.011468252167105675,
        -0.012513840571045876,
        0.13014791905879974,
        0.2911635637283325,
        0.18456821143627167,
        -0.10752276331186295,
        -0.1441395878791809,
        -0.12324226647615433,
        0.16921700537204742,
        -0.07054375112056732,
        -0.390303373336792,
        -0.03215578570961952,
        0.12830761075019836,
        -0.010274193249642849,
        -0.012428206391632557,
        -0.16080647706985474,
        -0.16768664121627808,
        0.13081803917884827,
        -0.14377114176750183,
        0.014119204133749008,
        -0.013682173565030098,
        0.1327126920223236,
        0.1231432631611824,
        0.229024276137352,
        -0.08733822405338287,
        -0.10214349627494812,
        0.07979109138250351
      ]
    },
    {
      "class_id": 2,
      "class_name": "class_3",
      "model_confidence": 0.700558,
      "prediction_entropy": 1.032566,
      "prediction_sharpness": 0.57195,
      "reconstruction_variance": 0.033445,
      "cosine_similarity": 0.320963,
      "l2_distance": 2.183076,
      "loss_history": [
        7.15581,
        0.52141
      ],
      "risk_level": "LOW",
      "reconstructed_input": [
        0.12192896008491516,
        0.07258713245391846,
        0.03146302327513695,
        0.03759683668613434,
        0.5857168436050415,
        -0.2040029615163803,
        0.20976732671260834,
        -0.12226542085409164,
        0.08962382376194,
        0.261884868144989,
        -0.089185431599617,
        -0.002715230919420719,
        -0.02850138582289219,
        -0.028339877724647522,
        0.23184558749198914,
        -0.032075509428977966,
        -0.035198599100112915,
        0.05463133007287979,
        0.046894997358322144,
        0.07073423266410828,
        -0.49115967750549316,
        0.005376066081225872,
        -0.11566368490457535,
        0.1750735193490982,
        -0.04207863658666611,
        0.02151571214199066,
        0.346729576587677,
        0.24638597667217255,
        -0.16389034688472748,
        -0.05397384613752365,
        0.013829019851982594,
        0.13476936519145966,
        -0.2392597794532776,
        -0.057395242154598236,
        -0.1533639281988144,
        -0.08308487385511398,
        0.24596109986305237,
        -0.055080439895391464,
        -0.07290364801883698,
        -0.10025656223297119,
        -0.027460377663373947,
        -0.26912182569503784,
        -0.012823289260268211,
        -0.2077804058790207,
        -0.19312173128128052,
        -0.2814551293849945,
        0.17730668187141418,
        0.00738630210980773,
        0.14235667884349823,
        -0.287629097700119
      ]
    },
    {
      "class_id": 3,
      "class_name": "class_4",
      "model_confidence": 0.770991,
      "prediction_entropy": 0.882282,
      "prediction_sharpness": 0.698419,
      "reconstruction_variance": 0.034725,
      "cosine_similarity": 0.434638,
      "l2_distance": 1.588892,
      "loss_history": [
        8.07376,
        0.4378
      ],
      "risk_level": "MEDIUM",
      "reconstructed_input": [
        -0.2607995569705963,
        0.1551063507795334,
        -0.21548959612846375,
        0.10168636590242386,
        0.40001213550567627,
        0.22606267035007477,
        -0.26091820001602173,
        -0.4180368185043335,
        0.017644643783569336,
        0.04942324012517929,
        0.04020372033119202,
        -0.021852442994713783,
        0.241607666015625,
        -0.3087192177772522,
        0.10012339800596237,
        -0.3470611572265625,
        0.20442436635494232,
        -0.16185098886489868,
        0.32030290365219116,
        0.11773843318223953,
        0.22233156859874725,
        0.02292502485215664,
        0.06864702701568604,
        0.01490746159106493,
        -0.15749946236610413,
        -0.02645046077668667,
        0.25093430280685425,
        0.17555582523345947,
        -0.0928046926856041,
        -0.1391146183013916,
        -0.03838074952363968,
        -0.11655069142580032,
        -0.007396209519356489,
        -0.27874064445495605,
        0.14294254779815674,
        -0.051764752715826035,
        0.014816194772720337,
        -0.1760844588279724,
        -0.3883088529109955,
        -0.1835332065820694,
        0.12202093005180359,
        -0.07918936759233475,
        -0.008553531020879745,
        -0.027500858530402184,
        0.05098952725529671,
        0.00615263544023037,
        0.0943489819765091,
        0.08548358082771301,
        -0.24242189526557922,
        -0.21383719146251678
      ]
    },
    {
      "class_id": 4,
      "class_name": "class_5",
      "model_confidence": 0.777954,
      "prediction_entropy": 0.876824,
      "prediction_sharpness": 0.719356,
      "reconstruction_variance": 0.013902,
      "cosine_similarity": 0.597809,
      "l2_distance": 1.358541,