{
  "attack": "model_inversion",
  "mode": "defended (noise=0.5, temp=4.0)",
  "results": [
    {
      "class_id": 0,
      "class_name": "class_1",
      "model_confidence": 0.513667,
      "cosine_similarity": 0.818374,
      "l2_distance": 4.793483,
      "loss_history": [
        2.49991,
        1.09049,
        1.08758,
        0.96249,
        1.14586
      ],
      "risk_level": "HIGH",
      "reconstructed_input": [
        2.3003549575805664,
        -0.5269220471382141,
        -0.8732798099517822,
        -1.832817554473877,
        -2.7172274589538574,
        0.48121920228004456,
        -0.45058906078338623,
        1.942186951637268,
        -2.29048752784729,
        0.8365625739097595,
        -1.5075739622116089,
        0.1862131506204605,
        -0.03797851875424385,
        -0.12606266140937805,
        0.11047884821891785,
        0.8511502742767334,
        -0.8443728089332581,
        0.021528664976358414,
        0.43290644884109497,
        -0.4633576571941376,
        0.9584788084030151,
        0.3796440064907074,
        -0.6272203326225281,
        -0.19233405590057373,
        -0.4722304940223694,
        -1.142174482345581,
        -0.288374125957489,
        -0.08277707546949387,
        -0.8657505512237549,
        0.35164275765419006,
        0.6610193252563477,
        0.39507797360420227,
        0.6631829142570496,
        0.27143532037734985,
        -0.5684161186218262,
        -0.10702913254499435,
        -0.7761161923408508,
        -0.05503543093800545,
        0.3930732011795044,
        0.21334394812583923,
        0.2071487009525299,
        0.05026169866323471,
        0.9111076593399048,
        -0.05660565197467804,
        -0.2825261354446411,
        -0.35603541135787964,
        0.49143368005752563,
        -0.3151078522205353,
        0.24500489234924316,
        0.556816577911377
      ]
    },
    {
      "class_id": 1,
      "class_name": "class_2",
      "model_confidence": 0.416454,
      "cosine_similarity": 0.904259,
      "l2_distance": 4.312691,
      "loss_history": [
        2.27284,
        0.86635,
        1.35388,
        1.46412,
        1.28853
      ],
      "risk_level": "HIGH",
      "reconstructed_input": [
        2.257511615753174,
        -3.0664255619049072,
        -0.0004028643015772104,
        0.947817862033844,
        -0.6116206645965576,
        -2.1796154975891113,
        -0.49155452847480774,
        -1.3800981044769287,
        -1.0607221126556396,
        0.36703792214393616,
        0.43266311287879944,
        -0.3644321858882904,
        -1.0888668298721313,
        -0.5859618782997131,
        -0.9153854846954346,
        -0.14359048008918762,
        -0.20299366116523743,
        0.14209972321987152,
        0.5615721940994263,
        0.14367957413196564,
        -0.28748372197151184,
        -0.6502208709716797,
        -1.3167091608047485,
        0.5999588966369629,
        0.1299794614315033,
        0.17133936285972595,
        0.9349609613418579,
        -0.15665292739868164,
        0.8511144518852234,
        0.2705205976963043,
        0.3012644648551941,
        -0.6937417387962341,
        -0.6286391615867615,
        -0.07496188580989838,
        -0.05820266902446747,
        -0.308556467294693,
        -0.14571167528629303,
        -1.0356485843658447,
        0.11388538032770157,
        -0.5107111930847168,
        0.4215584099292755,
        0.02882217802107334,
        0.9627761244773865,
        -0.22561298310756683,
        0.3557949662208557,
        0.6149389147758484,
        -0.20730434358119965,
        -0.056337419897317886,
        0.3712131381034851,
        0.2950828969478607
      ]
    },
    {
      "class_id": 2,
      "class_name": "class_3",
      "model_confidence": 0.317781,
      "cosine_similarity": 0.810926,
      "l2_distance": 3.337495,
      "loss_history": [
        2.19954,
        1.29519,
        1.63893,
        1.42517,
        1.74492
      ],
      "risk_level": "HIGH",
      "reconstructed_input": [
        2.5282864570617676,
        1.0251439809799194,
        0.34265798330307007,
        -0.14607031643390656,
        1.6917073726654053,
        -0.3656407594680786,
        0.9218556880950928,
        -0.3643929362297058,
        0.7347043752670288,
        -0.3517075777053833,
        0.650539219379425,
        -0.22201469540596008,
        0.48998478055000305,
        -1.4394162893295288,
        0.4339202046394348,
        -0.020799316465854645,
        0.9071198105812073,
        -0.15548643469810486,
        0.5807268619537354,
        -0.5149291157722473,
        -0.25947874784469604,
        -0.7557131052017212,
        0.7523382902145386,
        -0.14225278794765472,
        0.1127995103597641,
        -0.1953641027212143,
        0.7926504015922546,
        -0.2608877420425415,
        -0.6654099225997925,
        0.16267871856689453,
        0.7264523506164551,
        -1.1364513635635376,
        -0.412820041179657,
        -0.5294898748397827,
        -0.07346586883068085,
        0.0286947563290596,
        -0.05285222828388214,
        -0.21445077657699585,
        -0.17864727973937988,
        -0.5177264213562012,
        -0.3677237629890442,
        0.1768287718296051,
        -0.16339242458343506,
        -0.17671163380146027,
        0.24647587537765503,
        -0.8017795085906982,
        -0.5408004522323608,
        0.4180663228034973,
        -0.6213515400886536,
        0.5288700461387634
      ]
    },
    {
      "class_id": 3,
      "class_name": "class_4",
      "model_confidence": 0.427906,
      "cosine_similarity": 0.830233,
      "l2_distance": 4.2184,
      "loss_history": [
        1.81859,
        1.15638,
        1.07,
        1.24779,
        1.26027
      ],
      "risk_level": "HIGH",
      "reconstructed_input": [
        -1.842730164527893,
        -0.1568828672170639,
        -2.0205328464508057,
        1.6096047163009644,
        1.749334454536438,
        1.0122038125991821,
        -0.2764756381511688,
        -1.620141863822937,
        0.49222221970558167,
        -0.665571391582489,
        0.622147798538208,
        -0.7625476121902466,
        -0.2778018116950989,
        -0.5383201241493225,
        -0.8034212589263916,
        -0.2465566098690033,
        0.6180617213249207,
        -0.22911809384822845,
        0.5322468876838684,
        0.37152519822120667,
        0.21396811306476593,
        -1.3588759899139404,
        -1.1564549207687378,
        0.1537223756313324,
        0.07272692769765854,
        0.5558633208274841,
        0.19365127384662628,
        1.2613083124160767,
        0.6364700794219971,
        -0.5571027398109436,
        -0.3091607689857483,
        -0.968620240688324,
        -0.43291494250297546,
        -0.18965455889701843,
        -0.3170270323753357,
        -0.3455874025821686,
        0.606663703918457,
        -0.14974389970302582,
        0.7791565656661987,
        -0.23079752922058105,
        0.23656103014945984,
        0.21099847555160522,
        0.3659636974334717,
        0.26660043001174927,
        -0.21858786046504974,
        0.5742753744125366,
        -0.02308574505150318,
        -0.5567312836647034,
        -0.12608294188976288,
        0.020941678434610367
      ]
    },
    {
      "class_id": 4,
      "class_name": "class_5",
      "model_confidence": 0.697464,
      "cosine_similarity": 0.887175,
      "l2_distance": 4.160797,
      "loss_history": [
        1.8489,
        0.88989,
        0.85457,
        0.74514,
        0.90648
      ],
      "risk_level": "HIGH",