{
  "attack": "model_inversion",
  "results": [
    {
      "class_id": 0,
      "class_name": "WALKING",
      "model_confidence": 0.995912,
      "cosine_similarity": 0.83059,
      "l2_distance": 1.211652,
      "loss_history": [
        6.72379,
        0.1666,
        0.05429,
        0.02815,
        0.02015
      ],
      "risk_level": "HIGH",
      "reconstructed_input": [
        0.4569253921508789,
        0.2632894217967987,
        -0.04315822198987007,
        -0.24566282331943512,
        -0.7652943134307861,
        0.23153424263000488,
        -0.20235705375671387,
        0.22493021190166473,
        -0.02644248493015766,
        0.12453538924455643,
        -0.17424365878105164,
        0.05894045904278755,
        0.004958311095833778,
        -0.12204708158969879,
        0.06999963521957397,
        -0.009307815693318844,
        -0.03009006753563881,
        -0.03536289557814598,
        -0.017050841823220253,
        -0.008143923245370388,
        -0.0026213079690933228,
        0.029194630682468414,
        0.10715893656015396,
        0.06919705867767334,
        -0.0978240817785263,
        -0.09154617786407471,
        -0.12288816273212433,
        -0.09410396218299866,
        -0.09915623068809509,
        0.10142787545919418,
        0.02862168475985527,
        0.12791521847248077,
        0.0921093225479126,
        0.10430999845266342,
        -0.14289125800132751,
        0.07064856588840485,
        0.0016471249982714653,
        -0.08624957501888275,
        -0.008158955723047256,
        0.04982231929898262,
        -0.05328314006328583,
        -0.002987443935126066,
        0.11846496909856796,
        -0.019306465983390808,
        -0.05668625235557556,
        -0.06449472159147263,
        0.005150638986378908,
        -0.05328185111284256,
        0.01948394626379013,
        -0.0025805961340665817
      ]
    },
    {
      "class_id": 1,
      "class_name": "WALKING_UPSTAIRS",
      "model_confidence": 0.995361,
      "cosine_similarity": 0.832293,
      "l2_distance": 1.131283,
      "loss_history": [
        10.18623,
        0.17616,
        0.05847,
        0.03219,
        0.02355
      ],
      "risk_level": "HIGH",
      "reconstructed_input": [
        0.21575669944286346,
        -0.47653549909591675,
        0.07955758273601532,
        0.21684680879116058,
        0.2207738161087036,
        -0.7629017233848572,
        -0.24482159316539764,
        -0.3701897859573364,
        -0.2898518443107605,
        0.10728628188371658,
        0.051655903458595276,
        -0.08884808421134949,
        -0.1987917274236679,
        -0.008656702935695648,
        -0.012818146497011185,
        -0.014406914822757244,
        -0.0826927199959755,
        -0.07421708106994629,
        0.0695890262722969,
        0.24576394259929657,
        -0.061306197196245193,
        -0.02029205672442913,
        -0.1351790577173233,
        -0.021496368572115898,
        0.00938994251191616,
        0.06457362323999405,
        0.10456389933824539,
        -0.014141202904284,
        0.1497460901737213,
        0.01613413542509079,
        -0.1332559883594513,
        -0.09124806523323059,
        0.00946145411580801,
        -0.039558861404657364,
        -0.0240689255297184,
        -0.014907404780387878,
        0.005519074387848377,
        -0.16471801698207855,
        -0.002939157886430621,
        -0.09819585829973221,
        0.01512375008314848,
        -0.04666657745838165,
        0.06002838537096977,
        -0.07962197810411453,
        -0.10475819557905197,
        0.08744345605373383,
        0.02186157926917076,
        -0.019908340647816658,
        0.023214565590023994,
        -0.0006693790783174336
      ]
    },
    {
      "class_id": 2,
      "class_name": "WALKING_DOWNSTAIRS",
      "model_confidence": 0.996224,
      "cosine_similarity": 0.932203,
      "l2_distance": 1.30118,
      "loss_history": [
        0.51383,
        0.01479,
        0.01478,
        0.01478,
        0.01478
      ],
      "risk_level": "HIGH",
      "reconstructed_input": [
        0.45644479990005493,
        0.3543861508369446,
        0.04379260540008545,
        -0.18436312675476074,
        0.5328734517097473,
        -0.04268329590559006,
        0.11912044137716293,
        -0.047218043357133865,
        0.36841869354248047,
        -0.0727774128317833,
        0.17524829506874084,
        -0.11517716199159622,
        0.07577253878116608,
        -0.17409247159957886,
        0.11707659810781479,
        -0.03828663378953934,
        0.1615116447210312,
        -0.04245111346244812,
        0.04396779462695122,
        -0.07250165194272995,
        0.042110856622457504,
        0.09158435463905334,
        0.01607404090464115,
        -0.09807881712913513,
        0.006461302749812603,
        0.060319121927022934,
        -0.08308146148920059,
        0.0684070959687233,
        -0.040452003479003906,
        0.09889612346887589,
        0.08197192847728729,
        -0.12244385480880737,
        -0.029015662148594856,
        0.01246488094329834,
        -0.07392161339521408,
        -0.06588573753833771,
        -0.16961251199245453,
        0.02017875574529171,
        0.0009796185186132789,
        -0.10024703294038773,
        -0.008611226454377174,
        0.019956251606345177,
        -0.022618645802140236,
        -0.007693551480770111,
        -0.06576166301965714,
        -0.09836918115615845,
        -0.021069291979074478,
        -0.002123370999470353,
        -0.14562100172042847,
        -0.035481709986925125
      ]
    },
    {
      "class_id": 3,
      "class_name": "SITTING",
      "model_confidence": 0.993782,
      "cosine_similarity": 0.816174,
      "l2_distance": 0.943938,
      "loss_history": [
        0.52968,
        0.02137,
        0.02136,
        0.02136,
        0.02136
      ],
      "risk_level": "HIGH",
      "reconstructed_input": [
        -0.5937818288803101,
        0.053572092205286026,
        -0.10560497641563416,
        0.03319734334945679,
        0.2076755166053772,
        0.3125675618648529,
        0.01895993761718273,
        -0.4656773507595062,
        -0.023991389200091362,
        0.07353537529706955,
        0.09055638313293457,
        -0.028868624940514565,
        -0.0015557815786451101,
        -0.05417189374566078,
        -0.07822969555854797,
        0.015036078169941902,
        0.049098268151283264,
        -0.05271740257740021,
        0.037880316376686096,
        0.04901624098420143,
        -0.0061476160772144794,
        -0.4913633167743683,
        -0.04113661125302315,
        0.22134634852409363,
        -0.043249282985925674,
        0.10350856184959412,
        -0.14391520619392395,
        0.07340426743030548,
        0.24253089725971222,
        -0.006599845364689827,
        -0.23573356866836548,
        -0.2069081813097,
        -0.07914844900369644,
        -0.042620718479156494,
        -0.0808236375451088,
        -0.042778946459293365,
        0.11973843723535538,
        -0.15279130637645721,
        0.13315416872501373,
        -0.15882399678230286,
        0.21298691630363464,
        0.05431017279624939,
        0.054716549813747406,
        0.0005882820696569979,
        -0.1318170726299286,
        0.08833464980125427,
        0.10405623912811279,
        -0.2815481722354889,
        -0.031333524733781815,
        -0.01064397394657135
      ]
    },
    {
      "class_id": 4,
      "class_name": "STANDING",
      "model_confidence": 0.992074,
      "cosine_similarity": 0.656105,
      "l2_distance": 1.340013,
      "loss_history": [
        11.49016,
        0.27683,
        0.09877,
        0.05262,
        0.03736
      ],
      "risk_level": "MEDIUM",