{
  "attack": "model_inversion",
  "summary": {
    "mode": "whitebox_unmitigated",
    "avg_cosine_similarity": 0.768145,
    "avg_model_confidence": 0.970782,
    "high_risk_classes": 5,
    "total_classes": 6,
    "verdict": "VULNERABLE \u2014 model leaks class-level feature structure"
  },
  "results": [
    {
      "class_id": 0,
      "class_name": "WALKING",
      "model_confidence": 0.980846,
      "cosine_similarity": 0.73227,
      "l2_distance": 1.554665,
      "loss_history": [
        9.89033,
        0.16863
      ],
      "risk_level": "HIGH",
      "reconstructed_input": [
        0.14286552369594574,
        0.34055209159851074,
        -0.19772709906101227,
        -0.4069654047489166,
        -0.6452031135559082,
        0.5682031512260437,
        -0.6980366110801697,
        0.4897005259990692,
        -0.34128203988075256,
        0.3880074918270111,
        -0.5080347657203674,
        0.07527831941843033,
        -0.1855611801147461,
        -0.039423901587724686,
        -0.028885407373309135,
        0.058891430497169495,
        -0.44500732421875,
        0.1727164387702942,
        -0.11826348304748535,
        0.024039486423134804,
        0.07460333406925201,
        0.06381440162658691,
        0.19440872967243195,
        0.12484633177518845,
        -0.29711270332336426,
        -0.32051271200180054,
        -0.3357015550136566,
        -0.48236098885536194,
        -0.41750577092170715,
        0.3748782277107239,
        -0.0867193266749382,
        0.5561193823814392,
        0.4029303193092346,
        0.5305114984512329,
        -0.1691526621580124,
        0.03879646956920624,
        0.0341871902346611,
        -0.05308662727475166,
        0.0032706179190427065,
        0.3464389443397522,
        -0.1691611260175705,
        -0.07490641623735428,
        0.09444373100996017,
        0.20103953778743744,
        -0.20764723420143127,
        0.03476574271917343,
        0.3275907039642334,
        -0.49821266531944275,
        0.01364877913147211,
        0.06151234358549118
      ]
    },
    {
      "class_id": 1,
      "class_name": "WALKING_UPSTAIRS",
      "model_confidence": 0.954031,
      "cosine_similarity": 0.845716,
      "l2_distance": 1.530848,
      "loss_history": [
        4.35624,
        0.16779
      ],
      "risk_level": "HIGH",
      "reconstructed_input": [
        1.2698447704315186,
        -0.9464830160140991,
        -0.5094695687294006,
        0.6439418792724609,
        -0.28489309549331665,
        -0.753900408744812,
        -0.4167520999908447,
        -0.7115993499755859,
        -0.19121412932872772,
        0.08650200814008713,
        0.37971293926239014,
        -0.031132344156503677,
        -0.39170730113983154,
        0.1533336192369461,
        -0.41007646918296814,
        -0.023767055943608284,
        -0.4192582964897156,
        0.046456269919872284,
        0.06443911045789719,
        0.7123932838439941,
        -0.06156251206994057,
        -0.242609441280365,
        -0.5337566137313843,
        -0.135475754737854,
        -0.04480217769742012,
        -0.001380991074256599,
        0.3594911992549896,
        0.023966656997799873,
        0.4130776822566986,
        0.1312749981880188,
        -0.2580174207687378,
        -0.2330036163330078,
        -0.40421295166015625,
        0.13923336565494537,
        0.02157990075647831,
        0.021102584898471832,
        0.2346923053264618,
        -0.008720092475414276,
        0.043774791061878204,
        -0.03447467088699341,
        0.36749210953712463,
        -0.32233744859695435,
        0.5082567930221558,
        0.30765223503112793,
        -0.15634791553020477,
        0.08904215693473816,
        0.16690625250339508,
        0.29119083285331726,
        0.3510453999042511,
        -0.005656610243022442
      ]
    },
    {
      "class_id": 2,
      "class_name": "WALKING_DOWNSTAIRS",
      "model_confidence": 0.976412,
      "cosine_similarity": 0.85935,
      "l2_distance": 1.220625,
      "loss_history": [
        5.80462,
        0.12367
      ],
      "risk_level": "HIGH",
      "reconstructed_input": [
        0.9832282662391663,
        0.34549814462661743,
        0.2705572843551636,
        -0.1715191751718521,
        0.6865566372871399,
        -0.1316913366317749,
        0.5429259538650513,
        0.1370745152235031,
        1.1969531774520874,
        -0.053224530071020126,
        0.3869924545288086,
        -0.17791588604450226,
        0.39598461985588074,
        -0.032546088099479675,
        0.20471633970737457,
        0.22146250307559967,
        0.5024256110191345,
        -0.012790067121386528,
        0.08630859851837158,
        -0.18355979025363922,
        -0.08843661844730377,
        0.2910507917404175,
        0.29510369896888733,
        -0.4660845994949341,
        0.2366815209388733,
        -0.22294877469539642,
        -0.09767840802669525,
        -0.04468197748064995,
        -0.1524227112531662,
        0.17833997309207916,
        -0.06657592952251434,
        -0.2918453812599182,
        -0.00360448332503438,
        0.1809208244085312,
        0.0037603769451379776,
        0.03987902030348778,
        -0.4831198453903198,
        0.1341363936662674,
        0.03574709594249725,
        -0.20826205611228943,
        -0.34491831064224243,
        -0.11278874427080154,
        0.13706780970096588,
        -0.005055688321590424,
        -0.0853385254740715,
        -0.01676304265856743,
        -0.016529278829693794,
        0.1762102246284485,
        -0.44881725311279297,
        -0.12825697660446167
      ]
    },
    {
      "class_id": 3,
      "class_name": "SITTING",
      "model_confidence": 0.954977,
      "cosine_similarity": 0.755333,
      "l2_distance": 1.720624,
      "loss_history": [
        4.75039,
        0.18217
      ],
      "risk_level": "HIGH",
      "reconstructed_input": [
        -0.8265389800071716,
        0.3795069754123688,
        -0.11309552192687988,
        0.34076258540153503,
        0.4630836546421051,
        0.8030651211738586,
        -0.25772058963775635,
        -0.9319702386856079,
        -0.18177743256092072,
        0.04022471234202385,
        0.08445988595485687,
        -0.07321206480264664,
        -0.5875473022460938,
        0.3456060290336609,
        -0.28472843766212463,
        0.2374693602323532,
        -0.0959949940443039,
        0.017586493864655495,
        -0.08142051845788956,
        0.010264157317578793,
        0.04980211704969406,
        -0.9298740029335022,
        -0.34447813034057617,
        0.4631933569908142,
        -0.19709207117557526,
        0.1556585729122162,
        -0.08299978822469711,
        0.13193587958812714,
        0.4092053472995758,
        -0.09651270508766174,
        -0.4010051190853119,
        -0.5191041231155396,
        0.0031392311211675406,
        0.1873539835214615,
        0.04851778224110603,
        -0.43405354022979736,
        0.42322346568107605,
        0.23021605610847473,
        0.33883360028266907,
        0.22307495772838593,
        0.19010774791240692,
        -0.34890323877334595,
        0.3369940221309662,
        0.21447983384132385,
        -0.5019120573997498,
        -0.06657856702804565,
        0.008186441846191883,
        -0.15614552795886993,
        0.2875205874443054,
        -0.191089928150177
      ]
    },
    {
      "class_id": 4,
      "class_name": "STANDING",
      "model_confidence": 0.973622,
      "cosine_similarity": 0.77703,
      "l2_distance": 1.471996,
      "loss_history": [
        4.89333,
        0.13483
      ],
      "risk_level": "HIGH",