{
  "attack": "model_inversion",
  "mode": "mitigated (confidence masked)",
  "results": [
    {
      "class_id": 0,
      "class_name": "class_1",
      "model_confidence": 0.799974,
      "prediction_entropy": 0.819339,
      "prediction_sharpness": 0.749363,
      "reconstruction_variance": 0.030948,
      "cosine_similarity": 0.240807,
      "l2_distance": 2.072261,
      "loss_history": [
        9.28532,
        0.37865
      ],
      "risk_level": "LOW",
      "reconstructed_input": [
        0.000237954780459404,
        -0.0020217876881361008,
        0.1420883685350418,
        -0.24953827261924744,
        -0.19647270441055298,
        0.06014367565512657,
        0.04193459451198578,
        0.275494247674942,
        -0.04223558306694031,
        -0.14063987135887146,
        -0.26703906059265137,
        -0.10799393802881241,
        -0.002651169430464506,
        -0.14165325462818146,
        0.14942681789398193,
        -0.08493448793888092,
        -0.10623228549957275,
        -0.002876036800444126,
        -0.2669861912727356,
        0.06324944645166397,
        -0.0533326156437397,
        0.028932228684425354,
        -0.07310976088047028,
        -0.029888087883591652,
        -0.3437345325946808,
        0.23615168035030365,
        0.25509020686149597,
        0.3243851363658905,
        -0.3043573498725891,
        -0.13282181322574615,
        0.2401197850704193,
        0.2187301516532898,
        -0.16166645288467407,
        0.09670687466859818,
        0.2594026029109955,
        -0.006583386100828648,
        -0.12878111004829407,
        -0.19247999787330627,
        -0.1601254642009735,
        0.24954873323440552,
        0.3632751703262329,
        0.2029617428779602,
        -0.09341871738433838,
        -0.2291419506072998,
        -0.05765030160546303,
        0.009404756128787994,
        0.1513565331697464,
        0.10074161738157272,
        0.13683585822582245,
        -0.021572954952716827
      ]
    },
    {
      "class_id": 1,
      "class_name": "class_2",
      "model_confidence": 0.668214,
      "prediction_entropy": 1.132686,
      "prediction_sharpness": 0.53494,
      "reconstruction_variance": 0.031996,
      "cosine_similarity": 0.543668,
      "l2_distance": 1.637111,
      "loss_history": [
        5.4071,
        0.57142
      ],
      "risk_level": "MEDIUM",
      "reconstructed_input": [
        0.28246766328811646,
        -0.32665929198265076,
        -0.08447137475013733,
        0.2833702862262726,
        -0.11128021031618118,
        -0.4611276388168335,
        0.007625441998243332,
        -0.03476223349571228,
        -0.1404057890176773,
        -0.005836109165102243,
        0.13958829641342163,
        -0.003069850616157055,
        -0.41272348165512085,
        -0.24805811047554016,
        -0.09807547926902771,
        -0.0780290812253952,
        -0.13219986855983734,
        -0.22091557085514069,
        0.060388512909412384,
        -0.2963729798793793,
        0.150185689330101,
        0.07806967198848724,
        -0.3345566391944885,
        -0.04768067225813866,
        0.1262221485376358,
        0.2857387661933899,
        -0.15445128083229065,
        0.10334756225347519,
        0.02458697371184826,
        0.18803156912326813,
        -0.10264961421489716,
        0.1636255830526352,
        -0.1657070368528366,
        -0.30843421816825867,
        0.10991163551807404,
        -0.01285242848098278,
        -0.1512332558631897,
        -0.07694727927446365,
        0.06497243791818619,
        0.03240146487951279,
        0.17705951631069183,
        0.20077870786190033,
        -0.05357462540268898,
        0.004971420858055353,
        -0.1770414263010025,
        0.09660223126411438,
        -0.1546154022216797,
        0.2048686444759369,
        0.07047270238399506,
        -0.02287915349006653
      ]
    },
    {
      "class_id": 2,
      "class_name": "class_3",
      "model_confidence": 0.790332,
      "prediction_entropy": 0.817268,
      "prediction_sharpness": 0.706035,
      "reconstruction_variance": 0.025724,
      "cosine_similarity": 0.144405,
      "l2_distance": 2.345493,
      "loss_history": [
        9.1725,
        0.36638
      ],
      "risk_level": "LOW",
      "reconstructed_input": [
        0.21663309633731842,
        -0.008026563562452793,
        -0.11676907539367676,
        -0.10234738141298294,
        0.024636108428239822,
        0.14676162600517273,
        -0.018392661586403847,
        0.07210640609264374,
        0.16797766089439392,
        -0.18427547812461853,
        -0.37638455629348755,
        -0.14048586785793304,
        0.1539071947336197,
        -0.017655234783887863,
        -0.22901560366153717,
        0.22124789655208588,
        -0.14287890493869781,
        -0.011592541821300983,
        0.12307839840650558,
        -0.06908683478832245,
        -0.09251494705677032,
        -0.029941445216536522,
        0.2280014157295227,
        0.10244192183017731,
        0.10432744026184082,
        0.07729195058345795,
        -0.2377004772424698,
        0.01587892323732376,
        0.3560961186885834,
        -0.25143522024154663,
        -0.05113042891025543,
        0.17535941302776337,
        -0.19214031100273132,
        0.34603503346443176,
        -0.18690751492977142,
        0.22170332074165344,
        -0.04463830217719078,
        -0.029878590255975723,
        -0.12219568341970444,
        0.04725754261016846,
        0.2762713134288788,
        0.12684854865074158,
        -0.029778029769659042,
        0.15442487597465515,
        -0.11482144892215729,
        -0.13858042657375336,
        0.02739882841706276,
        0.15573932230472565,
        0.004054236691445112,
        -0.022393789142370224
      ]
    },
    {
      "class_id": 3,
      "class_name": "class_4",
      "model_confidence": 0.830223,
      "prediction_entropy": 0.714865,
      "prediction_sharpness": 0.773175,
      "reconstruction_variance": 0.01358,
      "cosine_similarity": 0.102848,
      "l2_distance": 1.748656,
      "loss_history": [
        6.81436,
        0.25533
      ],
      "risk_level": "LOW",
      "reconstructed_input": [
        -0.05225691571831703,
        -0.018140150234103203,
        0.0202652495354414,
        -0.14567047357559204,
        0.008657647296786308,
        0.09800545126199722,
        -0.1992541402578354,
        0.07129257917404175,
        0.19930893182754517,
        -0.010126217268407345,
        -0.04152489826083183,
        0.10551566630601883,
        0.11103992909193039,
        0.09735509008169174,
        0.012929816730320454,
        0.04438236728310585,
        0.0034545627422630787,
        0.16736264526844025,
        -0.007802858948707581,
        0.10284416377544403,
        -0.26608648896217346,
        -0.14037424325942993,
        0.002129502594470978,
        -0.10605446249246597,
        -0.13189609348773956,
        -0.20535600185394287,
        -0.25148001313209534,
        -0.013180049136281013,
        -0.1625330001115799,
        0.04855795577168465,
        -0.1072264313697815,
        -0.12815770506858826,
        0.12239328771829605,
        -0.11631344258785248,
        0.13817498087882996,
        0.06165178120136261,
        0.14562712609767914,
        0.01466129906475544,
        -0.07826638966798782,
        -0.15371207892894745,
        0.15080904960632324,
        0.0531640462577343,
        0.0418936088681221,
        -0.05053505674004555,
        0.08754770457744598,
        -0.05355928838253021,
        -0.12784498929977417,
        -0.09797219187021255,
        -0.21835187077522278,
        0.05765056610107422
      ]
    },
    {
      "class_id": 4,
      "class_name": "class_5",
      "model_confidence": 0.796908,
      "prediction_entropy": 0.763312,
      "prediction_sharpness": 0.690694,
      "reconstruction_variance": 0.029352,
      "cosine_similarity": 0.206095,
      "l2_distance": 1.871469,