{
  "attack": "model_inversion",
  "mode": "unmitigated",
  "results": [
    {
      "class_id": 0,
      "class_name": "class_0",
      "model_confidence": 0.670304,
      "prediction_entropy": 1.149092,
      "prediction_sharpness": 0.580082,
      "reconstruction_variance": 0.108073,
      "cosine_similarity": 0.298651,
      "l2_distance": 2.737684,
      "loss_history": [
        2.92807,
        0.57415,
        0.46292,
        0.46515,
        0.46524
      ],
      "risk_level": "LOW",
      "reconstructed_input": [
        0.5749753713607788,
        -0.29574546217918396,
        -0.38464513421058655,
        -0.2729150354862213,
        -0.5485181212425232,
        0.13008533418178558,
        -0.3034898042678833,
        0.1254042387008667,
        -0.13851073384284973,
        0.513307511806488,
        0.28705674409866333,
        0.13325653970241547,
        -0.35414940118789673,
        -0.006002479698508978,
        -0.1165602058172226,
        -0.019238820299506187,
        -5.511101335287094e-05,
        -0.12608762085437775,
        0.05095875635743141,
        0.05750834941864014,
        -0.21407127380371094,
        -0.05090497434139252,
        -0.19951830804347992,
        -0.1160208061337471,
        -0.491344153881073,
        -0.8588762879371643,
        -0.8042659759521484,
        0.3907546401023865,
        -0.021424472332000732,
        0.15555569529533386,
        -0.45643675327301025,
        -0.08141762018203735,
        -0.7084498405456543,
        -0.4891061782836914,
        0.1832381784915924,
        -0.007032603956758976,
        0.1135268360376358,
        -0.3486986756324768,
        -0.3227868676185608,
        0.14922696352005005,
        -0.11472184956073761,
        -0.9872329235076904,
        -0.4438498318195343,
        -0.007072544191032648,
        -0.2862507104873657,
        -0.27442288398742676,
        -0.13113871216773987,
        0.03243454545736313,
        -0.6913601160049438,
        0.025502122938632965
      ]
    },
    {
      "class_id": 1,
      "class_name": "class_1",
      "model_confidence": 0.637345,
      "prediction_entropy": 1.229462,
      "prediction_sharpness": 0.540015,
      "reconstruction_variance": 0.159378,
      "cosine_similarity": 0.338035,
      "l2_distance": 2.83308,
      "loss_history": [
        3.40242,
        0.54286,
        0.532,
        0.52938,
        0.53062
      ],
      "risk_level": "LOW",
      "reconstructed_input": [
        0.23808324337005615,
        -0.34524112939834595,
        0.5940617918968201,
        0.32050397992134094,
        -0.4739283621311188,
        -0.5452456474304199,
        -0.09584277123212814,
        -0.6138157248497009,
        -0.3952977657318115,
        -0.5416712760925293,
        0.6866614818572998,
        0.336211234331131,
        -0.2811097502708435,
        -0.18619008362293243,
        -0.029642300680279732,
        -0.05700066685676575,
        0.6793165802955627,
        -0.3676431477069855,
        0.3933839499950409,
        -0.028804710134863853,
        0.16076675057411194,
        0.31300804018974304,
        -0.25895437598228455,
        0.1942947804927826,
        0.6623318195343018,
        0.03556886687874794,
        -0.1111542135477066,
        -0.07147186994552612,
        0.4896548390388489,
        0.4171621799468994,
        0.3373420238494873,
        -0.2901068925857544,
        -0.13392305374145508,
        0.013879277743399143,
        -0.14023040235042572,
        0.061967626214027405,
        -0.07902435958385468,
        -0.2215711921453476,
        0.06498058885335922,
        0.5985075831413269,
        0.32902348041534424,
        -0.9628050923347473,
        -0.7956132888793945,
        0.17286564409732819,
        0.6336494088172913,
        0.06807973980903625,
        0.7070192098617554,
        0.08365575969219208,
        -0.3585595190525055,
        -0.2189248651266098
      ]
    },
    {
      "class_id": 2,
      "class_name": "class_2",
      "model_confidence": 0.556197,
      "prediction_entropy": 1.388273,
      "prediction_sharpness": 0.42589,
      "reconstruction_variance": 0.280202,
      "cosine_similarity": -0.072249,
      "l2_distance": 4.62637,
      "loss_history": [
        2.88944,
        0.76886,
        0.74363,
        0.73531,
        0.73668
      ],
      "risk_level": "LOW",
      "reconstructed_input": [
        -0.37156039476394653,
        -0.16078925132751465,
        -0.3204195201396942,
        0.13061170279979706,
        0.3426903486251831,
        -0.7789949774742126,
        0.6184239983558655,
        -0.9645842909812927,
        -0.3770618438720703,
        -0.8847779631614685,
        0.37531232833862305,
        -0.5409473776817322,
        -0.8040900826454163,
        -1.3084841966629028,
        -0.8519816398620605,
        0.6969184875488281,
        0.32942092418670654,
        -0.37855949997901917,
        0.035904593765735626,
        -0.00014151399955153465,
        -0.0400870144367218,
        0.38120725750923157,
        -0.6923893094062805,
        0.1491958200931549,
        0.3179027736186981,
        -0.13834816217422485,
        -0.25280439853668213,
        0.29692456126213074,
        -0.28142011165618896,
        -0.5057375431060791,
        -0.8070420026779175,
        0.15899132192134857,
        0.24451494216918945,
        -0.4604942798614502,
        -0.8368467092514038,
        0.8542352318763733,
        0.1166657954454422,
        -0.4077089726924896,
        0.06680920720100403,
        0.5469222664833069,
        0.5400437712669373,
        -0.004340144339948893,
        -0.8758254051208496,
        -0.15793827176094055,
        -0.05721001699566841,
        1.0165941715240479,
        -0.146408811211586,
        -0.8666540384292603,
        -0.8267404437065125,
        0.12638725340366364
      ]
    },
    {
      "class_id": 3,
      "class_name": "class_3",
      "model_confidence": 0.714387,
      "prediction_entropy": 1.046366,
      "prediction_sharpness": 0.633248,
      "reconstruction_variance": 0.125046,
      "cosine_similarity": 0.259287,
      "l2_distance": 2.619414,
      "loss_history": [
        1.96218,
        0.39736,
        0.39625,
        0.39617,
        0.39895
      ],
      "risk_level": "LOW",
      "reconstructed_input": [
        -0.5420039296150208,
        0.629107654094696,
        -0.013624797575175762,
        0.044264405965805054,
        -0.17090505361557007,
        0.3613266944885254,
        -0.4321804344654083,
        0.242878720164299,
        0.21917690336704254,
        -0.06768597662448883,
        0.4517952501773834,
        0.3239504098892212,
        -0.1308162808418274,
        -0.6735654473304749,
        -0.16230227053165436,
        -0.33603793382644653,
        0.26431453227996826,
        -0.5456098914146423,
        -0.3577690124511719,
        -0.04608861729502678,
        -0.3444526493549347,
        -0.20306800305843353,
        -0.4139794111251831,
        0.07105112075805664,
        0.30621138215065,
        -0.4753384590148926,
        0.0659879669547081,
        -0.027499981224536896,
        0.5224137306213379,
        0.30963394045829773,
        -0.10550177842378616,
        -0.3613460958003998,
        -0.39185982942581177,
        -0.18955154716968536,
        -0.044809404760599136,
        0.3867366909980774,
        -0.05249972268939018,
        0.45297035574913025,
        0.6510305404663086,
        0.21546876430511475,
        -0.08507872372865677,
        -0.6658188700675964,
        -0.2955191135406494,
        0.17966897785663605,
        0.18479669094085693,
        -0.6401315331459045,
        0.24635671079158783,
        0.33392661809921265,
        -0.22704508900642395,
        -0.5895207524299622
      ]
    },
    {
      "class_id": 4,
      "class_name": "class_4",
      "model_confidence": 0.715064,
      "prediction_entropy": 1.028526,
      "prediction_sharpness": 0.618336,
      "reconstruction_variance": 0.125577,