{
  "attack": "model_inversion",
  "mode": "defended (noise=3.0, temp=15.0)",
  "results": [
    {
      "class_id": 0,
      "class_name": "class_0",
      "model_confidence": 0.231771,
      "prediction_entropy": 1.733611,
      "prediction_sharpness": 0.035224,
      "reconstruction_variance": 0.056787,
      "cosine_similarity": 0.315066,
      "l2_distance": 2.172827,
      "loss_history": [
        2.46031,
        1.65217,
        1.96561,
        1.9376,
        1.50005
      ],
      "risk_level": "LOW",
      "reconstructed_input": [
        0.2494867742061615,
        -0.057542458176612854,
        0.11204201728105545,
        -0.11160740256309509,
        -0.21107275784015656,
        0.30095845460891724,
        -0.24609269201755524,
        0.5617612600326538,
        -0.2468218207359314,
        -0.3979594111442566,
        -0.08231716603040695,
        0.11385336518287659,
        -0.057868506759405136,
        -0.1655317097902298,
        0.35301336646080017,
        -0.2709446847438812,
        0.059666894376277924,
        -0.25953611731529236,
        -0.07437548041343689,
        0.22293104231357574,
        0.4360063076019287,
        0.14965933561325073,
        0.22035786509513855,
        0.20624586939811707,
        0.06297467648983002,
        0.34107524156570435,
        0.1924530267715454,
        0.5127250552177429,
        -0.06289056688547134,
        -0.16482090950012207,
        -0.06970825791358948,
        0.13788290321826935,
        0.03730606660246849,
        0.3685632348060608,
        -0.4186391532421112,
        0.0928519070148468,
        -0.2227431982755661,
        0.36338314414024353,
        -0.0761580541729927,
        -0.29089900851249695,
        0.07106520235538483,
        0.23924650251865387,
        0.17669829726219177,
        0.22061003744602203,
        -0.013939063996076584,
        -0.09906593710184097,
        -0.06730295717716217,
        0.06940196454524994,
        -0.3805413246154785,
        0.22100374102592468
      ]
    },
    {
      "class_id": 1,
      "class_name": "class_1",
      "model_confidence": 0.182956,
      "prediction_entropy": 1.786126,
      "prediction_sharpness": 0.002556,
      "reconstruction_variance": 0.04528,
      "cosine_similarity": -0.004987,
      "l2_distance": 2.462756,
      "loss_history": [
        2.23659,
        2.03285,
        2.27934,
        1.82891,
        1.83868
      ],
      "risk_level": "LOW",
      "reconstructed_input": [
        0.3817395865917206,
        0.3342048227787018,
        0.1393357664346695,
        0.1960020512342453,
        -0.19150136411190033,
        0.14416685700416565,
        0.09855829924345016,
        -0.0710115060210228,
        0.28206443786621094,
        0.04712630808353424,
        -0.04224986582994461,
        -0.0767439752817154,
        -0.10452790558338165,
        0.013950904831290245,
        0.3111698627471924,
        -0.2513154447078705,
        0.42505979537963867,
        -0.11443765461444855,
        0.06030409783124924,
        0.059063829481601715,
        -0.1013358011841774,
        0.04269516468048096,
        -0.3305168151855469,
        0.03707988187670708,
        -0.2235889881849289,
        0.02059956267476082,
        -0.06447941064834595,
        0.10256881266832352,
        0.10501667112112045,
        -0.044412918388843536,
        -0.00485391216352582,
        0.29890212416648865,
        -0.1474311798810959,
        -0.1155942901968956,
        0.05783592164516449,
        0.14606188237667084,
        0.24496619403362274,
        0.5141900181770325,
        0.2831219732761383,
        0.026732908561825752,
        -0.5146806240081787,
        -0.25202128291130066,
        -0.3564991354942322,
        0.06893619149923325,
        0.24643483757972717,
        -0.3360399603843689,
        0.10267320275306702,
        0.06365766376256943,
        0.1643010526895523,
        -0.17197181284427643
      ]
    },
    {
      "class_id": 2,
      "class_name": "class_2",
      "model_confidence": 0.229881,
      "prediction_entropy": 1.723926,
      "prediction_sharpness": 0.002173,
      "reconstruction_variance": 0.052326,
      "cosine_similarity": 0.252245,
      "l2_distance": 2.40855,
      "loss_history": [
        2.23576,
        1.91719,
        1.69374,
        1.60191,
        1.8184
      ],
      "risk_level": "LOW",
      "reconstructed_input": [
        0.05786847695708275,
        0.29481226205825806,
        -0.04672882705926895,
        -0.3298293948173523,
        0.15471519529819489,
        0.4136594235897064,
        0.07855106145143509,
        0.12135837972164154,
        0.047042474150657654,
        -0.07999812811613083,
        0.186207115650177,
        -0.19055864214897156,
        -0.02982918731868267,
        0.33188363909721375,
        0.3255743384361267,
        -0.1796436458826065,
        0.6091199517250061,
        0.28331121802330017,
        0.04474978148937225,
        0.0976095199584961,
        0.24501068890094757,
        -0.1809513419866562,
        -0.06993017345666885,
        -0.23824931681156158,
        -0.44684523344039917,
        0.1580227166414261,
        0.3622833788394928,
        0.3249127268791199,
        -0.07518827170133591,
        -0.006110623944550753,
        0.14377683401107788,
        -0.020452793687582016,
        0.14069204032421112,
        -0.30327072739601135,
        0.15539580583572388,
        0.1503484845161438,
        -0.32856208086013794,
        0.0745340958237648,
        -0.03182922303676605,
        0.07014396041631699,
        0.07188036292791367,
        -0.24275191128253937,
        0.22429075837135315,
        0.07396528124809265,
        0.20586492121219635,
        -0.38418835401535034,
        -0.10518530011177063,
        0.39275527000427246,
        -0.11008856445550919,
        -0.301541268825531
      ]
    },
    {
      "class_id": 3,
      "class_name": "class_3",
      "model_confidence": 0.232858,
      "prediction_entropy": 1.76866,
      "prediction_sharpness": 0.041534,
      "reconstruction_variance": 0.047345,
      "cosine_similarity": 0.448999,
      "l2_distance": 1.694293,
      "loss_history": [
        2.31672,
        2.05631,
        1.49543,
        1.47985,
        1.74241
      ],
      "risk_level": "MEDIUM",
      "reconstructed_input": [
        -0.4832371473312378,
        0.27296456694602966,
        -0.2712489664554596,
        0.49032196402549744,
        0.327053040266037,
        0.5353364944458008,
        0.07017185539007187,
        0.05671542137861252,
        -0.20620641112327576,
        -0.12180355191230774,
        0.05989241972565651,
        -0.12729094922542572,
        0.0373421274125576,
        0.08525627851486206,
        -0.21631783246994019,
        -0.18524609506130219,
        0.10768786072731018,
        -0.1397528499364853,
        0.1718582808971405,
        0.1257113665342331,
        0.10455474257469177,
        0.2839133143424988,
        0.4061884582042694,
        -0.007996669039130211,
        0.2641802728176117,
        0.3871767222881317,
        0.38015052676200867,
        0.15548010170459747,
        -0.030883323401212692,
        -0.029211437329649925,
        0.08388684689998627,
        -0.19594480097293854,
        -0.1845376342535019,
        -0.08029789477586746,
        0.2384834587574005,
        -0.059255074709653854,
        -0.010286364704370499,
        0.12834565341472626,
        0.18165458738803864,
        0.22495977580547333,
        0.2517733871936798,
        0.04531140625476837,
        0.1312531679868698,
        -0.13739539682865143,
        -0.3565966784954071,
        0.40169772505760193,
        0.044002752751111984,
        -0.011193249374628067,
        0.07614608854055405,
        -0.10151638835668564
      ]
    },
    {
      "class_id": 4,
      "class_name": "class_4",
      "model_confidence": 0.209585,
      "prediction_entropy": 1.782624,
      "prediction_sharpness": 0.039852,