{
  "attack": "model_inversion",
  "mode": "defended (noise=3.0, temp=15.0)",
  "results": [
    {
      "class_id": 0,
      "class_name": "class_0",
      "model_confidence": 0.194015,
      "prediction_entropy": 1.778092,
      "prediction_sharpness": 0.007065,
      "reconstruction_variance": 0.061114,
      "cosine_similarity": 0.382267,
      "l2_distance": 2.083962,
      "loss_history": [
        2.36572,
        1.7432,
        0.99481,
        1.77536,
        1.87504
      ],
      "risk_level": "MEDIUM",
      "reconstructed_input": [
        0.20474873483181,
        0.5069410800933838,
        -0.1360173523426056,
        -0.4101622998714447,
        -0.207969069480896,
        0.24769029021263123,
        -0.13522475957870483,
        -0.2541322112083435,
        -0.3080514669418335,
        -0.1250351220369339,
        0.3984716832637787,
        0.08344704657793045,
        -0.1674605756998062,
        0.11512720584869385,
        0.35560983419418335,
        0.24842935800552368,
        -0.3536924719810486,
        -0.06125239282846451,
        0.05834361910820007,
        0.2874392867088318,
        -0.17686237394809723,
        0.5657422542572021,
        -0.21432478725910187,
        -0.0814865231513977,
        -0.036245040595531464,
        -0.07720974832773209,
        -0.13176165521144867,
        -0.2376079261302948,
        0.03537031635642052,
        -0.5437003970146179,
        -0.025852080434560776,
        0.3234124779701233,
        0.1959260106086731,
        0.08176040649414062,
        -0.16379335522651672,
        -0.16300678253173828,
        -0.11468435823917389,
        -0.029911192134022713,
        0.26259759068489075,
        0.3022468090057373,
        -0.14563991129398346,
        0.22255150973796844,
        0.13943666219711304,
        0.1241750568151474,
        -0.2764587998390198,
        -0.10711594671010971,
        0.5079951286315918,
        -0.18066643178462982,
        0.14923012256622314,
        -0.030412282794713974
      ]
    },
    {
      "class_id": 1,
      "class_name": "class_1",
      "model_confidence": 0.206689,
      "prediction_entropy": 1.768767,
      "prediction_sharpness": 0.010036,
      "reconstruction_variance": 0.049853,
      "cosine_similarity": 0.229441,
      "l2_distance": 2.213061,
      "loss_history": [
        2.42278,
        1.90981,
        1.5241,
        1.58327,
        1.96175
      ],
      "risk_level": "LOW",
      "reconstructed_input": [
        0.359470397233963,
        -0.0234510637819767,
        0.1495511829853058,
        -0.06664486974477768,
        -0.11260455846786499,
        -0.12960343062877655,
        0.07570845633745193,
        -0.3769274353981018,
        -0.28564369678497314,
        -0.36038294434547424,
        0.055737316608428955,
        0.11068962514400482,
        -0.28677332401275635,
        -0.032621465623378754,
        -0.17902392148971558,
        0.23182958364486694,
        -0.2736873924732208,
        0.1136622428894043,
        -0.16031911969184875,
        0.06857362389564514,
        -0.20291796326637268,
        0.1393761932849884,
        0.09898335486650467,
        -0.10117175430059433,
        0.25679999589920044,
        0.36004555225372314,
        0.08664929121732712,
        0.13394491374492645,
        -0.25666093826293945,
        -0.6283903121948242,
        -0.2519340217113495,
        -0.11984550207853317,
        -0.41524243354797363,
        -0.1431390345096588,
        0.0770518034696579,
        0.06315254420042038,
        0.2635335624217987,
        0.26569610834121704,
        0.03301257640123367,
        0.26445141434669495,
        -0.44889751076698303,
        -0.19260604679584503,
        -0.12203329801559448,
        0.06266258656978607,
        -0.06726359575986862,
        -0.08018245548009872,
        -0.3822668194770813,
        0.03735550865530968,
        -0.15409785509109497,
        0.23931801319122314
      ]
    },
    {
      "class_id": 2,
      "class_name": "class_2",
      "model_confidence": 0.229337,
      "prediction_entropy": 1.768586,
      "prediction_sharpness": 0.053754,
      "reconstruction_variance": 0.075908,
      "cosine_similarity": 0.441084,
      "l2_distance": 2.249719,
      "loss_history": [
        2.51795,
        1.46867,
        1.64846,
        1.68604,
        1.96666
      ],
      "risk_level": "MEDIUM",
      "reconstructed_input": [
        0.5821813344955444,
        0.6616997122764587,
        0.43821483850479126,
        -0.10937655717134476,
        0.7351094484329224,
        0.03751029074192047,
        0.2684606909751892,
        -0.00800512544810772,
        -0.22994883358478546,
        0.07485489547252655,
        -0.09424399584531784,
        -0.11643993854522705,
        0.18656310439109802,
        -0.016265282407402992,
        0.03269962966442108,
        -0.16436587274074554,
        -0.11207154393196106,
        0.01745709404349327,
        0.24604535102844238,
        -0.08413732051849365,
        0.3143713176250458,
        0.07844002544879913,
        0.8661643862724304,
        0.41697990894317627,
        0.257352739572525,
        0.13323043286800385,
        -0.268923282623291,
        0.1260305792093277,
        -0.02749509923160076,
        -0.45293498039245605,
        -0.31341806054115295,
        -0.3204406797885895,
        0.14936064183712006,
        -0.16437070071697235,
        0.006850074976682663,
        -0.1067059263586998,
        0.11710543930530548,
        -0.10371000319719315,
        0.12560299038887024,
        0.06124911084771156,
        0.5342929363250732,
        -0.1491415947675705,
        0.2137000411748886,
        0.27201858162879944,
        0.06794425845146179,
        -0.19970108568668365,
        -0.0880291610956192,
        -0.22027581930160522,
        -0.020504958927631378,
        0.15750336647033691
      ]
    },
    {
      "class_id": 3,
      "class_name": "class_3",
      "model_confidence": 0.29466,
      "prediction_entropy": 1.739263,
      "prediction_sharpness": 0.140438,
      "reconstruction_variance": 0.045931,
      "cosine_similarity": 0.508392,
      "l2_distance": 1.592865,
      "loss_history": [
        1.96245,
        1.81494,
        1.46114,
        1.34243,
        1.66611
      ],
      "risk_level": "MEDIUM",
      "reconstructed_input": [
        -0.31202664971351624,
        -0.09107090532779694,
        -0.34032148122787476,
        -0.12922418117523193,
        0.5326138138771057,
        0.07106263935565948,
        0.1457851082086563,
        -0.28030362725257874,
        -0.09952650964260101,
        -0.04560866951942444,
        0.1712859570980072,
        0.012673383578658104,
        -0.04431108757853508,
        -0.28462234139442444,
        -0.2502352297306061,
        -0.5731037259101868,
        -0.14249514043331146,
        -0.2693926692008972,
        -0.09096579253673553,
        -0.036996498703956604,
        0.08298052847385406,
        -0.2946436107158661,
        -0.13586173951625824,
        0.03738848865032196,
        -0.21417701244354248,
        0.25399571657180786,
        -0.24385342001914978,
        0.2554732859134674,
        0.39174845814704895,
        -0.18726202845573425,
        -0.4817330539226532,
        0.11096290498971939,
        -0.06821536272764206,
        -0.19858203828334808,
        -0.004824597388505936,
        -0.21885234117507935,
        -0.0730496272444725,
        0.15131941437721252,
        0.0257655568420887,
        -0.12177643179893494,
        -0.2795274555683136,
        0.06534769386053085,
        -0.2901262044906616,
        -0.10006827861070633,
        0.09994830191135406,
        -0.12677045166492462,
        0.07068932056427002,
        0.07650459557771683,
        0.3285141587257385,
        -0.18772466480731964
      ]
    },
    {
      "class_id": 4,
      "class_name": "class_4",
      "model_confidence": 0.203846,
      "prediction_entropy": 1.774231,