{
  "attack": "model_inversion",
  "mode": "unmitigated",
  "results": [
    {
      "class_id": 0,
      "class_name": "class_1",
      "model_confidence": 0.856601,
      "prediction_entropy": 0.63927,
      "prediction_sharpness": 0.820679,
      "reconstruction_variance": 0.097654,
      "cosine_similarity": 0.35791,
      "l2_distance": 2.383449,
      "loss_history": [
        2.07495,
        0.218
      ],
      "risk_level": "MEDIUM",
      "reconstructed_input": [
        0.11889145523309708,
        0.3718647360801697,
        0.1467234194278717,
        -0.3130342662334442,
        -0.1903780698776245,
        0.2539590299129486,
        -0.28756025433540344,
        -0.044645559042692184,
        -0.4188638925552368,
        -0.188042551279068,
        -0.5826855301856995,
        -0.20154882967472076,
        -0.1300048977136612,
        -0.16266997158527374,
        -0.08383055031299591,
        0.31907132267951965,
        -0.24326291680335999,
        -0.060583360493183136,
        -0.5481646060943604,
        -0.10974357277154922,
        0.16575656831264496,
        0.30424216389656067,
        0.1143282875418663,
        -0.29348328709602356,
        -0.22982054948806763,
        0.6134068369865417,
        0.5261220335960388,
        -0.2461729645729065,
        -0.33089500665664673,
        -0.453239768743515,
        0.32067450881004333,
        0.8792982697486877,
        0.10952658951282501,
        0.536354124546051,
        0.07712730765342712,
        0.013825850561261177,
        0.10159808397293091,
        0.14587008953094482,
        -0.3158004581928253,
        0.2391786128282547,
        0.2603946924209595,
        0.2989988327026367,
        0.09965803474187851,
        -0.27025389671325684,
        -0.21481570601463318,
        -0.4283493459224701,
        0.2298281490802765,
        -0.13082733750343323,
        0.18540655076503754,
        0.25011488795280457
      ]
    },
    {
      "class_id": 1,
      "class_name": "class_2",
      "model_confidence": 0.743763,
      "prediction_entropy": 0.950487,
      "prediction_sharpness": 0.641391,
      "reconstruction_variance": 0.118816,
      "cosine_similarity": 0.449505,
      "l2_distance": 2.33457,
      "loss_history": [
        2.67476,
        0.36347
      ],
      "risk_level": "MEDIUM",
      "reconstructed_input": [
        0.617011547088623,
        -0.7071268558502197,
        0.17407549917697906,
        0.028081849217414856,
        -0.01869194209575653,
        -0.9668574929237366,
        -0.20771001279354095,
        0.025100968778133392,
        0.07091804593801498,
        0.27139508724212646,
        0.11240317672491074,
        -0.00463092140853405,
        -0.16792552173137665,
        -0.35168758034706116,
        0.022618522867560387,
        0.29868683218955994,
        -0.3980497121810913,
        -0.07103438675403595,
        0.8222221732139587,
        -0.40607771277427673,
        0.47530484199523926,
        -0.2956521809101105,
        0.041225094348192215,
        0.11218154430389404,
        -0.05072872340679169,
        0.6248041391372681,
        -0.12119350582361221,
        0.08757290244102478,
        0.023702621459960938,
        0.6060119271278381,
        -0.3853784501552582,
        0.47722679376602173,
        -0.256498783826828,
        0.24623651802539825,
        0.09222282469272614,
        0.14255546033382416,
        0.31749317049980164,
        -0.3662959039211273,
        -0.05845702439546585,
        0.30371442437171936,
        0.09083880484104156,
        0.5752436518669128,
        0.009835073724389076,
        0.05237636715173721,
        -0.24804487824440002,
        0.13608704507350922,
        -0.2551059126853943,
        -0.44520702958106995,
        -0.228016197681427,
        0.14940564334392548
      ]
    },
    {
      "class_id": 2,
      "class_name": "class_3",
      "model_confidence": 0.84632,
      "prediction_entropy": 0.655631,
      "prediction_sharpness": 0.787639,
      "reconstruction_variance": 0.084709,
      "cosine_similarity": 0.234277,
      "l2_distance": 2.65291,
      "loss_history": [
        1.79274,
        0.21524
      ],
      "risk_level": "LOW",
      "reconstructed_input": [
        0.26320314407348633,
        -0.45828187465667725,
        -0.05329406261444092,
        -0.3689970076084137,
        0.16717016696929932,
        -0.01707075722515583,
        -0.2424180507659912,
        -0.024289531633257866,
        0.4421766400337219,
        -0.2964862883090973,
        0.04771370440721512,
        -0.39334824681282043,
        0.33213308453559875,
        -0.11322558671236038,
        -0.3189478814601898,
        0.3742598295211792,
        -0.23437561094760895,
        0.2230178415775299,
        0.03334924951195717,
        -0.12398358434438705,
        0.09142152220010757,
        0.18146219849586487,
        0.5891599059104919,
        -0.01593805104494095,
        0.03627939149737358,
        0.29397743940353394,
        -0.26569664478302,
        0.008559885434806347,
        0.5432170629501343,
        -0.4059269428253174,
        0.007904595695436,
        -0.032730914652347565,
        -0.03109896183013916,
        0.44727176427841187,
        -0.2111044079065323,
        0.49767616391181946,
        -0.11743371188640594,
        -0.1489245742559433,
        -0.1835917979478836,
        -0.2992623448371887,
        0.6993334889411926,
        0.290623277425766,
        -0.20258274674415588,
        0.1504429578781128,
        -0.38841521739959717,
        -0.2250991016626358,
        0.25587958097457886,
        0.36004436016082764,
        -0.30015575885772705,
        -0.16800379753112793
      ]
    },
    {
      "class_id": 3,
      "class_name": "class_4",
      "model_confidence": 0.916658,
      "prediction_entropy": 0.415605,
      "prediction_sharpness": 0.891225,
      "reconstruction_variance": 0.055655,
      "cosine_similarity": 0.123216,
      "l2_distance": 2.196806,
      "loss_history": [
        2.25877,
        0.12437
      ],
      "risk_level": "LOW",
      "reconstructed_input": [
        -0.12341158837080002,
        -0.41659197211265564,
        0.17071935534477234,
        -0.26990368962287903,
        -0.08745667338371277,
        0.1738806515932083,
        -0.4567320644855499,
        -0.10512569546699524,
        0.21415963768959045,
        -0.12581783533096313,
        -0.05134844034910202,
        0.2146531492471695,
        0.0100391935557127,
        -0.05604049935936928,
        -0.16505126655101776,
        0.05547209084033966,
        0.26463162899017334,
        0.36230379343032837,
        0.1870606541633606,
        0.18129348754882812,
        -0.36050981283187866,
        -0.4870681166648865,
        0.07281571626663208,
        -0.2218802124261856,
        -0.17070671916007996,
        -0.16434744000434875,
        -0.4078826308250427,
        0.08172580599784851,
        -0.33544814586639404,
        3.6923389416188e-05,
        0.019235506653785706,
        -0.09617765247821808,
        -0.014070844277739525,
        -0.08081984519958496,
        -0.005773832090198994,
        0.39292898774147034,
        0.46086034178733826,
        -0.04987996816635132,
        -0.36375007033348083,
        -0.18228843808174133,
        0.4932410418987274,
        0.03518156707286835,
        0.1113092228770256,
        -0.22421205043792725,
        0.14772985875606537,
        -0.007829180918633938,
        -0.3393092453479767,
        -0.014196474105119705,
        -0.36395418643951416,
        0.09876415878534317
      ]
    },
    {
      "class_id": 4,
      "class_name": "class_5",
      "model_confidence": 0.820478,
      "prediction_entropy": 0.727135,
      "prediction_sharpness": 0.743639,
      "reconstruction_variance": 0.096347,
      "cosine_similarity": 0.002743,
      "l2_distance": 2.78364,
      "loss_history": [
        3.49655,
        0.32312
      ],
      "risk_level": "LOW",