{
  "attack": "model_inversion",
  "mode": "defended (noise=3.0, temp=15.0)",
  "results": [
    {
      "class_id": 0,
      "class_name": "class_0",
      "model_confidence": 0.212077,
      "prediction_entropy": 1.731297,
      "prediction_sharpness": 0.007013,
      "reconstruction_variance": 0.025981,
      "cosine_similarity": 0.167778,
      "l2_distance": 2.14602,
      "loss_history": [
        2.47255,
        1.70986,
        1.70471,
        2.19603,
        1.79582
      ],
      "risk_level": "LOW",
      "reconstructed_input": [
        -0.012169020250439644,
        0.3024362027645111,
        -0.3328095078468323,
        -0.03887670487165451,
        0.006741857156157494,
        -0.16835686564445496,
        -0.18044285476207733,
        0.11920271068811417,
        -0.17774035036563873,
        0.07453271746635437,
        -0.20609495043754578,
        -0.1001359149813652,
        -0.2705409526824951,
        0.07417408376932144,
        0.07962602376937866,
        -0.013176441192626953,
        -0.0510406568646431,
        -0.0759747326374054,
        -0.25841742753982544,
        0.018199270591139793,
        -0.2318802922964096,
        -0.24975384771823883,
        0.2117944359779358,
        0.07146821916103363,
        -0.08230297267436981,
        -0.03713927045464516,
        0.09380780160427094,
        -0.07152058184146881,
        -0.06995643675327301,
        -0.19620934128761292,
        -0.2358544021844864,
        -0.3517380654811859,
        0.029035530984401703,
        -0.09363856911659241,
        -0.465904176235199,
        -0.045144155621528625,
        0.06058204546570778,
        -0.09563110023736954,
        0.03622002154588699,
        -0.1328994631767273,
        0.17901162803173065,
        0.07594826072454453,
        0.08232349157333374,
        0.21525581181049347,
        -0.24684153497219086,
        0.17971011996269226,
        -0.2512706220149994,
        -0.17793789505958557,
        0.007259470876306295,
        -0.002184495097026229
      ]
    },
    {
      "class_id": 1,
      "class_name": "class_1",
      "model_confidence": 0.226671,
      "prediction_entropy": 1.775855,
      "prediction_sharpness": 0.050575,
      "reconstruction_variance": 0.032434,
      "cosine_similarity": -0.187959,
      "l2_distance": 2.505265,
      "loss_history": [
        2.58373,
        1.90951,
        2.20007,
        2.12711,
        1.74578
      ],
      "risk_level": "LOW",
      "reconstructed_input": [
        0.03486990928649902,
        0.2337859869003296,
        0.22323937714099884,
        0.029840074479579926,
        -0.0932040885090828,
        0.19917359948158264,
        0.19746294617652893,
        0.14994503557682037,
        0.012494366616010666,
        -0.11457496136426926,
        0.016182148829102516,
        0.21080133318901062,
        0.13398543000221252,
        -0.021879838779568672,
        0.12523584067821503,
        0.017061766237020493,
        -0.04488682001829147,
        -0.1838330626487732,
        -0.05541317164897919,
        0.13623517751693726,
        0.16208863258361816,
        0.12802107632160187,
        -0.05866413190960884,
        0.05705849826335907,
        0.18213990330696106,
        0.35590317845344543,
        -0.006231555715203285,
        0.17135846614837646,
        -0.35790902376174927,
        0.1427687406539917,
        -0.09990260750055313,
        -0.35556042194366455,
        -0.29412490129470825,
        -0.014724558219313622,
        -0.3347432315349579,
        0.09651536494493484,
        0.2517443597316742,
        0.1327812224626541,
        -0.35804587602615356,
        0.1518661081790924,
        0.06837727129459381,
        -0.24989159405231476,
        -0.14677457511425018,
        0.08342278748750687,
        -0.0954953208565712,
        0.006608156953006983,
        0.11965160816907883,
        -0.13080643117427826,
        -0.03229454532265663,
        -0.3966088891029358
      ]
    },
    {
      "class_id": 2,
      "class_name": "class_2",
      "model_confidence": 0.252066,
      "prediction_entropy": 1.750635,
      "prediction_sharpness": 0.047797,
      "reconstruction_variance": 0.037732,
      "cosine_similarity": 0.340039,
      "l2_distance": 2.180961,
      "loss_history": [
        2.36478,
        1.57719,
        1.37705,
        2.15,
        1.8292
      ],
      "risk_level": "LOW",
      "reconstructed_input": [
        0.2849093973636627,
        0.15657742321491241,
        -0.22198130190372467,
        -0.1176418885588646,
        0.19443091750144958,
        -0.09555467963218689,
        0.21681712567806244,
        0.09532398730516434,
        0.45149487257003784,
        -0.037360936403274536,
        0.07046458125114441,
        -0.5953670144081116,
        0.04117489233613014,
        0.019930807873606682,
        -0.2277449518442154,
        0.15811865031719208,
        -0.14852526783943176,
        -0.11267457902431488,
        -0.19132642447948456,
        0.01848037913441658,
        -0.04759986326098442,
        -0.06963051855564117,
        0.3094530701637268,
        0.07330197840929031,
        0.4061809778213501,
        -0.2075270712375641,
        -0.0826496034860611,
        0.11483824253082275,
        -0.16334888339042664,
        0.36328285932540894,
        0.0332050584256649,
        0.1292572170495987,
        0.2870377004146576,
        -0.08095690608024597,
        -0.06586404889822006,
        0.04982089251279831,
        0.012018113397061825,
        -0.13103365898132324,
        0.20095586776733398,
        0.10133340209722519,
        -0.0535893440246582,
        -0.18286572396755219,
        -0.19056394696235657,
        0.1627427339553833,
        0.10988792032003403,
        0.11342260986566544,
        -0.20931117236614227,
        -0.11061850190162659,
        -0.12187972664833069,
        0.21199510991573334
      ]
    },
    {
      "class_id": 3,
      "class_name": "class_3",
      "model_confidence": 0.291896,
      "prediction_entropy": 1.732841,
      "prediction_sharpness": 0.133824,
      "reconstruction_variance": 0.042544,
      "cosine_similarity": 0.186141,
      "l2_distance": 1.978452,
      "loss_history": [
        2.25668,
        1.90034,
        2.1075,
        1.13556,
        1.94736
      ],
      "risk_level": "LOW",
      "reconstructed_input": [
        -0.019390173256397247,
        0.1044289618730545,
        -0.0656743273139,
        -0.18273884057998657,
        0.36576178669929504,
        0.0406741201877594,
        0.08316458761692047,
        0.10601375252008438,
        -0.2932262122631073,
        0.032932620495557785,
        -0.12452808022499084,
        0.18750378489494324,
        0.17655260860919952,
        -0.06193572282791138,
        -0.17981788516044617,
        0.10457558184862137,
        0.10452210903167725,
        -0.24103200435638428,
        -0.23889398574829102,
        0.47958722710609436,
        -0.29061296582221985,
        -0.39521539211273193,
        0.02275514043867588,
        0.30933046340942383,
        0.04077071323990822,
        0.14700283110141754,
        -0.049532778561115265,
        0.3199077546596527,
        -0.09017342329025269,
        -0.019265100359916687,
        -0.11336667090654373,
        0.2106555700302124,
        0.28837698698043823,
        0.03308000788092613,
        -0.2569749355316162,
        -0.21102820336818695,
        -0.07053396850824356,
        0.21362940967082977,
        0.07860830426216125,
        0.268633097410202,
        -0.21305054426193237,
        -0.12725715339183807,
        0.44605597853660583,
        0.21923494338989258,
        -0.07084381580352783,
        -0.0699664056301117,
        0.004618888720870018,
        0.036386266350746155,
        0.4417743682861328,
        -0.13825680315494537
      ]
    },
    {
      "class_id": 4,
      "class_name": "class_4",
      "model_confidence": 0.201446,
      "prediction_entropy": 1.780807,