{
  "attack": "model_inversion",
  "mode": "defended (noise=3.0, temp=15.0)",
  "results": [
    {
      "class_id": 0,
      "class_name": "class_0",
      "model_confidence": 0.200547,
      "prediction_entropy": 1.780948,
      "prediction_sharpness": 0.012381,
      "reconstruction_variance": 0.033936,
      "cosine_similarity": 0.374942,
      "l2_distance": 1.923828,
      "loss_history": [
        2.25861,
        0.63746,
        1.94832,
        1.89446,
        1.47561
      ],
      "risk_level": "MEDIUM",
      "reconstructed_input": [
        0.4730154871940613,
        -0.007814629003405571,
        -0.3959537148475647,
        -0.19242459535598755,
        -0.2796236574649811,
        0.0025951554998755455,
        -0.3038007318973541,
        0.23163138329982758,
        0.11802004277706146,
        -0.1736360639333725,
        0.15299391746520996,
        0.22550706565380096,
        -0.018406078219413757,
        -0.13209477066993713,
        0.2581939697265625,
        -0.0931178480386734,
        0.20536154508590698,
        0.2674528956413269,
        -0.03220038861036301,
        0.030391231179237366,
        -0.11328641325235367,
        0.10703796148300171,
        0.18752014636993408,
        0.04024532809853554,
        -0.2617080509662628,
        -0.28849056363105774,
        0.1337059736251831,
        -0.040370553731918335,
        0.10585338622331619,
        0.1307990700006485,
        -0.17194302380084991,
        -0.126691997051239,
        0.21269458532333374,
        -0.10913219302892685,
        0.1656651645898819,
        -0.30423182249069214,
        -0.0815444365143776,
        0.19643762707710266,
        -0.004613807890564203,
        -0.15443739295005798,
        -0.21112129092216492,
        -0.26881471276283264,
        0.04476188123226166,
        0.015412356704473495,
        -0.188348188996315,
        0.06340063363313675,
        -0.028353583067655563,
        -0.05282047018408775,
        -0.15948456525802612,
        -0.05894630774855614
      ]
    },
    {
      "class_id": 1,
      "class_name": "class_1",
      "model_confidence": 0.195929,
      "prediction_entropy": 1.786017,
      "prediction_sharpness": 0.01555,
      "reconstruction_variance": 0.035221,
      "cosine_similarity": 0.34934,
      "l2_distance": 1.927382,
      "loss_history": [
        2.29764,
        1.1934,
        2.31432,
        1.88158,
        1.73447
      ],
      "risk_level": "LOW",
      "reconstructed_input": [
        0.2337237447500229,
        -0.2098015397787094,
        -0.03760460019111633,
        0.2732643783092499,
        -0.11504890769720078,
        -0.1415422260761261,
        0.012360659427940845,
        -0.26202768087387085,
        0.2366495430469513,
        0.012433003634214401,
        0.06540466099977493,
        -0.21340802311897278,
        0.005625041667371988,
        0.009190916083753109,
        0.04626304283738136,
        -0.008221233263611794,
        0.10553494095802307,
        -0.01088238600641489,
        0.24912671744823456,
        -0.0824052095413208,
        -0.0811212882399559,
        0.4584520757198334,
        0.11931794881820679,
        0.015071933157742023,
        0.26350292563438416,
        0.1286039501428604,
        0.08286695182323456,
        -0.15992677211761475,
        -0.04212532937526703,
        -0.011104550212621689,
        0.08011598885059357,
        -0.10874395072460175,
        0.13371701538562775,
        -0.048018909990787506,
        -0.3211727440357208,
        0.003425382310524583,
        0.48006486892700195,
        -0.04350600391626358,
        -0.15693877637386322,
        -0.2417403906583786,
        -0.2637438178062439,
        0.10140223056077957,
        0.028730858117341995,
        -0.21381132304668427,
        0.01882232539355755,
        -0.09504658728837967,
        0.149082750082016,
        0.47168517112731934,
        0.37519872188568115,
        0.016979554668068886
      ]
    },
    {
      "class_id": 2,
      "class_name": "class_2",
      "model_confidence": 0.204724,
      "prediction_entropy": 1.776622,
      "prediction_sharpness": 0.017414,
      "reconstruction_variance": 0.100572,
      "cosine_similarity": 0.352902,
      "l2_distance": 2.5682,
      "loss_history": [
        2.10805,
        2.36646,
        1.68005,
        1.94103,
        1.77387
      ],
      "risk_level": "MEDIUM",
      "reconstructed_input": [
        0.4442865550518036,
        0.18854521214962006,
        0.055187392979860306,
        -0.011892476119101048,
        0.1324145495891571,
        -0.6175577640533447,
        0.49206987023353577,
        0.43465203046798706,
        0.0018129530362784863,
        -0.21850810945034027,
        0.45392608642578125,
        -0.23403576016426086,
        0.4351670444011688,
        0.17873406410217285,
        -0.2686968147754669,
        0.3590535521507263,
        0.5093348622322083,
        -0.12654855847358704,
        0.27143311500549316,
        0.1485082507133484,
        0.2854445278644562,
        0.10677031427621841,
        0.4973510801792145,
        -0.41589677333831787,
        0.14479629695415497,
        -0.06835927069187164,
        0.058024875819683075,
        0.31359535455703735,
        -0.03099626675248146,
        0.30209797620773315,
        -0.35323840379714966,
        -0.13638673722743988,
        0.44620922207832336,
        -0.19218744337558746,
        -0.084396593272686,
        0.27364134788513184,
        0.040681447833776474,
        0.07466037571430206,
        0.08404183387756348,
        -0.6436142325401306,
        -0.11240469664335251,
        0.026182549074292183,
        -0.4712057113647461,
        0.10739845037460327,
        -0.5542577505111694,
        -0.21258454024791718,
        0.3996865451335907,
        0.5407450795173645,
        0.572868287563324,
        -0.2851545810699463
      ]
    },
    {
      "class_id": 3,
      "class_name": "class_3",
      "model_confidence": 0.236558,
      "prediction_entropy": 1.723308,
      "prediction_sharpness": 0.03668,
      "reconstruction_variance": 0.023259,
      "cosine_similarity": 0.37941,
      "l2_distance": 1.57556,
      "loss_history": [
        2.02713,
        1.63093,
        2.08346,
        1.45059,
        1.40704
      ],
      "risk_level": "MEDIUM",
      "reconstructed_input": [
        -0.1937204897403717,
        0.1867968738079071,
        -0.45801421999931335,
        0.31498080492019653,
        0.12047484517097473,
        0.10971257835626602,
        -0.03207293525338173,
        0.13389389216899872,
        0.3219078779220581,
        -0.04407784715294838,
        -0.0010287396144121885,
        -0.13241276144981384,
        0.08571448922157288,
        -0.13288497924804688,
        0.05681198462843895,
        -0.1297265589237213,
        -0.09036785364151001,
        -0.11068478971719742,
        0.08170142769813538,
        -0.0018800729885697365,
        -0.051741816103458405,
        0.03549577668309212,
        0.16358022391796112,
        -0.24234944581985474,
        0.004608104005455971,
        -0.011410349048674107,
        0.06523548066616058,
        0.10227864235639572,
        0.15164713561534882,
        -0.1145530641078949,
        -0.011142979376018047,
        -0.23687608540058136,
        0.1350441575050354,
        0.08550211042165756,
        0.1420513093471527,
        0.0861801952123642,
        -0.06674903631210327,
        -0.11209562420845032,
        0.08427780121564865,
        0.09668058156967163,
        -0.05417771637439728,
        -0.039430953562259674,
        0.08436290919780731,
        -0.020890885964035988,
        0.2566671371459961,
        0.1545988917350769,
        0.3656042218208313,
        -0.1930476874113083,
        0.06319789588451385,
        -0.018108461052179337
      ]
    },
    {
      "class_id": 4,
      "class_name": "class_4",
      "model_confidence": 0.220896,
      "prediction_entropy": 1.774541,