{
  "attack": "model_inversion",
  "mode": "mitigated (confidence masked)",
  "results": [
    {
      "class_id": 0,
      "class_name": "class_0",
      "model_confidence": 0.734349,
      "prediction_entropy": 0.997179,
      "prediction_sharpness": 0.658269,
      "reconstruction_variance": 0.035674,
      "cosine_similarity": 0.195396,
      "l2_distance": 2.180764,
      "loss_history": [
        6.59009,
        0.49609,
        0.50165,
        0.49673,
        0.49658
      ],
      "risk_level": "LOW",
      "reconstructed_input": [
        -0.029584471136331558,
        0.1476898342370987,
        -0.18602322041988373,
        0.2068454921245575,
        -0.16116373240947723,
        0.3481963574886322,
        -0.3678347170352936,
        0.4236471951007843,
        -0.15851254761219025,
        0.01787370629608631,
        -0.15753407776355743,
        0.0666588619351387,
        0.0013023428618907928,
        -0.1625901758670807,
        0.02569711208343506,
        -0.4099898636341095,
        0.0939556434750557,
        -0.04795718193054199,
        -0.1065184697508812,
        0.12383867800235748,
        0.17986933887004852,
        0.21185265481472015,
        0.19443587958812714,
        0.2901855707168579,
        -0.012724990956485271,
        0.3660242259502411,
        0.4170074760913849,
        0.1294516921043396,
        0.1161622703075409,
        0.10598092526197433,
        0.018281269818544388,
        0.03933560475707054,
        0.12507010996341705,
        0.031258467584848404,
        0.11589466780424118,
        -0.19890578091144562,
        -0.04553363099694252,
        -0.04083256423473358,
        0.0777454525232315,
        0.14698348939418793,
        -0.19985778629779816,
        0.18024232983589172,
        0.09527040272951126,
        0.2271464318037033,
        -0.046722412109375,
        -0.03923950344324112,
        0.060173749923706055,
        0.3113425076007843,
        -0.3703807294368744,
        0.09315430372953415
      ]
    },
    {
      "class_id": 1,
      "class_name": "class_1",
      "model_confidence": 0.571747,
      "prediction_entropy": 1.349809,
      "prediction_sharpness": 0.445838,
      "reconstruction_variance": 0.029079,
      "cosine_similarity": 0.109474,
      "l2_distance": 2.164895,
      "loss_history": [
        6.89502,
        0.7085,
        0.70604,
        0.7117,
        0.70823
      ],
      "risk_level": "LOW",
      "reconstructed_input": [
        0.11073881387710571,
        -0.052275728434324265,
        -0.30337998270988464,
        0.13313008844852448,
        -0.16585522890090942,
        0.07014176994562149,
        -0.10039463639259338,
        -0.16238877177238464,
        -0.10129113495349884,
        0.40246498584747314,
        0.04599810764193535,
        0.16691601276397705,
        -0.11080792546272278,
        -0.2668827772140503,
        0.3485848307609558,
        -0.05272949859499931,
        0.12152668088674545,
        -0.1143263429403305,
        0.18431207537651062,
        -0.03357274830341339,
        0.2670908570289612,
        0.13576576113700867,
        -0.0027465233579277992,
        0.2439630925655365,
        0.048605263233184814,
        -0.040199846029281616,
        -0.12972941994667053,
        0.004148066975176334,
        0.2804047465324402,
        -0.21295572817325592,
        0.08538823574781418,
        0.14399613440036774,
        0.16629968583583832,
        0.04000223055481911,
        -0.3139955699443817,
        0.01213537622243166,
        -0.2308504283428192,
        0.2973078787326813,
        0.20388852059841156,
        0.22571200132369995,
        -0.05172058939933777,
        -0.07885155081748962,
        -0.038752324879169464,
        -0.018908409401774406,
        0.09644296765327454,
        -0.043975792825222015,
        -0.15677955746650696,
        0.09840003401041031,
        0.07414807379245758,
        -0.2457985281944275
      ]
    },
    {
      "class_id": 2,
      "class_name": "class_2",
      "model_confidence": 0.689816,
      "prediction_entropy": 1.105656,
      "prediction_sharpness": 0.593662,
      "reconstruction_variance": 0.038702,
      "cosine_similarity": 0.318234,
      "l2_distance": 2.215913,
      "loss_history": [
        5.29809,
        0.56259,
        0.56394,
        0.56795,
        0.56497
      ],
      "risk_level": "LOW",
      "reconstructed_input": [
        0.06842431426048279,
        0.033107127994298935,
        0.03598315641283989,
        -0.3973946273326874,
        0.18375173211097717,
        0.02015201561152935,
        -0.03658711910247803,
        0.15315841138362885,
        0.09961862117052078,
        -0.08084394782781601,
        0.2420904040336609,
        -0.13576529920101166,
        0.18916447460651398,
        0.1626894772052765,
        0.42697349190711975,
        0.1126261055469513,
        0.32157543301582336,
        -0.031042641028761864,
        -0.27159151434898376,
        0.056942254304885864,
        0.18260905146598816,
        -0.026314519345760345,
        0.06418725103139877,
        -0.21689867973327637,
        -0.36212044954299927,
        0.06577687710523605,
        0.3128410577774048,
        0.20599593222141266,
        -0.1527239978313446,
        -0.20948423445224762,
        0.22302298247814178,
        0.164676696062088,
        -0.04043063893914223,
        -0.028619244694709778,
        -0.2403845489025116,
        -0.13551592826843262,
        -0.18523062765598297,
        -0.06789936125278473,
        0.14124885201454163,
        -0.09696774184703827,
        0.14226236939430237,
        -0.1626669466495514,
        0.19752465188503265,
        -0.06278450787067413,
        -0.007590402849018574,
        -0.32515043020248413,
        -0.13566146790981293,
        0.5334183573722839,
        -0.0688202753663063,
        -0.18226632475852966
      ]
    },
    {
      "class_id": 3,
      "class_name": "class_3",
      "model_confidence": 0.650919,
      "prediction_entropy": 1.158484,
      "prediction_sharpness": 0.506097,
      "reconstruction_variance": 0.044263,
      "cosine_similarity": 0.465815,
      "l2_distance": 1.61622,
      "loss_history": [
        7.00641,
        0.65077,
        0.65152,
        0.65165,
        0.65429
      ],
      "risk_level": "MEDIUM",
      "reconstructed_input": [
        -0.35923540592193604,
        -0.16633234918117523,
        -0.24994204938411713,
        0.22770804166793823,
        0.25861868262290955,
        0.6011200547218323,
        0.23171494901180267,
        -0.17613045871257782,
        -0.028042001649737358,
        -0.40288832783699036,
        -0.07773486524820328,
        -0.24440203607082367,
        0.09534049034118652,
        -0.16596320271492004,
        -0.17522220313549042,
        -0.07952194660902023,
        0.024844147264957428,
        0.10503660142421722,
        -0.029887765645980835,
        0.005864802747964859,
        -0.05297974869608879,
        -0.24327826499938965,
        0.43382492661476135,
        0.17599105834960938,
        0.057183776050806046,
        0.13393869996070862,
        0.32656770944595337,
        0.24075515568256378,
        -0.34117060899734497,
        -0.18398532271385193,
        0.034193459898233414,
        0.22519037127494812,
        -0.214061439037323,
        -0.020703498274087906,
        0.2148423045873642,
        0.05682230740785599,
        -0.12938420474529266,
        0.1832185536623001,
        -0.14600248634815216,
        0.1034974530339241,
        0.0716899186372757,
        0.03600732609629631,
        0.051091887056827545,
        0.4128004014492035,
        -0.04350117966532707,
        0.28528499603271484,
        0.07862777262926102,
        -0.03889943286776543,
        -0.12316589802503586,
        0.05102916061878204
      ]
    },
    {
      "class_id": 4,
      "class_name": "class_4",
      "model_confidence": 0.755113,
      "prediction_entropy": 0.935205,