{
  "attack": "model_inversion",
  "summary": {
    "mode": "blackbox_surrogate",
    "avg_cosine_similarity": 0.114793,
    "avg_model_confidence": 0.31584,
    "high_risk_classes": 0,
    "total_classes": 6,
    "verdict": "LOW RISK \u2014 reconstructed inputs have low similarity to real data centroids; note that PCA/tabular inversion remains a hard problem and cosine similarity is a necessary but not sufficient measure of reconstruction quality",
    "noise_scale": 0.5,
    "surrogate_budget": 400,
    "queries_used": 400,
    "budget_exhausted": true,
    "surrogate_train_accuracy": 0.395
  },
  "results": [
    {
      "class_id": 0,
      "class_name": "WALKING",
      "model_confidence": 0.191925,
      "cosine_similarity": 0.06495,
      "l2_distance": 1.983763,
      "loss_history": [
        2.01785,
        1.65066
      ],
      "risk_level": "LOW",
      "reconstructed_input": [
        -1.1449782505223993e-05,
        -1.8684877431951463e-06,
        -4.222335519443732e-06,
        5.9618059822241776e-06,
        -1.4075620129005983e-05,
        -5.919082468608394e-08,
        -2.7910196877201088e-05,
        9.939315532392357e-06,
        1.2673653145611752e-05,
        -4.912524673272856e-06,
        -2.1127767467987724e-05,
        -1.0084153473144397e-05,
        -5.027191491535632e-06,
        2.3744321424601367e-06,
        -2.9227646791696316e-07,
        1.0997548542945879e-06,
        4.246798653184669e-06,
        3.6236917367205024e-05,
        -6.376307283062488e-06,
        2.142562880180776e-05,
        -4.263528353476431e-06,
        9.231696367351105e-07,
        6.016188854118809e-05,
        2.7297196538711432e-06,
        1.5070761946844868e-05,
        -2.9646062102983706e-06,
        -3.497337820590474e-05,
        -5.391723334469134e-08,
        9.495142876403406e-06,
        -2.116163886967115e-05,
        3.570666876839823e-06,
        2.1431334971566685e-05,
        3.321337862871587e-05,
        -7.588359494548058e-06,
        1.8327047655475326e-05,
        1.5794307728356216e-06,
        -1.2173279628768796e-06,
        -2.5869294404401444e-05,
        2.6109723876288626e-06,
        -1.4519579281113693e-06,
        -1.85881472134497e-05,
        1.5271243682946078e-06,
        2.1211528292042203e-05,
        -9.599224540579598e-06,
        -3.4739489365165355e-06,
        1.161474301625276e-06,
        -4.54937617178075e-05,
        -2.1020357962697744e-05,
        2.8131576073064934e-06,
        -7.043186542432522e-06
      ]
    },
    {
      "class_id": 1,
      "class_name": "WALKING_UPSTAIRS",
      "model_confidence": 0.207076,
      "cosine_similarity": -0.067232,
      "l2_distance": 1.930476,
      "loss_history": [
        1.88729,
        1.57467
      ],
      "risk_level": "LOW",
      "reconstructed_input": [
        -2.8662107069976628e-06,
        2.6946345315082e-05,
        -4.662875653593801e-06,
        6.453063178923912e-06,
        4.51155847258633e-06,
        -1.4220055163605139e-05,
        8.759187039686367e-06,
        7.465651287930086e-05,
        -3.1833349112275755e-06,
        2.3618431441718712e-05,
        6.877424311824143e-06,
        -3.202688276360277e-06,
        -7.692947292525787e-07,
        3.551851841621101e-05,
        4.032402102893684e-06,
        -6.457021299866028e-06,
        -6.1662735788559075e-06,
        -7.509916031267494e-05,
        1.6818274843899417e-06,
        1.1015377822332084e-05,
        -8.956578312790953e-06,
        1.285705639020307e-05,
        5.577961019298527e-06,
        2.005652504522004e-06,
        1.934107785928063e-06,
        1.8067837572743883e-06,
        1.705714748823084e-05,
        -3.319997267681174e-05,
        5.978609260637313e-05,
        1.609796345292125e-05,
        -2.4655046217958443e-05,
        3.6670871850219555e-06,
        6.440815013775136e-06,
        2.0465304260142148e-06,
        -2.658093762875069e-06,
        7.413344519591192e-06,
        -2.454944024066208e-06,
        -3.420466964598745e-05,
        1.589023895576247e-06,
        -1.608579623280093e-05,
        -1.2971344403922558e-05,
        4.7595801788702374e-07,
        -6.201390533533413e-06,
        7.348862709477544e-06,
        3.2750493119237944e-05,
        -1.7883921827888116e-05,
        1.9354913092684e-05,
        9.020966444950318e-07,
        -1.6106112525449134e-05,
        -5.5401142162736505e-06
      ]
    },
    {
      "class_id": 2,
      "class_name": "WALKING_DOWNSTAIRS",
      "model_confidence": 0.200365,
      "cosine_similarity": 0.350974,
      "l2_distance": 2.100973,
      "loss_history": [
        2.02745,
        1.63597
      ],
      "risk_level": "LOW",
      "reconstructed_input": [
        0.09725801646709442,
        0.006791229825466871,
        0.055420756340026855,
        -0.0689619779586792,
        0.02040001191198826,
        -0.2290630042552948,
        -6.456099799834192e-05,
        -0.05388690158724785,
        0.13355983793735504,
        -0.003834296716377139,
        -0.0005457125953398645,
        -0.054900120943784714,
        0.0007753456011414528,
        -0.04741053283214569,
        3.4337685065111145e-05,
        0.00480601517483592,
        0.046377941966056824,
        -0.0003819453704636544,
        0.07176274806261063,
        -0.05863528698682785,
        0.002015076344832778,
        -0.03308779373764992,
        -0.042476754635572433,
        -0.007656371220946312,
        0.00016060737834777683,
        -0.005302133038640022,
        0.03324386104941368,
        0.00015812902711331844,
        -0.20745056867599487,
        -0.001449026633054018,
        0.0843963772058487,
        0.0002596587291918695,
        -1.4286013083619764e-06,
        -0.01714128442108631,
        -0.06307078897953033,
        0.01124252937734127,
        0.0010062630753964186,
        0.11083804070949554,
        -0.00041705885087139904,
        0.13515260815620422,
        -0.006292812060564756,
        -0.010421193204820156,
        0.05579881742596626,
        0.05643662065267563,
        -0.030551839619874954,
        0.009495111182332039,
        -0.18978597223758698,
        0.00027532526291906834,
        -0.0003856076509691775,
        0.005961649585515261
      ]
    },
    {
      "class_id": 3,
      "class_name": "SITTING",
      "model_confidence": 0.145226,
      "cosine_similarity": 0.027429,
      "l2_distance": 1.694654,
      "loss_history": [
        2.79205,
        1.94069
      ],
      "risk_level": "LOW",