{
  "attack": "model_inversion",
  "mode": "mitigated (confidence masked)",
  "results": [
    {
      "class_id": 0,
      "class_name": "WALKING",
      "model_confidence": 0.908557,
      "cosine_similarity": 0.931619,
      "l2_distance": 0.993234,
      "loss_history": [
        12.18395,
        0.24668,
        0.23161,
        0.23161,
        0.23162
      ],
      "risk_level": "HIGH",
      "reconstructed_input": [
        0.4784800410270691,
        0.046387623995542526,
        0.06577377021312714,
        -0.3538389205932617,
        -0.4191059470176697,
        0.3401382863521576,
        -0.14671066403388977,
        0.25819510221481323,
        -0.3845786154270172,
        0.19142398238182068,
        -0.1397719383239746,
        0.057197876274585724,
        -0.11327178031206131,
        -0.019659308716654778,
        0.0058019426651299,
        0.05122573673725128,
        -0.0713590607047081,
        0.09907841682434082,
        -0.07829359918832779,
        0.04416922479867935,
        0.0064675756730139256,
        0.04760756716132164,
        0.10217101126909256,
        0.04015781357884407,
        -0.2160094529390335,
        -0.13537658751010895,
        -0.18593211472034454,
        -0.14067475497722626,
        -0.208609938621521,
        0.14886945486068726,
        -0.07125943154096603,
        0.19855853915214539,
        0.18652565777301788,
        0.12695451080799103,
        -0.06744205206632614,
        0.05906849727034569,
        0.006716754287481308,
        -0.010381774976849556,
        -0.0020815269090235233,
        0.15035124123096466,
        -0.003957640845328569,
        -0.05628003180027008,
        0.0747581422328949,
        0.09629535675048828,
        -0.08440929651260376,
        0.011311965063214302,
        0.10486277937889099,
        -0.08386196941137314,
        -0.023809392005205154,
        0.0354972667992115
      ]
    },
    {
      "class_id": 1,
      "class_name": "WALKING_UPSTAIRS",
      "model_confidence": 0.792609,
      "cosine_similarity": 0.897167,
      "l2_distance": 0.912316,
      "loss_history": [
        8.57492,
        0.43131,
        0.43049,
        0.43068,
        0.43065
      ],
      "risk_level": "HIGH",
      "reconstructed_input": [
        0.6908302903175354,
        -0.6356231570243835,
        -0.09084263443946838,
        0.35320809483528137,
        -0.041196417063474655,
        -0.3942382335662842,
        -0.2243623584508896,
        -0.33028391003608704,
        -0.1612156629562378,
        0.09005872905254364,
        0.18109382688999176,
        -0.03540123626589775,
        -0.1869947761297226,
        0.0784473642706871,
        -0.17014513909816742,
        -0.04119446501135826,
        -0.19727392494678497,
        0.0442427396774292,
        0.013932577334344387,
        0.31972211599349976,
        -0.001755699166096747,
        -0.10424581170082092,
        -0.23548977077007294,
        0.0336449034512043,
        -0.014679569751024246,
        0.01105225645005703,
        0.09482375532388687,
        0.014149060472846031,
        0.17690996825695038,
        0.043463218957185745,
        -0.10034167021512985,
        -0.08541639149188995,
        -0.1710766702890396,
        0.05439678952097893,
        -0.030506206676363945,
        -0.04738350212574005,
        0.09141761809587479,
        -0.027777183800935745,
        -0.011866657994687557,
        0.005965743213891983,
        0.2429545670747757,
        -0.13320289552211761,
        0.2376977801322937,
        0.12477833032608032,
        -0.06048734858632088,
        0.036961596459150314,
        0.0851917564868927,
        0.08673195540904999,
        0.15907824039459229,
        0.028347386047244072
      ]
    },
    {
      "class_id": 2,
      "class_name": "WALKING_DOWNSTAIRS",
      "model_confidence": 0.866731,
      "cosine_similarity": 0.896857,
      "l2_distance": 1.150667,
      "loss_history": [
        10.73249,
        0.34272,
        0.33755,
        0.33755,
        0.33755
      ],
      "risk_level": "HIGH",
      "reconstructed_input": [
        0.6929061412811279,
        0.28869539499282837,
        0.17239788174629211,
        -0.1740429550409317,
        0.4796406030654907,
        -0.08372869342565536,
        0.29277706146240234,
        0.06859686970710754,
        0.5354112386703491,
        -0.02630801498889923,
        0.19080819189548492,
        -0.11810652911663055,
        0.27042248845100403,
        -0.04065203666687012,
        0.12782825529575348,
        0.11797300726175308,
        0.25735926628112793,
        -0.006222642492502928,
        0.026875890791416168,
        -0.10290946811437607,
        -0.04802616313099861,
        0.18995721638202667,
        0.18001097440719604,
        -0.23914161324501038,
        0.1396844983100891,
        -0.20532752573490143,
        -0.0837232768535614,
        0.03498402610421181,
        -0.09696873277425766,
        0.142290398478508,
        -0.0034895273856818676,
        -0.16581596434116364,
        -0.036239251494407654,
        0.0366283543407917,
        -0.0030540379229933023,
        0.04876437783241272,
        -0.2010006606578827,
        0.06610146909952164,
        0.0271918885409832,
        -0.16264145076274872,
        -0.1540004312992096,
        -0.06391952186822891,
        0.08545715361833572,
        0.034731559455394745,
        -0.03944526985287666,
        -0.010101745836436749,
        -0.027284936979413033,
        0.12309714406728745,
        -0.2861613929271698,
        -0.0784488320350647
      ]
    },
    {
      "class_id": 3,
      "class_name": "SITTING",
      "model_confidence": 0.810065,
      "cosine_similarity": 0.836161,
      "l2_distance": 0.893257,
      "loss_history": [
        6.57518,
        0.37986,
        0.37962,
        0.37963,
        0.37966
      ],
      "risk_level": "HIGH",
      "reconstructed_input": [
        -0.6876299381256104,
        0.11874865740537643,
        -0.09823005646467209,
        0.1304611712694168,
        0.2044726014137268,
        0.4549691081047058,
        -0.05853576213121414,
        -0.5157222151756287,
        -0.08676682412624359,
        0.06672089546918869,
        0.02626422420144081,
        -0.03375038504600525,
        -0.2098572552204132,
        0.10925134271383286,
        -0.12100718915462494,
        0.0807548314332962,
        -0.06705016642808914,
        -0.013759086839854717,
        -0.05808287113904953,
        0.02825041487812996,
        0.04130927100777626,
        -0.3822562098503113,
        -0.15148064494132996,
        0.1689629703760147,
        -0.06635259836912155,
        0.06096113473176956,
        0.0015126734506338835,
        0.06896619498729706,
        0.15789929032325745,
        -0.035713374614715576,
        -0.192552849650383,
        -0.22052355110645294,
        -0.027561375871300697,
        0.07021395862102509,
        0.01847420632839203,
        -0.20291796326637268,
        0.1674259752035141,
        0.09553591907024384,
        0.12453537434339523,
        0.08564819395542145,
        0.09533128887414932,
        -0.13577355444431305,
        0.15725825726985931,
        0.07174394279718399,
        -0.21342845261096954,
        -0.01905299536883831,
        0.01991177350282669,
        -0.04306109622120857,
        0.12011449784040451,
        -0.08415666222572327
      ]
    },
    {
      "class_id": 4,
      "class_name": "STANDING",
      "model_confidence": 0.877611,
      "cosine_similarity": 0.881923,
      "l2_distance": 0.842833,
      "loss_history": [
        9.71383,
        0.29119,
        0.27448,
        0.27434,
        0.27435
      ],
      "risk_level": "HIGH",