{
  "attack": "model_inversion",
  "mode": "unmitigated",
  "results": [
    {
      "class_id": 0,
      "class_name": "class_1",
      "model_confidence": 0.982227,
      "prediction_entropy": 0.117203,
      "prediction_sharpness": 0.97714,
      "reconstruction_variance": 0.021276,
      "cosine_similarity": 0.343991,
      "l2_distance": 1.896311,
      "loss_history": [
        2.16291,
        0.06107
      ],
      "risk_level": "LOW",
      "reconstructed_input": [
        -0.34347862005233765,
        0.18336869776248932,
        0.022673726081848145,
        -0.253762811422348,
        -0.2886274755001068,
        0.24073736369609833,
        -0.08710351586341858,
        0.12608380615711212,
        -0.2334897220134735,
        0.009482176974415779,
        -0.03251788020133972,
        0.03053300827741623,
        0.09750308096408844,
        -0.09209678322076797,
        -0.14171195030212402,
        0.008697651326656342,
        -0.145939439535141,
        0.07954735308885574,
        -0.22076094150543213,
        -0.05462723970413208,
        -0.05346037819981575,
        0.09105583280324936,
        -0.07681319862604141,
        -0.17650477588176727,
        -0.011009733192622662,
        0.07788307219743729,
        -0.09511546045541763,
        -0.03734440356492996,
        -0.2006281316280365,
        0.134524866938591,
        0.03780839219689369,
        -0.12439613789319992,
        0.23025637865066528,
        0.16175870597362518,
        -0.18372151255607605,
        0.13802891969680786,
        0.1440242975950241,
        -0.18267497420310974,
        0.14282125234603882,
        0.008090524934232235,
        0.05791169032454491,
        0.10380174219608307,
        0.09617742151021957,
        -0.1513763666152954,
        -0.20498842000961304,
        0.25267112255096436,
        -0.038130518049001694,
        0.07533964514732361,
        -0.04949336126446724,
        0.11536230146884918
      ]
    },
    {
      "class_id": 1,
      "class_name": "class_2",
      "model_confidence": 0.877797,
      "prediction_entropy": 0.54882,
      "prediction_sharpness": 0.832676,
      "reconstruction_variance": 0.061354,
      "cosine_similarity": 0.288134,
      "l2_distance": 2.203662,
      "loss_history": [
        2.28689,
        0.1677
      ],
      "risk_level": "LOW",
      "reconstructed_input": [
        0.2982524037361145,
        -0.022879716008901596,
        0.2759682834148407,
        -0.023264968767762184,
        -0.13252617418766022,
        -0.26274868845939636,
        -0.39709439873695374,
        -0.33206793665885925,
        0.1834719032049179,
        -0.3673297166824341,
        -0.23820696771144867,
        -0.33577948808670044,
        -0.2074420154094696,
        -0.3240068554878235,
        0.059529341757297516,
        -0.15030847489833832,
        0.046673864126205444,
        -0.2469250112771988,
        0.13498730957508087,
        -0.07832110673189163,
        0.23250699043273926,
        0.060337115079164505,
        -0.0660228580236435,
        0.21373625099658966,
        -0.1997966468334198,
        0.5006981492042542,
        -0.04352688044309616,
        0.06122705340385437,
        -0.0029914118349552155,
        -0.3541095554828644,
        0.4862918257713318,
        -0.09411117434501648,
        0.28305914998054504,
        -0.2722221910953522,
        0.27430689334869385,
        -0.06015421077609062,
        -0.18513135612010956,
        -0.25704425573349,
        0.3410327732563019,
        -0.09831324219703674,
        0.34935471415519714,
        0.13481006026268005,
        0.3375740945339203,
        -0.022395644336938858,
        -0.12752585113048553,
        0.13882975280284882,
        -0.563266396522522,
        0.18687817454338074,
        -0.20600295066833496,
        0.20777159929275513
      ]
    },
    {
      "class_id": 2,
      "class_name": "class_3",
      "model_confidence": 0.956219,
      "prediction_entropy": 0.244655,
      "prediction_sharpness": 0.940006,
      "reconstruction_variance": 0.066146,
      "cosine_similarity": 0.450646,
      "l2_distance": 2.145596,
      "loss_history": [
        2.42948,
        0.08594
      ],
      "risk_level": "MEDIUM",
      "reconstructed_input": [
        0.5292636752128601,
        -0.17149269580841064,
        0.38622045516967773,
        -0.09844865649938583,
        0.2861311733722687,
        -0.15141406655311584,
        0.08847354352474213,
        0.0009175719460472465,
        0.49119576811790466,
        -0.3070591390132904,
        0.08882008492946625,
        -0.17649231851100922,
        0.3601866066455841,
        0.05388762801885605,
        0.09136655181646347,
        -0.11108605563640594,
        -0.030855726450681686,
        0.11743312329053879,
        -0.027409931644797325,
        -0.11764462292194366,
        -0.017979152500629425,
        0.3517943322658539,
        -0.0703340396285057,
        0.05325351282954216,
        0.09384505450725555,
        0.5085951685905457,
        -0.15694400668144226,
        0.14838242530822754,
        -0.22333095967769623,
        -0.09900718182325363,
        0.12160372734069824,
        -0.456880658864975,
        -0.10642526298761368,
        0.2562207877635956,
        -0.19428877532482147,
        0.41977250576019287,
        0.08625670522451401,
        -0.04431580379605293,
        -0.06269720941781998,
        -0.07568368315696716,
        -0.2728426456451416,
        -0.7584288716316223,
        0.08238445967435837,
        0.31651508808135986,
        -0.5086114406585693,
        0.14557458460330963,
        -0.10695324838161469,
        -0.2001240849494934,
        -0.12047598510980606,
        -0.1688796877861023
      ]
    },
    {
      "class_id": 3,
      "class_name": "class_4",
      "model_confidence": 0.880184,
      "prediction_entropy": 0.534146,
      "prediction_sharpness": 0.824377,
      "reconstruction_variance": 0.087761,
      "cosine_similarity": 0.122583,
      "l2_distance": 2.490022,
      "loss_history": [
        3.92343,
        0.23874
      ],
      "risk_level": "LOW",
      "reconstructed_input": [
        -0.49154919385910034,
        -0.019858259707689285,
        0.07062669098377228,
        0.07460111379623413,
        -0.4346987009048462,
        -0.03392033278942108,
        -0.51805579662323,
        0.0847034826874733,
        0.11895465105772018,
        -0.24937330186367035,
        -0.20474591851234436,
        -0.07847723364830017,
        0.012351877987384796,
        -0.43420737981796265,
        -0.021236253902316093,
        -0.0806807354092598,
        0.36451780796051025,
        0.48441216349601746,
        -0.0340074822306633,
        -0.3111826479434967,
        0.2396261990070343,
        -0.03473484516143799,
        0.24777740240097046,
        0.37675994634628296,
        0.22136248648166656,
        -0.0256956834346056,
        0.29348111152648926,
        -0.017143676057457924,
        0.09438980370759964,
        0.04370890185236931,
        -0.19095391035079956,
        -0.5214646458625793,
        -0.4927801489830017,
        0.17347395420074463,
        -0.4925837218761444,
        0.19888369739055634,
        0.44234099984169006,
        0.08687657117843628,
        -0.31282979249954224,
        -0.002140541560947895,
        -0.3372099995613098,
        -0.4714222848415375,
        0.4370024502277374,
        0.3425397574901581,
        -0.28824692964553833,
        0.14524099230766296,
        0.441119909286499,
        -0.0672369971871376,
        -0.008743119426071644,
        0.6080226898193359
      ]
    },
    {
      "class_id": 4,
      "class_name": "class_5",
      "model_confidence": 0.861297,
      "prediction_entropy": 0.572066,
      "prediction_sharpness": 0.79193,
      "reconstruction_variance": 0.045448,
      "cosine_similarity": 0.255177,
      "l2_distance": 2.018733,
      "loss_history": [
        1.2887,
        0.17527
      ],
      "risk_level": "LOW",