{
  "attack": "model_inversion",
  "mode": "defended (noise=3.0, temp=15.0)",
  "results": [
    {
      "class_id": 0,
      "class_name": "class_0",
      "model_confidence": 0.226414,
      "prediction_entropy": 1.767537,
      "prediction_sharpness": 0.037407,
      "reconstruction_variance": 0.047547,
      "cosine_similarity": 0.204145,
      "l2_distance": 2.251179,
      "loss_history": [
        2.01256,
        1.45942,
        1.36624,
        1.85925,
        1.83643
      ],
      "risk_level": "LOW",
      "reconstructed_input": [
        0.21305932104587555,
        0.25836408138275146,
        0.07582525908946991,
        -0.2535459101200104,
        -0.3443354368209839,
        -0.17188537120819092,
        0.3123664855957031,
        -0.017499489709734917,
        -0.37720856070518494,
        0.09623356908559799,
        0.15323291718959808,
        -0.042885228991508484,
        -0.4059843122959137,
        -0.46993687748908997,
        0.17770928144454956,
        0.03817551210522652,
        0.37374281883239746,
        0.163029283285141,
        -0.4956796169281006,
        -0.04548365995287895,
        0.09653867781162262,
        0.13091303408145905,
        0.009701420553028584,
        -0.03417736291885376,
        -0.18044252693653107,
        0.06044572964310646,
        0.09968918561935425,
        -0.12825611233711243,
        0.24701730906963348,
        0.20233339071273804,
        0.18662497401237488,
        -0.23402884602546692,
        -0.2269189953804016,
        -0.01254141703248024,
        -0.0798293873667717,
        0.007698402274399996,
        -0.11031852662563324,
        -0.07846757769584656,
        0.3893650770187378,
        0.2315177172422409,
        0.1560567021369934,
        0.029289444908499718,
        -0.09208592772483826,
        0.007852889597415924,
        0.09100762009620667,
        0.28050655126571655,
        -0.17685292661190033,
        0.3906625211238861,
        -0.18793298304080963,
        0.203750342130661
      ]
    },
    {
      "class_id": 1,
      "class_name": "class_1",
      "model_confidence": 0.201719,
      "prediction_entropy": 1.773006,
      "prediction_sharpness": 0.003368,
      "reconstruction_variance": 0.030115,
      "cosine_similarity": 0.292106,
      "l2_distance": 1.967122,
      "loss_history": [
        2.65916,
        1.50253,
        1.97642,
        1.75884,
        1.71704
      ],
      "risk_level": "LOW",
      "reconstructed_input": [
        0.17255666851997375,
        0.014262281358242035,
        0.26628464460372925,
        0.12320558726787567,
        -0.3202759623527527,
        -0.15928082168102264,
        0.1929057389497757,
        -0.17502406239509583,
        -0.27574649453163147,
        0.09816041588783264,
        0.09520833939313889,
        -0.0363498330116272,
        -0.1266748458147049,
        -0.10963934659957886,
        0.24653871357440948,
        -0.03274977207183838,
        0.014485113322734833,
        -0.0753171294927597,
        -0.11978223919868469,
        0.22485414147377014,
        -0.05771758034825325,
        -0.12316028028726578,
        -0.027106069028377533,
        0.19205334782600403,
        -0.22773882746696472,
        -0.02772311121225357,
        -0.08299842476844788,
        0.11716746538877487,
        0.15327371656894684,
        0.333103209733963,
        0.1437811553478241,
        0.007539535406976938,
        0.028259189799427986,
        -0.14542047679424286,
        0.11707574874162674,
        -0.1219470202922821,
        0.06368338316679001,
        -0.21280312538146973,
        0.4941159784793854,
        0.18863603472709656,
        0.2371932566165924,
        -0.06325244158506393,
        -0.13907039165496826,
        -0.15711282193660736,
        0.0713137835264206,
        0.27386474609375,
        -0.1206059679389,
        0.18627338111400604,
        -0.006621051114052534,
        0.27933230996131897
      ]
    },
    {
      "class_id": 2,
      "class_name": "class_2",
      "model_confidence": 0.237756,
      "prediction_entropy": 1.744483,
      "prediction_sharpness": 0.041929,
      "reconstruction_variance": 0.040373,
      "cosine_similarity": 0.288675,
      "l2_distance": 2.30422,
      "loss_history": [
        2.19694,
        2.08015,
        1.69405,
        1.41177,
        1.6353
      ],
      "risk_level": "LOW",
      "reconstructed_input": [
        0.19161364436149597,
        0.3631501793861389,
        0.2702685594558716,
        -0.04667399451136589,
        0.14751982688903809,
        0.28292834758758545,
        0.2131648063659668,
        0.170531764626503,
        0.3421761989593506,
        0.028960704803466797,
        0.038597241044044495,
        0.19148285686969757,
        0.20614686608314514,
        -0.05556410551071167,
        0.20114529132843018,
        0.107349693775177,
        0.00902507733553648,
        0.09126272797584534,
        -0.0045832181349396706,
        0.14943599700927734,
        -0.46179690957069397,
        0.11934222280979156,
        -0.09330695122480392,
        -0.2385004162788391,
        -0.285241961479187,
        -0.09710576385259628,
        -0.3235829472541809,
        0.06711254268884659,
        0.40457016229629517,
        0.23348651826381683,
        0.23612995445728302,
        -0.11186321079730988,
        -0.23092082142829895,
        0.22838307917118073,
        0.46214351058006287,
        0.04242667555809021,
        0.006056502927094698,
        0.0942060798406601,
        0.2825731933116913,
        0.3072599172592163,
        0.27319782972335815,
        -0.15561096370220184,
        -0.12752725183963776,
        -0.07251159101724625,
        0.006826505996286869,
        0.4496396780014038,
        -0.05356329679489136,
        0.11633788049221039,
        -0.04678119719028473,
        0.013082233257591724
      ]
    },
    {
      "class_id": 3,
      "class_name": "class_3",
      "model_confidence": 0.206053,
      "prediction_entropy": 1.785895,
      "prediction_sharpness": 0.038269,
      "reconstruction_variance": 0.02284,
      "cosine_similarity": 0.289712,
      "l2_distance": 1.689324,
      "loss_history": [
        1.98469,
        2.20311,
        1.59706,
        2.48967,
        2.39488
      ],
      "risk_level": "LOW",
      "reconstructed_input": [
        -0.1385764181613922,
        0.25245025753974915,
        -0.09801600128412247,
        -0.009134896099567413,
        -0.12440935522317886,
        0.1905747503042221,
        0.1933712363243103,
        -0.38273221254348755,
        0.024545906111598015,
        -0.002901015803217888,
        0.3432653248310089,
        0.06982674449682236,
        0.0400506928563118,
        0.08819914609193802,
        -0.0704469159245491,
        0.138800248503685,
        0.16612565517425537,
        0.12541373074054718,
        -0.15265122056007385,
        -0.013482754118740559,
        -0.0013189506717026234,
        0.00427401764318347,
        0.23615074157714844,
        0.24062466621398926,
        -0.05039180815219879,
        0.07161519676446915,
        0.0902448371052742,
        0.08204886317253113,
        0.20207934081554413,
        0.02903916873037815,
        -0.12728668749332428,
        0.11622314155101776,
        0.09810856729745865,
        -0.22933460772037506,
        -0.26124387979507446,
        -0.04307067021727562,
        -0.12699173390865326,
        0.045759521424770355,
        0.32007166743278503,
        0.07383464276790619,
        -0.044103048741817474,
        0.004034845158457756,
        0.02223580703139305,
        0.16444334387779236,
        0.20796935260295868,
        0.09626400470733643,
        0.052535541355609894,
        0.2938099205493927,
        0.2712101936340332,
        0.1196957528591156
      ]
    },
    {
      "class_id": 4,
      "class_name": "class_4",
      "model_confidence": 0.190111,
      "prediction_entropy": 1.78739,
      "prediction_sharpness": 0.007468,