{
  "attack": "model_inversion",
  "mode": "defended (noise=3.0, temp=15.0)",
  "results": [
    {
      "class_id": 0,
      "class_name": "class_1",
      "model_confidence": 0.221852,
      "prediction_entropy": 1.759453,
      "prediction_sharpness": 0.01207,
      "reconstruction_variance": 0.025703,
      "cosine_similarity": 0.726776,
      "l2_distance": 1.396042,
      "loss_history": [
        2.43437,
        1.27361
      ],
      "risk_level": "HIGH",
      "reconstructed_input": [
        0.408852219581604,
        0.14158755540847778,
        -0.22394497692584991,
        -0.22316086292266846,
        -0.23163524270057678,
        0.4854429066181183,
        -0.27562469244003296,
        0.09366311132907867,
        -0.35467472672462463,
        -0.025693371891975403,
        -0.12296094745397568,
        -0.04006129130721092,
        -0.09473219513893127,
        0.0361974872648716,
        -0.025261253118515015,
        -0.1803373396396637,
        -0.10758869349956512,
        -0.08803393691778183,
        -0.018537862226366997,
        0.07278730720281601,
        -0.06319043040275574,
        0.01452563051134348,
        0.06696348637342453,
        -0.02309214510023594,
        -0.15467843413352966,
        0.06998272240161896,
        -0.061741672456264496,
        0.17809802293777466,
        0.05937055125832558,
        0.22855344414710999,
        -0.017707452178001404,
        -0.15825743973255157,
        0.11787693947553635,
        0.17247717082500458,
        0.026220208033919334,
        0.10725702345371246,
        -0.06936172395944595,
        0.15196403861045837,
        -0.018927374854683876,
        -0.03128279373049736,
        -0.030845021829009056,
        0.05308103933930397,
        -0.025472061708569527,
        0.0651269406080246,
        -0.36544811725616455,
        0.0023828749544918537,
        0.026698462665081024,
        -0.016474870964884758,
        -0.04338453337550163,
        -0.19354423880577087
      ]
    },
    {
      "class_id": 1,
      "class_name": "class_2",
      "model_confidence": 0.268265,
      "prediction_entropy": 1.730167,
      "prediction_sharpness": 0.039967,
      "reconstruction_variance": 0.024614,
      "cosine_similarity": 0.578542,
      "l2_distance": 1.574594,
      "loss_history": [
        2.12934,
        1.06844
      ],
      "risk_level": "MEDIUM",
      "reconstructed_input": [
        0.4144887626171112,
        -0.29779958724975586,
        0.1292586326599121,
        0.1859840303659439,
        -0.04219213128089905,
        -0.39831334352493286,
        0.15581364929676056,
        -0.13924317061901093,
        -0.14356787502765656,
        -0.23102542757987976,
        -0.15498000383377075,
        -0.4124279022216797,
        -0.03646358475089073,
        0.0014820536598563194,
        -0.1443088799715042,
        -0.07329646497964859,
        -0.031361281871795654,
        -0.07021667808294296,
        0.28121379017829895,
        0.13694867491722107,
        0.17600618302822113,
        0.011937789618968964,
        -0.14609426259994507,
        -0.028301231563091278,
        -0.016536859795451164,
        0.11408931761980057,
        0.03788711130619049,
        -0.10635901242494583,
        -0.14560472965240479,
        0.08353006094694138,
        0.14482387900352478,
        -0.010172044858336449,
        0.19930675625801086,
        -0.08170163631439209,
        -0.04366248846054077,
        -0.18825353682041168,
        -0.12095699459314346,
        0.1195448562502861,
        0.005972681567072868,
        -0.039050351828336716,
        0.09620819240808487,
        0.007313372101634741,
        -0.09782736748456955,
        -0.010923618450760841,
        0.047901954501867294,
        0.16067278385162354,
        0.16880863904953003,
        -0.01838265359401703,
        -0.05357310548424721,
        -0.048582375049591064
      ]
    },
    {
      "class_id": 2,
      "class_name": "class_3",
      "model_confidence": 0.289659,
      "prediction_entropy": 1.725576,
      "prediction_sharpness": 0.106167,
      "reconstruction_variance": 0.026603,
      "cosine_similarity": 0.680201,
      "l2_distance": 1.661533,
      "loss_history": [
        2.57966,
        1.61588
      ],
      "risk_level": "HIGH",
      "reconstructed_input": [
        0.383201003074646,
        0.2680048644542694,
        0.06958763301372528,
        -0.09559958428144455,
        0.6018012762069702,
        -0.00310939596965909,
        0.15651588141918182,
        0.01590401865541935,
        0.08966909348964691,
        0.03499655798077583,
        0.25180354714393616,
        -0.028359219431877136,
        0.12010083347558975,
        -0.05315150320529938,
        0.007290364243090153,
        0.1705801784992218,
        0.2537716329097748,
        0.1343396157026291,
        0.12870380282402039,
        -0.06358546018600464,
        -0.21104823052883148,
        0.011419598013162613,
        0.2035166174173355,
        -0.11741068959236145,
        -0.24076274037361145,
        0.08663240820169449,
        0.24956963956356049,
        -0.02118789404630661,
        0.041796423494815826,
        -0.1098775863647461,
        0.05006827414035797,
        -0.07809887826442719,
        -0.05765017122030258,
        0.08858019858598709,
        -0.1881483942270279,
        -0.37343597412109375,
        0.008860892616212368,
        0.013558754697442055,
        0.24615263938903809,
        0.06097264587879181,
        0.004668887238949537,
        -0.09281694889068604,
        -0.04705061763525009,
        -0.03594716638326645,
        -0.11748100817203522,
        -0.05447513237595558,
        -0.08237560838460922,
        0.03567783534526825,
        0.14126940071582794,
        0.03397388383746147
      ]
    },
    {
      "class_id": 3,
      "class_name": "class_4",
      "model_confidence": 0.318104,
      "prediction_entropy": 1.695576,
      "prediction_sharpness": 0.157647,
      "reconstruction_variance": 0.03126,
      "cosine_similarity": 0.447571,
      "l2_distance": 1.544537,
      "loss_history": [
        2.37716,
        1.16775
      ],
      "risk_level": "MEDIUM",
      "reconstructed_input": [
        -0.29988768696784973,
        0.28566354513168335,
        -0.03267426788806915,
        0.2509259581565857,
        0.0837462991476059,
        0.17312437295913696,
        -0.02123749442398548,
        -0.3618883490562439,
        -0.04200839251279831,
        -0.1654098629951477,
        -0.010428225621581078,
        -0.07920471578836441,
        0.2613183259963989,
        -0.08752333372831345,
        -0.3332997262477875,
        -0.13815581798553467,
        0.10973255336284637,
        -0.2519136369228363,
        0.071453757584095,
        0.08718154579401016,
        -0.08364539593458176,
        -0.12960432469844818,
        -0.02663654088973999,
        0.018965136259794235,
        0.1442122906446457,
        0.16969361901283264,
        0.1658077836036682,
        0.3344304859638214,
        -0.03568410500884056,
        -0.19242694973945618,
        -0.30141738057136536,
        -0.08391160517930984,
        0.3126007914543152,
        -0.1966037154197693,
        0.03491578996181488,
        0.03226214647293091,
        0.08223512023687363,
        -0.20653609931468964,
        0.11890313029289246,
        -0.12356466054916382,
        -0.152293860912323,
        0.3162502646446228,
        -0.2022111564874649,
        0.13101664185523987,
        0.09775044023990631,
        0.10134045034646988,
        -0.07507742196321487,
        0.16646650433540344,
        0.02992585487663746,
        -0.16542190313339233
      ]
    },
    {
      "class_id": 4,
      "class_name": "class_5",
      "model_confidence": 0.254978,
      "prediction_entropy": 1.731485,
      "prediction_sharpness": 0.013488,
      "reconstruction_variance": 0.016188,
      "cosine_similarity": 0.722924,
      "l2_distance": 1.204999,