{
  "attack": "model_inversion",
  "mode": "mitigated (confidence masked)",
  "results": [
    {
      "class_id": 0,
      "class_name": "class_1",
      "model_confidence": 0.867457,
      "cosine_similarity": 0.939056,
      "l2_distance": 0.802895,
      "loss_history": [
        11.07335,
        0.35075,
        0.34929,
        0.34929,
        0.34929
      ],
      "risk_level": "HIGH",
      "reconstructed_input": [
        0.5779085755348206,
        0.16556914150714874,
        -0.17586393654346466,
        -0.44572848081588745,
        -0.6058390140533447,
        0.27090248465538025,
        -0.20112569630146027,
        0.27413278818130493,
        -0.6204715371131897,
        0.06347732245922089,
        -0.2633458971977234,
        0.0063732764683663845,
        -0.02035297267138958,
        -0.04312817007303238,
        -0.04515327885746956,
        0.011372254230082035,
        -0.00409504072740674,
        0.08928003162145615,
        -0.016469810158014297,
        0.03986538201570511,
        -0.011859345249831676,
        0.04645541310310364,
        0.03031725250184536,
        0.17528843879699707,
        -0.16364605724811554,
        -0.17332063615322113,
        -0.207111194729805,
        -0.15584434568881989,
        -0.11695674061775208,
        0.026665516197681427,
        0.051935214549303055,
        0.28014054894447327,
        0.2101895958185196,
        0.14927266538143158,
        -0.17257516086101532,
        0.11821264773607254,
        -0.015575331635773182,
        -0.06884479522705078,
        -0.0901259258389473,
        0.032122064381837845,
        -0.02105666510760784,
        0.03643728420138359,
        0.1118171289563179,
        0.05256868153810501,
        -0.13576854765415192,
        -0.002895891200751066,
        0.14017647504806519,
        0.020067114382982254,
        0.12852227687835693,
        -0.036936622112989426
      ]
    },
    {
      "class_id": 1,
      "class_name": "class_2",
      "model_confidence": 0.616409,
      "cosine_similarity": 0.862233,
      "l2_distance": 0.991397,
      "loss_history": [
        8.20651,
        0.81914,
        0.81804,
        0.81804,
        0.81804
      ],
      "risk_level": "HIGH",
      "reconstructed_input": [
        0.7028308510780334,
        -0.7810695171356201,
        0.15118542313575745,
        0.30139344930648804,
        -0.1971476525068283,
        -0.8363958597183228,
        -0.17023025453090668,
        -0.3055700659751892,
        -0.38587117195129395,
        0.1922002136707306,
        0.1031876802444458,
        -0.4298945665359497,
        -0.3527507185935974,
        -0.012629774399101734,
        -0.05963658541440964,
        -0.26710882782936096,
        -0.04498223587870598,
        -0.09425778687000275,
        -0.14457297325134277,
        0.2541346848011017,
        -0.12259476631879807,
        -0.020062025636434555,
        -0.20788152515888214,
        0.09471367299556732,
        -0.1223694235086441,
        -0.165350079536438,
        0.1346524953842163,
        -0.0644138976931572,
        -0.14280517399311066,
        -0.11995150148868561,
        -0.07026726007461548,
        -0.2469610720872879,
        0.036115992814302444,
        0.1136331558227539,
        0.08396852761507034,
        0.18548686802387238,
        0.2472357451915741,
        -0.10309059917926788,
        0.014084801077842712,
        0.014966076239943504,
        0.019306935369968414,
        -0.15014508366584778,
        0.3540182411670685,
        0.1284177303314209,
        -0.07089819759130478,
        0.06465853750705719,
        -0.14744211733341217,
        0.1383330374956131,
        0.09845739603042603,
        0.03178122267127037
      ]
    },
    {
      "class_id": 2,
      "class_name": "class_3",
      "model_confidence": 0.599489,
      "cosine_similarity": 0.866081,
      "l2_distance": 1.112026,
      "loss_history": [
        6.01441,
        0.86288,
        0.86277,
        0.86288,
        0.86282
      ],
      "risk_level": "HIGH",
      "reconstructed_input": [
        0.9883989095687866,
        0.4469456970691681,
        -0.03033670410513878,
        -0.32278385758399963,
        0.6881119012832642,
        -0.28857338428497314,
        0.09977340698242188,
        -0.04603711888194084,
        0.7551584839820862,
        -0.04022443667054176,
        -0.029695766046643257,
        -0.23499462008476257,
        0.2547973394393921,
        -0.19703814387321472,
        -0.030815212056040764,
        -0.057032566517591476,
        0.1742933988571167,
        -0.0121531430631876,
        -0.15550824999809265,
        -0.1464286595582962,
        -0.23243430256843567,
        0.011246413923799992,
        0.06905553489923477,
        -0.2125898152589798,
        0.0016245832666754723,
        -0.1839265674352646,
        0.02133375033736229,
        -0.050554219633340836,
        0.1504974365234375,
        -0.09898833930492401,
        0.1868070662021637,
        -0.06716839969158173,
        -0.2816420793533325,
        -0.019126925617456436,
        0.14152903854846954,
        -0.15516093373298645,
        -0.20414015650749207,
        0.14736071228981018,
        -0.18309156596660614,
        -0.11760766059160233,
        0.0713135302066803,
        0.13275042176246643,
        0.08543771505355835,
        0.3177129626274109,
        -0.1463771015405655,
        -0.2886296510696411,
        -0.36815160512924194,
        -0.10516045987606049,
        0.14072220027446747,
        0.012551170773804188
      ]
    },
    {
      "class_id": 3,
      "class_name": "class_4",
      "model_confidence": 0.763267,
      "cosine_similarity": 0.852084,
      "l2_distance": 0.850758,
      "loss_history": [
        9.15697,
        0.46723,
        0.46692,
        0.46692,
        0.46696
      ],
      "risk_level": "HIGH",
      "reconstructed_input": [
        -0.49076128005981445,
        0.09227973222732544,
        -0.4460495710372925,
        0.24072597920894623,
        0.06599002331495285,
        0.5046946406364441,
        -0.18308119475841522,
        -0.5220499634742737,
        -0.172806978225708,
        -0.0336667038500309,
        0.1714106947183609,
        -0.01704586297273636,
        -0.0810665413737297,
        -0.06032923609018326,
        -0.25591158866882324,
        -0.01461058296263218,
        -0.03799283877015114,
        0.04097554087638855,
        -0.08257220685482025,
        0.19470125436782837,
        -0.13731805980205536,
        -0.3806251585483551,
        -0.22722230851650238,
        0.19801738858222961,
        -0.08307155221700668,
        -0.048604127019643784,
        -0.039756935089826584,
        0.10847227275371552,
        0.12199193984270096,
        0.0067410655319690704,
        -0.346931129693985,
        -0.1877455711364746,
        0.057108744978904724,
        -0.13981443643569946,
        -0.03650549426674843,
        -0.024049164727330208,
        0.164665088057518,
        -0.04450855776667595,
        0.08373621851205826,
        -0.09859150648117065,
        -0.06019539013504982,
        -0.08103064447641373,
        0.2388995736837387,
        0.16568617522716522,
        -0.005979639012366533,
        0.0394098199903965,
        0.18462546169757843,
        -0.22018496692180634,
        -0.11516866832971573,
        0.040422044694423676
      ]
    },
    {
      "class_id": 4,
      "class_name": "class_5",
      "model_confidence": 0.865842,
      "cosine_similarity": 0.883293,
      "l2_distance": 0.813732,
      "loss_history": [
        11.49821,
        0.3156,
        0.30963,
        0.30965,
        0.30964
      ],
      "risk_level": "HIGH",