{
  "attack": "model_inversion",
  "mode": "mitigated (confidence masked)",
  "results": [
    {
      "class_id": 0,
      "class_name": "class_0",
      "model_confidence": 0.495609,
      "prediction_entropy": 1.467451,
      "prediction_sharpness": 0.333297,
      "reconstruction_variance": 0.050027,
      "cosine_similarity": 0.477088,
      "l2_distance": 1.858583,
      "loss_history": [
        5.50801,
        0.9523,
        0.95838,
        0.95125,
        0.95316
      ],
      "risk_level": "MEDIUM",
      "reconstructed_input": [
        0.4902380704879761,
        -0.006233849562704563,
        -0.013566979207098484,
        -0.3843415081501007,
        -0.5393005013465881,
        0.21942952275276184,
        -0.11147263646125793,
        -0.06989282369613647,
        -0.2684966027736664,
        0.16159676015377045,
        -0.08870326727628708,
        0.09253288805484772,
        -0.0682327002286911,
        -0.37400367856025696,
        -0.07101976126432419,
        0.34731006622314453,
        -0.02425096370279789,
        0.2313510924577713,
        -0.02302582561969757,
        0.15668661892414093,
        0.025646664202213287,
        0.11688338965177536,
        0.044599540531635284,
        -0.4710456430912018,
        0.024412892758846283,
        -0.033751413226127625,
        0.08356496691703796,
        -0.12363910675048828,
        -0.29755663871765137,
        -0.24153262376785278,
        -0.1972609907388687,
        0.260769248008728,
        0.007459722459316254,
        0.009318755939602852,
        0.0013951880391687155,
        -0.10733585804700851,
        -0.12570461630821228,
        0.1948169767856598,
        0.02729286253452301,
        0.11286964267492294,
        0.2718353569507599,
        0.02286934107542038,
        -0.36196646094322205,
        0.30470985174179077,
        -0.2744082510471344,
        -0.1490146815776825,
        -0.10571987926959991,
        0.26401883363723755,
        -0.41000357270240784,
        0.2848929762840271
      ]
    },
    {
      "class_id": 1,
      "class_name": "class_1",
      "model_confidence": 0.567315,
      "prediction_entropy": 1.371662,
      "prediction_sharpness": 0.451302,
      "reconstruction_variance": 0.045891,
      "cosine_similarity": 0.348595,
      "l2_distance": 2.038444,
      "loss_history": [
        6.94027,
        0.8248,
        0.82299,
        0.82584,
        0.8277
      ],
      "risk_level": "LOW",
      "reconstructed_input": [
        0.3613221347332001,
        -0.20021462440490723,
        0.13723166286945343,
        0.25881385803222656,
        0.05186213180422783,
        -0.43908023834228516,
        -0.14529965817928314,
        -0.1387089341878891,
        0.03181283921003342,
        0.07471895217895508,
        0.27605968713760376,
        0.11357319355010986,
        -0.058003686368465424,
        0.27806389331817627,
        0.34691712260246277,
        0.16986018419265747,
        0.21548175811767578,
        0.13446389138698578,
        0.032331619411706924,
        0.05787571892142296,
        0.5511466860771179,
        -0.1585550159215927,
        -0.016762420535087585,
        0.19875109195709229,
        0.020182162523269653,
        0.2228226214647293,
        0.4017365872859955,
        -0.004498335532844067,
        0.11279311776161194,
        -0.19766436517238617,
        -0.1664997786283493,
        0.14500083029270172,
        -0.26930147409439087,
        -0.16572269797325134,
        0.32320573925971985,
        0.08031794428825378,
        0.21991436183452606,
        0.2574344873428345,
        0.3067817687988281,
        0.5899354815483093,
        0.16503365337848663,
        0.03503534197807312,
        -0.35783877968788147,
        0.16913916170597076,
        0.018889622762799263,
        -0.19400528073310852,
        0.031101902946829796,
        -0.1017717644572258,
        0.16232077777385712,
        -0.043807193636894226
      ]
    },
    {
      "class_id": 2,
      "class_name": "class_2",
      "model_confidence": 0.561399,
      "prediction_entropy": 1.373955,
      "prediction_sharpness": 0.442206,
      "reconstruction_variance": 0.027456,
      "cosine_similarity": 0.394573,
      "l2_distance": 2.065921,
      "loss_history": [
        7.90867,
        0.7147,
        0.71294,
        0.7154,
        0.71568
      ],
      "risk_level": "MEDIUM",
      "reconstructed_input": [
        0.3816660940647125,
        -0.10859380662441254,
        0.2941272556781769,
        0.2115904688835144,
        0.31490853428840637,
        0.22956857085227966,
        -0.12762056291103363,
        -0.01428170781582594,
        0.11781324446201324,
        -0.0025857118889689445,
        0.0571230910718441,
        0.1915435791015625,
        0.16344469785690308,
        -0.19977164268493652,
        -0.16172675788402557,
        -0.11947369575500488,
        0.15391361713409424,
        -0.007763158529996872,
        -0.07328076660633087,
        0.10943524539470673,
        0.08449971675872803,
        0.23397043347358704,
        -0.26197218894958496,
        -0.25507694482803345,
        0.013882016763091087,
        -0.03570890054106712,
        -0.05291421711444855,
        0.17476238310337067,
        -0.0059991213493049145,
        -0.03191317245364189,
        0.11621154844760895,
        0.10660131275653839,
        -0.10246404260396957,
        -0.027267448604106903,
        0.014841310679912567,
        0.12015476077795029,
        -0.27907106280326843,
        0.23855382204055786,
        -0.0016098208725452423,
        0.07636269181966782,
        0.03083392232656479,
        0.3251342177391052,
        0.21800865232944489,
        0.14381085336208344,
        -0.25725746154785156,
        -0.1283210813999176,
        -0.11890812963247299,
        -0.1198708564043045,
        0.0895807147026062,
        -0.20631448924541473
      ]
    },
    {
      "class_id": 3,
      "class_name": "class_3",
      "model_confidence": 0.544155,
      "prediction_entropy": 1.394972,
      "prediction_sharpness": 0.406321,
      "reconstruction_variance": 0.035369,
      "cosine_similarity": 0.195674,
      "l2_distance": 1.888601,
      "loss_history": [
        6.60351,
        0.79399,
        0.79135,
        0.78994,
        0.78727
      ],
      "risk_level": "LOW",
      "reconstructed_input": [
        -0.06449458748102188,
        -0.10738541930913925,
        -0.31663593649864197,
        0.05181992053985596,
        0.06528515368700027,
        0.2707293629646301,
        -0.12898768484592438,
        0.09188614040613174,
        -0.07507489621639252,
        -0.026308031752705574,
        0.2309119701385498,
        -0.21594296395778656,
        -0.11955664306879044,
        0.2235564887523651,
        -0.20052266120910645,
        0.1206420361995697,
        -0.13469499349594116,
        -0.09322287142276764,
        0.029711449518799782,
        -0.13661499321460724,
        -0.09662392735481262,
        0.22357918322086334,
        -0.11596918851137161,
        -0.16371531784534454,
        -0.14159367978572845,
        0.007776441052556038,
        0.21048592031002045,
        0.03330205753445625,
        -0.05745350196957588,
        -0.15296503901481628,
        -0.42713338136672974,
        -0.1191968321800232,
        -0.14312811195850372,
        0.17827750742435455,
        -0.03152987360954285,
        -0.04321601986885071,
        0.1503940373659134,
        0.08264922350645065,
        0.365071564912796,
        0.2967812418937683,
        -0.1606690138578415,
        0.4496716260910034,
        -0.13159647583961487,
        0.009116144850850105,
        -0.11838039755821228,
        -0.1545383632183075,
        0.18632763624191284,
        0.3952827453613281,
        0.2676806151866913,
        0.19865982234477997
      ]
    },
    {
      "class_id": 4,
      "class_name": "class_4",
      "model_confidence": 0.65965,
      "prediction_entropy": 1.163287,