{
  "attack": "model_inversion",
  "mode": "unmitigated",
  "results": [
    {
      "class_id": 0,
      "class_name": "class_0",
      "model_confidence": 0.689949,
      "prediction_entropy": 1.109989,
      "prediction_sharpness": 0.609029,
      "reconstruction_variance": 0.13275,
      "cosine_similarity": 0.431053,
      "l2_distance": 2.493114,
      "loss_history": [
        1.95769,
        0.44078,
        0.43798,
        0.43802,
        0.43785
      ],
      "risk_level": "MEDIUM",
      "reconstructed_input": [
        0.8970822691917419,
        -0.3866778016090393,
        0.07580980658531189,
        -0.31271302700042725,
        -1.0248562097549438,
        0.07314743101596832,
        -0.05209185928106308,
        -0.1766560822725296,
        0.3399933874607086,
        -0.35942068696022034,
        -0.40230920910835266,
        0.07757994532585144,
        0.19653470814228058,
        -0.30680611729621887,
        0.06318231672048569,
        -0.049156852066516876,
        0.1317289024591446,
        -0.1062428280711174,
        0.3781113624572754,
        0.013722522184252739,
        -0.0628272220492363,
        -0.216213196516037,
        0.02543584257364273,
        0.40976911783218384,
        0.10218047350645065,
        -0.3661520779132843,
        -0.6055812835693359,
        0.39416754245758057,
        -0.36904776096343994,
        0.3546184301376343,
        -0.12274496257305145,
        0.4921848475933075,
        0.605083167552948,
        0.7745088934898376,
        0.2995680570602417,
        0.059050463140010834,
        -0.6326151490211487,
        -0.289514422416687,
        0.49763888120651245,
        -0.2509411871433258,
        0.382739394903183,
        0.06850701570510864,
        0.4699323773384094,
        0.30465948581695557,
        -0.11527342349290848,
        0.18176279962062836,
        0.19567659497261047,
        0.006475736852735281,
        0.1366499662399292,
        0.11129014939069748
      ]
    },
    {
      "class_id": 1,
      "class_name": "class_1",
      "model_confidence": 0.698314,
      "prediction_entropy": 1.074064,
      "prediction_sharpness": 0.60904,
      "reconstruction_variance": 0.164772,
      "cosine_similarity": 0.415733,
      "l2_distance": 2.712857,
      "loss_history": [
        2.29679,
        0.44129,
        0.44048,
        0.43983,
        0.44177
      ],
      "risk_level": "MEDIUM",
      "reconstructed_input": [
        0.5953185558319092,
        -1.35488760471344,
        0.07498034834861755,
        -0.0585896372795105,
        1.355873465538025,
        -0.3186599016189575,
        -0.21044720709323883,
        -0.36055442690849304,
        -0.30875363945961,
        -0.01832558400928974,
        0.09417621046304703,
        0.2790871262550354,
        -0.6060335040092468,
        0.2679515779018402,
        0.17200779914855957,
        -0.217802032828331,
        -0.03708381578326225,
        -0.07822101563215256,
        -0.4256032407283783,
        0.005704952869564295,
        0.48459479212760925,
        0.3431740403175354,
        -0.07466981559991837,
        -0.160615473985672,
        0.18843109905719757,
        -0.24480198323726654,
        0.2238510251045227,
        -0.06487344205379486,
        0.7001699805259705,
        -0.7690110206604004,
        0.37155431509017944,
        -0.22714662551879883,
        -0.11906428635120392,
        0.2837856113910675,
        0.28571704030036926,
        -0.017874959856271744,
        0.08677934855222702,
        0.23968608677387238,
        -0.09334301203489304,
        -0.43704068660736084,
        -0.11756624281406403,
        0.4762088656425476,
        0.23476320505142212,
        -0.22025492787361145,
        0.3296489715576172,
        -0.458426296710968,
        0.07306260615587234,
        -0.11801642179489136,
        0.3285296559333801,
        -0.05866196006536484
      ]
    },
    {
      "class_id": 2,
      "class_name": "class_2",
      "model_confidence": 0.633823,
      "prediction_entropy": 1.215259,
      "prediction_sharpness": 0.535972,
      "reconstruction_variance": 0.215931,
      "cosine_similarity": 0.489666,
      "l2_distance": 2.929854,
      "loss_history": [
        2.77054,
        0.58304,
        0.56355,
        0.5638,
        0.56507
      ],
      "risk_level": "MEDIUM",
      "reconstructed_input": [
        1.084261178970337,
        0.31311899423599243,
        0.11213982105255127,
        0.3845791518688202,
        0.959015965461731,
        -0.08705035597085953,
        0.6862669587135315,
        -0.3779608905315399,
        0.3239874839782715,
        -0.22497697174549103,
        0.14854252338409424,
        -0.07222230732440948,
        0.2398843616247177,
        -0.3386640250682831,
        -0.1957390457391739,
        -0.08515188843011856,
        -0.9663668870925903,
        -0.7239040732383728,
        0.1707790642976761,
        -0.275982528924942,
        -0.0584598183631897,
        0.4298969507217407,
        -0.03325039893388748,
        -0.4715745151042938,
        -0.14281868934631348,
        0.3551088571548462,
        0.336810827255249,
        0.6085646748542786,
        -0.3197541832923889,
        0.018495751544833183,
        0.451040118932724,
        0.17642216384410858,
        -0.6604840159416199,
        -1.0859558582305908,
        0.983863890171051,
        -0.3630432188510895,
        -0.5158302187919617,
        0.24240240454673767,
        -0.639324426651001,
        0.0636008009314537,
        -0.22996704280376434,
        -0.032225728034973145,
        -0.1466251015663147,
        0.33898693323135376,
        0.5968065857887268,
        -0.012627575546503067,
        -0.10270090401172638,
        -0.4110073149204254,
        -0.5470426082611084,
        -0.011604882776737213
      ]
    },
    {
      "class_id": 3,
      "class_name": "class_3",
      "model_confidence": 0.741069,
      "prediction_entropy": 0.960896,
      "prediction_sharpness": 0.653853,
      "reconstruction_variance": 0.137888,
      "cosine_similarity": -0.075065,
      "l2_distance": 3.193503,
      "loss_history": [
        2.4458,
        0.3742,
        0.36745,
        0.36796,
        0.36898
      ],
      "risk_level": "LOW",
      "reconstructed_input": [
        0.5273747444152832,
        0.1741904318332672,
        -0.0526108555495739,
        0.480486124753952,
        -0.25799399614334106,
        0.37616491317749023,
        -0.3206664025783539,
        -0.5689336061477661,
        0.12311054021120071,
        -0.44440770149230957,
        -0.39216309785842896,
        0.12482226639986038,
        0.8053891062736511,
        -0.15520769357681274,
        0.6097358465194702,
        -0.06961024552583694,
        0.10601501166820526,
        0.18737611174583435,
        0.03695365786552429,
        0.05501182749867439,
        -0.5160158276557922,
        -0.001812855014577508,
        0.05429614707827568,
        -0.33231472969055176,
        -0.3449060618877411,
        0.4559214413166046,
        -0.6822423338890076,
        0.3033786416053772,
        -0.5037221312522888,
        0.3379395604133606,
        0.13275443017482758,
        0.38560470938682556,
        0.26075872778892517,
        0.4600710868835449,
        -0.6641997694969177,
        -0.3882600665092468,
        -0.3176356554031372,
        -0.6519960761070251,
        0.1739041656255722,
        0.1147627905011177,
        0.1875154972076416,
        0.23269273340702057,
        0.3523339033126831,
        0.22396057844161987,
        0.5768987536430359,
        -0.006580766756087542,
        -0.27772003412246704,
        0.010159422643482685,
        -0.35042592883110046,
        0.4706924259662628
      ]
    },
    {
      "class_id": 4,
      "class_name": "class_4",
      "model_confidence": 0.769267,
      "prediction_entropy": 0.892753,
      "prediction_sharpness": 0.68855,
      "reconstruction_variance": 0.086802,