{
  "attack": "model_inversion",
  "mode": "defended (noise=3.0, temp=15.0)",
  "results": [
    {
      "class_id": 0,
      "class_name": "class_0",
      "model_confidence": 0.193404,
      "prediction_entropy": 1.781693,
      "prediction_sharpness": 0.011921,
      "reconstruction_variance": 0.049933,
      "cosine_similarity": 0.475794,
      "l2_distance": 1.857245,
      "loss_history": [
        1.80911,
        1.70347,
        1.53007,
        1.89071,
        1.41306
      ],
      "risk_level": "MEDIUM",
      "reconstructed_input": [
        0.7210603356361389,
        -0.2083292156457901,
        0.034708358347415924,
        -0.007320381235331297,
        -0.4370984435081482,
        0.2792448103427887,
        0.09302891045808792,
        0.27248576283454895,
        -0.2094799429178238,
        0.07080458104610443,
        -0.04042103886604309,
        -0.11842245608568192,
        -0.21448785066604614,
        -0.36359596252441406,
        0.17483477294445038,
        0.20849092304706573,
        0.044035449624061584,
        -0.052665166556835175,
        0.3179730772972107,
        -0.34188294410705566,
        0.012556511908769608,
        -0.34861138463020325,
        -0.037591468542814255,
        0.021796662360429764,
        -0.0006526634097099304,
        -0.029038235545158386,
        -0.2023753821849823,
        0.0889253094792366,
        0.3807894289493561,
        0.13713254034519196,
        0.058002032339572906,
        -0.24802325665950775,
        -0.08650313317775726,
        0.26151958107948303,
        -0.3752804398536682,
        -0.05408598482608795,
        -0.17280180752277374,
        0.18336258828639984,
        -0.18822653591632843,
        0.2619558870792389,
        0.3297192454338074,
        -0.034569911658763885,
        -0.07306849211454391,
        -0.2525148093700409,
        -0.0957385003566742,
        0.07395321130752563,
        0.13626858592033386,
        -0.08850372582674026,
        0.09144390374422073,
        0.15293912589550018
      ]
    },
    {
      "class_id": 1,
      "class_name": "class_1",
      "model_confidence": 0.253632,
      "prediction_entropy": 1.742379,
      "prediction_sharpness": 0.046232,
      "reconstruction_variance": 0.071223,
      "cosine_similarity": 0.524495,
      "l2_distance": 1.864417,
      "loss_history": [
        2.50591,
        1.93287,
        1.6952,
        1.70171,
        0.84312
      ],
      "risk_level": "MEDIUM",
      "reconstructed_input": [
        0.5180995464324951,
        -0.4859718084335327,
        0.17709514498710632,
        0.1740710586309433,
        0.07424119114875793,
        -0.34461426734924316,
        -0.03792666643857956,
        -0.1147148460149765,
        -0.39728468656539917,
        0.013221263885498047,
        0.34988731145858765,
        -0.30784523487091064,
        -0.3567494750022888,
        -0.1933113932609558,
        0.011343552730977535,
        -0.22513246536254883,
        -0.42208975553512573,
        0.24395745992660522,
        0.34094324707984924,
        0.2051876187324524,
        0.22899851202964783,
        -0.025270162150263786,
        -0.19828124344348907,
        0.2521929442882538,
        -0.25549250841140747,
        -0.05177241191267967,
        -0.17330153286457062,
        0.08889760822057724,
        0.7432612776756287,
        0.5515174865722656,
        -0.24111415445804596,
        -0.1605939418077469,
        0.00851499941200018,
        -0.20669466257095337,
        -0.4432010054588318,
        0.05432146415114403,
        -0.07896304875612259,
        -0.07839970290660858,
        0.14910246431827545,
        0.09236745536327362,
        0.08285506069660187,
        0.11499243974685669,
        -0.2094048410654068,
        -0.5199333429336548,
        -0.138502299785614,
        0.07759729027748108,
        -0.050276048481464386,
        0.1825643926858902,
        -0.07533042132854462,
        0.03745237737894058
      ]
    },
    {
      "class_id": 2,
      "class_name": "class_2",
      "model_confidence": 0.285496,
      "prediction_entropy": 1.746659,
      "prediction_sharpness": 0.127108,
      "reconstruction_variance": 0.050925,
      "cosine_similarity": 0.373771,
      "l2_distance": 2.198568,
      "loss_history": [
        2.59842,
        1.97344,
        1.7021,
        1.90562,
        2.04195
      ],
      "risk_level": "MEDIUM",
      "reconstructed_input": [
        0.5187362432479858,
        0.061265796422958374,
        0.33829572796821594,
        -0.2062879204750061,
        0.10573447495698929,
        0.45714616775512695,
        0.15241169929504395,
        -0.10058113932609558,
        0.15558312833309174,
        0.0667160227894783,
        0.282413512468338,
        -0.2744990587234497,
        -0.47807779908180237,
        -0.2709689438343048,
        0.12264275550842285,
        -0.21484893560409546,
        0.013341037556529045,
        0.06002669036388397,
        0.451196551322937,
        0.010470603592693806,
        0.12340418994426727,
        -0.3245689868927002,
        0.1396838277578354,
        -0.13974322378635406,
        -0.32954931259155273,
        0.12382295727729797,
        -0.33506351709365845,
        -0.10138256847858429,
        0.19169826805591583,
        0.23197808861732483,
        0.0158751979470253,
        -0.2576124966144562,
        -0.2789436876773834,
        -0.01759110577404499,
        -0.17492346465587616,
        -0.24094341695308685,
        0.02637462504208088,
        0.08385543525218964,
        0.14828617870807648,
        -0.17678052186965942,
        0.16116273403167725,
        0.21299432218074799,
        -0.0841698944568634,
        -0.07870776951313019,
        -0.06568439304828644,
        0.08467750251293182,
        0.2149999588727951,
        0.17390786111354828,
        -0.35799580812454224,
        -0.13004913926124573
      ]
    },
    {
      "class_id": 3,
      "class_name": "class_3",
      "model_confidence": 0.197268,
      "prediction_entropy": 1.761591,
      "prediction_sharpness": 0.002748,
      "reconstruction_variance": 0.017157,
      "cosine_similarity": 0.515738,
      "l2_distance": 1.398961,
      "loss_history": [
        2.41132,
        1.50433,
        0.92928,
        1.69359,
        1.72062
      ],
      "risk_level": "MEDIUM",
      "reconstructed_input": [
        -0.22784627974033356,
        0.014067706651985645,
        -0.15142403542995453,
        0.13786479830741882,
        0.12225742638111115,
        0.2364172488451004,
        0.08665318787097931,
        -0.16534599661827087,
        -0.05924784392118454,
        -0.06995121389627457,
        0.058773454278707504,
        0.2526708245277405,
        -0.0638580173254013,
        -0.050346940755844116,
        -0.04663104936480522,
        0.1361660361289978,
        0.1307760626077652,
        0.023606836795806885,
        -0.012853736989200115,
        0.0884406641125679,
        0.10633176565170288,
        -0.15970547497272491,
        0.07647567987442017,
        0.16090166568756104,
        -0.04021970555186272,
        0.009629873558878899,
        0.021531380712985992,
        0.15200914442539215,
        0.21331486105918884,
        -0.043426916003227234,
        0.10560423880815506,
        0.11667288094758987,
        0.05250300094485283,
        -0.07152606546878815,
        -0.19361649453639984,
        0.10992909967899323,
        0.07250956445932388,
        0.15791617333889008,
        -0.01755714602768421,
        0.05596628785133362,
        0.1327543407678604,
        0.101523257791996,
        -0.014784521423280239,
        -0.017803747206926346,
        0.046893876045942307,
        0.39345961809158325,
        0.20474669337272644,
        -0.044250499457120895,
        0.27118030190467834,
        -0.24887250363826752
      ]
    },
    {
      "class_id": 4,
      "class_name": "class_4",
      "model_confidence": 0.189477,
      "prediction_entropy": 1.785082,