{
  "attack": "model_inversion",
  "mode": "mitigated (confidence masked)",
  "results": [
    {
      "class_id": 0,
      "class_name": "class_0",
      "model_confidence": 0.605256,
      "prediction_entropy": 1.297009,
      "prediction_sharpness": 0.506877,
      "reconstruction_variance": 0.040313,
      "cosine_similarity": 0.509591,
      "l2_distance": 1.755824,
      "loss_history": [
        6.99375,
        0.70536,
        0.70484,
        0.70592,
        0.70671
      ],
      "risk_level": "MEDIUM",
      "reconstructed_input": [
        0.5756458640098572,
        0.0578932985663414,
        -0.2612226605415344,
        -0.26824069023132324,
        -0.1908353716135025,
        0.019887007772922516,
        0.027805674821138382,
        0.320811927318573,
        -0.01588170789182186,
        0.20338325202465057,
        -0.2685876190662384,
        -0.03156592324376106,
        0.10014393925666809,
        -0.3251801133155823,
        -0.012666395865380764,
        -0.014650434255599976,
        -0.030843239277601242,
        -0.2063995748758316,
        0.2675839960575104,
        -0.16783925890922546,
        -0.022704528644680977,
        0.028490401804447174,
        0.11762302368879318,
        0.1047084778547287,
        0.17714284360408783,
        0.1433417946100235,
        -0.05270911380648613,
        0.2492792308330536,
        -0.3036755323410034,
        0.17187421023845673,
        0.026481710374355316,
        0.21746401488780975,
        -0.17754969000816345,
        0.23180417716503143,
        0.0472392700612545,
        -0.05948568135499954,
        -0.28142768144607544,
        0.11357299238443375,
        0.008310113102197647,
        0.1816461831331253,
        0.24316109716892242,
        -0.03483134135603905,
        0.43093976378440857,
        -0.018644094467163086,
        -0.4203989505767822,
        0.046737633645534515,
        0.1040632426738739,
        -0.05501413717865944,
        -0.21898116171360016,
        -0.13494917750358582
      ]
    },
    {
      "class_id": 1,
      "class_name": "class_1",
      "model_confidence": 0.602435,
      "prediction_entropy": 1.274308,
      "prediction_sharpness": 0.469925,
      "reconstruction_variance": 0.042808,
      "cosine_similarity": 0.440613,
      "l2_distance": 1.850671,
      "loss_history": [
        8.74016,
        0.76187,
        0.76708,
        0.73475,
        0.73384
      ],
      "risk_level": "MEDIUM",
      "reconstructed_input": [
        0.5127251744270325,
        -0.2926073372364044,
        0.04666835442185402,
        0.12222546339035034,
        0.3129974603652954,
        -0.16884911060333252,
        -0.0518091544508934,
        -0.007593115791678429,
        -0.25049909949302673,
        0.16275553405284882,
        -0.2684684991836548,
        -0.31669357419013977,
        -0.10081717371940613,
        -0.28114673495292664,
        -0.17107313871383667,
        -0.14213654398918152,
        -0.5158557295799255,
        -0.25906965136528015,
        -0.20373043417930603,
        0.03893687203526497,
        -0.01433394942432642,
        -0.014673613011837006,
        -0.1761196106672287,
        0.23714159429073334,
        0.16846293210983276,
        0.04416603967547417,
        -0.011074909940361977,
        -0.033407505601644516,
        0.15809495747089386,
        0.09266182035207748,
        0.007402568124234676,
        -0.12611885368824005,
        -0.2918442487716675,
        0.03919552266597748,
        0.30271703004837036,
        0.22007958590984344,
        -0.2848580777645111,
        0.11701583117246628,
        -0.18148209154605865,
        -0.4825611710548401,
        0.05106907710433006,
        0.16434703767299652,
        0.013052979484200478,
        0.18141281604766846,
        -0.13520246744155884,
        0.0548689030110836,
        -0.17233629524707794,
        -0.12262919545173645,
        -0.006849789526313543,
        -0.3062049448490143
      ]
    },
    {
      "class_id": 2,
      "class_name": "class_2",
      "model_confidence": 0.533785,
      "prediction_entropy": 1.40843,
      "prediction_sharpness": 0.410228,
      "reconstruction_variance": 0.06459,
      "cosine_similarity": 0.279094,
      "l2_distance": 2.441394,
      "loss_history": [
        7.3986,
        0.95538,
        0.95469,
        0.95233,
        0.95349
      ],
      "risk_level": "LOW",
      "reconstructed_input": [
        0.38650524616241455,
        0.18506863713264465,
        0.02639264240860939,
        0.26006561517715454,
        0.13558851182460785,
        -0.09945179522037506,
        0.3602670133113861,
        0.03645823895931244,
        0.26815131306648254,
        0.09916143119335175,
        0.15791797637939453,
        -0.0373767614364624,
        -0.030069099739193916,
        -0.7337022423744202,
        -0.22763095796108246,
        0.2375800460577011,
        -0.465668648481369,
        -0.5244476199150085,
        0.22645163536071777,
        0.04927447438240051,
        -0.04082910716533661,
        0.1528870165348053,
        -0.29995372891426086,
        0.12801377475261688,
        0.16745144128799438,
        0.08174354583024979,
        0.08566203713417053,
        -0.002412104979157448,
        -0.08010169118642807,
        -0.35434725880622864,
        0.1553146094083786,
        0.1542055606842041,
        -0.13979069888591766,
        -0.23225349187850952,
        0.3010399639606476,
        -0.08004894107580185,
        -0.252943754196167,
        0.014012126252055168,
        -0.16281245648860931,
        -0.263398140668869,
        -0.32400837540626526,
        -0.1801607757806778,
        0.023787332698702812,
        0.2074207216501236,
        0.49528831243515015,
        -0.19947616755962372,
        0.04332244023680687,
        -0.5289012789726257,
        -0.17316491901874542,
        -0.29785415530204773
      ]
    },
    {
      "class_id": 3,
      "class_name": "class_3",
      "model_confidence": 0.583779,
      "prediction_entropy": 1.283422,
      "prediction_sharpness": 0.400494,
      "reconstruction_variance": 0.028433,
      "cosine_similarity": 0.049247,
      "l2_distance": 1.97334,
      "loss_history": [
        5.62832,
        0.77958,
        0.77588,
        0.78023,
        0.6836
      ],
      "risk_level": "LOW",
      "reconstructed_input": [
        0.16009417176246643,
        0.08793478459119797,
        -0.2724960446357727,
        -0.148481547832489,
        -0.04600253701210022,
        0.04908996820449829,
        -0.12946605682373047,
        -0.042383961379528046,
        -0.14623384177684784,
        -0.17227374017238617,
        0.09734699130058289,
        0.007403831463307142,
        0.1126166507601738,
        -0.14809010922908783,
        0.470698744058609,
        0.07585618644952774,
        -0.11186423897743225,
        -0.23253445327281952,
        -0.018029088154435158,
        0.059783872216939926,
        -0.05349308252334595,
        0.010503694415092468,
        0.024128787219524384,
        -0.017630010843276978,
        0.15118031203746796,
        0.36377742886543274,
        0.06035563722252846,
        0.388034462928772,
        0.180679589509964,
        0.03145673871040344,
        0.029866524040699005,
        0.03171363100409508,
        0.0935700535774231,
        0.05092954635620117,
        0.05880652368068695,
        -0.04204685240983963,
        -0.029170166701078415,
        -0.014562899246811867,
        0.036982592195272446,
        0.3317486345767975,
        0.22017021477222443,
        -0.14785784482955933,
        0.23066987097263336,
        0.15925975143909454,
        -0.07449406385421753,
        -0.0012730732560157776,
        -0.12768793106079102,
        0.05831213295459747,
        -0.4934852719306946,
        -0.06636004149913788
      ]
    },
    {
      "class_id": 4,
      "class_name": "class_4",
      "model_confidence": 0.731293,
      "prediction_entropy": 0.980585,