{
  "attack": "model_inversion",
  "mode": "mitigated (confidence masked)",
  "results": [
    {
      "class_id": 0,
      "class_name": "class_0",
      "model_confidence": 0.244054,
      "prediction_entropy": 1.772101,
      "prediction_sharpness": 0.087662,
      "reconstruction_variance": 0.028094,
      "cosine_similarity": 0.70206,
      "l2_distance": 1.427227,
      "loss_history": [
        6.03132,
        1.55202,
        1.55225,
        1.55231,
        1.5517
      ],
      "risk_level": "HIGH",
      "reconstructed_input": [
        0.5034085512161255,
        0.13557583093643188,
        0.07004677504301071,
        -0.30964311957359314,
        -0.3320571184158325,
        0.1545533835887909,
        -0.004133487585932016,
        -0.011538849212229252,
        -0.5600513815879822,
        0.18299058079719543,
        -0.14255550503730774,
        0.019208256155252457,
        0.18761609494686127,
        -0.07856207340955734,
        -0.0358915813267231,
        0.09232484549283981,
        0.27395424246788025,
        0.05078480392694473,
        0.07866843789815903,
        0.05111130326986313,
        0.013201584108173847,
        -0.0378691703081131,
        -0.009402051568031311,
        0.037742260843515396,
        -0.14203663170337677,
        0.10443195700645447,
        -0.047474343329668045,
        0.128202885389328,
        0.10007614642381668,
        -0.07030594348907471,
        -0.030201686546206474,
        0.1646323949098587,
        -0.02364281192421913,
        0.059468261897563934,
        -0.06700104475021362,
        -0.13999029994010925,
        0.10107690840959549,
        0.21163399517536163,
        0.03199728578329086,
        0.10886593908071518,
        -0.13062095642089844,
        0.04591701552271843,
        0.0045656911097466946,
        0.022088944911956787,
        -0.03598112612962723,
        0.33789628744125366,
        0.09019508212804794,
        -0.13149747252464294,
        -0.18610942363739014,
        -0.12390785664319992
      ]
    },
    {
      "class_id": 1,
      "class_name": "class_1",
      "model_confidence": 0.202591,
      "prediction_entropy": 1.785125,
      "prediction_sharpness": 0.031438,
      "reconstruction_variance": 0.027983,
      "cosine_similarity": 0.557671,
      "l2_distance": 1.606621,
      "loss_history": [
        7.21288,
        1.739,
        1.73849,
        1.73902,
        1.73845
      ],
      "risk_level": "MEDIUM",
      "reconstructed_input": [
        0.25118252635002136,
        -0.40196311473846436,
        0.23921138048171997,
        -0.04807266965508461,
        -0.20333565771579742,
        -0.08027705550193787,
        -0.09612888097763062,
        -0.25847309827804565,
        -0.13166986405849457,
        0.13268712162971497,
        0.31391242146492004,
        -0.09795773029327393,
        -0.38942328095436096,
        -0.20379070937633514,
        -0.12827394902706146,
        -0.03724536672234535,
        -0.03628259524703026,
        -0.07095707952976227,
        0.060739852488040924,
        0.1660325676202774,
        0.18494437634944916,
        0.23478518426418304,
        -0.08694737404584885,
        -0.025527220219373703,
        0.1786428987979889,
        0.051083117723464966,
        0.07388205826282501,
        -0.2157740741968155,
        0.12469611316919327,
        -0.04726241156458855,
        0.24926535785198212,
        0.1426325887441635,
        0.22950176894664764,
        0.11275727301836014,
        0.1091185137629509,
        0.17588630318641663,
        0.03229091688990593,
        -0.010748706758022308,
        -0.06249285489320755,
        -0.16421467065811157,
        0.05351843312382698,
        0.10236580669879913,
        0.019102219492197037,
        -0.021966170519590378,
        -0.07644514739513397,
        0.20278982818126678,
        0.019611578434705734,
        0.33263784646987915,
        0.03209810331463814,
        0.15914185345172882
      ]
    },
    {
      "class_id": 2,
      "class_name": "class_2",
      "model_confidence": 0.18745,
      "prediction_entropy": 1.78525,
      "prediction_sharpness": 0.002256,
      "reconstruction_variance": 0.026042,
      "cosine_similarity": 0.550953,
      "l2_distance": 1.856112,
      "loss_history": [
        5.94069,
        1.80602,
        1.80496,
        1.80526,
        1.80479
      ],
      "risk_level": "MEDIUM",
      "reconstructed_input": [
        0.2681620717048645,
        0.25281649827957153,
        -0.02500542439520359,
        -0.18689066171646118,
        0.4568345248699188,
        0.0448627695441246,
        0.1831921935081482,
        0.10329177975654602,
        0.08498992770910263,
        -0.11766462028026581,
        0.18557429313659668,
        -0.12987731397151947,
        0.06272558122873306,
        -0.03147970139980316,
        -0.0375431552529335,
        -0.26583394408226013,
        0.040714677423238754,
        -0.1143682524561882,
        -0.0327780582010746,
        0.0010763683822005987,
        -0.21769681572914124,
        0.10827121138572693,
        -0.17754733562469482,
        -0.055421993136405945,
        0.05122264847159386,
        0.14196395874023438,
        -0.1419028490781784,
        -0.10028601437807083,
        0.14745542407035828,
        -0.04921313002705574,
        0.16760693490505219,
        0.1828920543193817,
        -0.1682971566915512,
        0.0030464588198810816,
        -0.0006665748660452664,
        0.07002793252468109,
        -0.3307723104953766,
        -0.09401895105838776,
        0.004378798417747021,
        0.006112600676715374,
        -0.028949545696377754,
        0.06333805620670319,
        0.25709760189056396,
        0.2561897337436676,
        -0.1708570271730423,
        0.1795535385608673,
        0.11877115815877914,
        0.18321388959884644,
        -0.035323210060596466,
        -0.3045911490917206
      ]
    },
    {
      "class_id": 3,
      "class_name": "class_3",
      "model_confidence": 0.240571,
      "prediction_entropy": 1.764889,
      "prediction_sharpness": 0.049217,
      "reconstruction_variance": 0.031505,
      "cosine_similarity": 0.675966,
      "l2_distance": 1.208071,
      "loss_history": [
        6.0383,
        1.583,
        1.58294,
        1.583,
        1.58339
      ],
      "risk_level": "HIGH",
      "reconstructed_input": [
        -0.36453545093536377,
        -0.02880062907934189,
        -0.42813289165496826,
        0.18154790997505188,
        0.416726678609848,
        0.36478757858276367,
        -0.3637654781341553,
        0.0017744104843586683,
        0.13264524936676025,
        0.1919453740119934,
        -0.0792880728840828,
        0.11917801946401596,
        -0.09213182330131531,
        0.020744284614920616,
        0.0027527264319360256,
        0.028549738228321075,
        0.06715838611125946,
        -0.013004733249545097,
        0.11957722902297974,
        -0.03099329024553299,
        -0.06248534470796585,
        -0.28000470995903015,
        0.05876024812459946,
        -0.13230837881565094,
        0.02617807127535343,
        0.1421489417552948,
        -0.11758554726839066,
        0.02417762018740177,
        0.0018556448630988598,
        -0.10243237763643265,
        -0.106967031955719,
        -0.15776772797107697,
        -0.23378370702266693,
        0.043616052716970444,
        -0.06435605138540268,
        -0.2030566781759262,
        0.15578849613666534,
        0.20170465111732483,
        -0.10165972262620926,
        0.15705044567584991,
        0.010786255821585655,
        -0.08766796439886093,
        -0.252888947725296,
        0.343527615070343,
        0.11176208406686783,
        0.14983762800693512,
        0.009917068295180798,
        -0.23451222479343414,
        0.03974149376153946,
        -0.13796482980251312
      ]
    },
    {
      "class_id": 4,
      "class_name": "class_4",
      "model_confidence": 0.256651,
      "prediction_entropy": 1.758437,