{
  "attack": "model_inversion",
  "mode": "defended (noise=3.0, temp=15.0)",
  "results": [
    {
      "class_id": 0,
      "class_name": "class_0",
      "model_confidence": 0.280695,
      "prediction_entropy": 1.719168,
      "prediction_sharpness": 0.068267,
      "reconstruction_variance": 0.044258,
      "cosine_similarity": 0.385821,
      "l2_distance": 1.978996,
      "loss_history": [
        2.50552,
        1.72835,
        1.53568,
        1.81046,
        1.36889
      ],
      "risk_level": "MEDIUM",
      "reconstructed_input": [
        0.7049135565757751,
        -0.15538056194782257,
        0.006161638535559177,
        -0.3064908981323242,
        -0.06369200348854065,
        0.08808887004852295,
        0.022511672228574753,
        0.16077560186386108,
        0.3601303994655609,
        0.047594327479600906,
        -0.15989409387111664,
        0.21555274724960327,
        0.2147780805826187,
        -0.3316795229911804,
        0.10411728173494339,
        0.22326962649822235,
        0.2564185559749603,
        -0.1932010054588318,
        0.16527411341667175,
        -0.019218165427446365,
        -0.07434388250112534,
        0.17928984761238098,
        0.3014495372772217,
        0.0555407851934433,
        -0.10391757637262344,
        -0.09124936163425446,
        -0.23892733454704285,
        0.16103008389472961,
        -0.2488342523574829,
        0.30472636222839355,
        0.15947884321212769,
        0.41861024498939514,
        0.012918836437165737,
        0.3398713171482086,
        0.002389844972640276,
        0.06568142771720886,
        -0.3302682638168335,
        0.015871210023760796,
        -0.019124425947666168,
        -0.06087568774819374,
        0.23436670005321503,
        0.19465138018131256,
        0.28110837936401367,
        -0.15033680200576782,
        -0.1854243278503418,
        -0.15233446657657623,
        -0.13655757904052734,
        -0.017047878354787827,
        -0.07595474272966385,
        -0.03318146616220474
      ]
    },
    {
      "class_id": 1,
      "class_name": "class_1",
      "model_confidence": 0.189276,
      "prediction_entropy": 1.78817,
      "prediction_sharpness": 0.007367,
      "reconstruction_variance": 0.053258,
      "cosine_similarity": 0.343651,
      "l2_distance": 2.055352,
      "loss_history": [
        2.361,
        2.14794,
        2.02008,
        2.23979,
        1.53246
      ],
      "risk_level": "LOW",
      "reconstructed_input": [
        0.39013707637786865,
        -0.5905377268791199,
        0.047490138560533524,
        0.06845786422491074,
        0.4718675911426544,
        0.12360438704490662,
        -0.21699807047843933,
        -0.08975651115179062,
        -0.30335989594459534,
        -0.014076890423893929,
        -0.10887181013822556,
        0.029905129224061966,
        0.01570780947804451,
        -0.19016553461551666,
        0.35367903113365173,
        -0.5370209813117981,
        -0.19333314895629883,
        -0.2536206543445587,
        0.09338691085577011,
        0.054263949394226074,
        0.2895169258117676,
        -0.07814453542232513,
        -0.14496663212776184,
        0.04981599375605583,
        0.13092894852161407,
        0.26938602328300476,
        0.1405308097600937,
        0.09257049113512039,
        -0.02717582881450653,
        -0.11342652142047882,
        0.055325642228126526,
        0.08843319118022919,
        0.08411198854446411,
        0.30921313166618347,
        0.023943159729242325,
        0.254826158285141,
        -0.5811843276023865,
        0.04378409683704376,
        -0.03367192670702934,
        -0.05069351941347122,
        0.052140187472105026,
        0.20664770901203156,
        0.3705767095088959,
        0.18265652656555176,
        -0.15688011050224304,
        -0.048012733459472656,
        0.0073015931993722916,
        -0.322543203830719,
        0.010012870654463768,
        -0.28104597330093384
      ]
    },
    {
      "class_id": 2,
      "class_name": "class_2",
      "model_confidence": 0.201193,
      "prediction_entropy": 1.782649,
      "prediction_sharpness": 0.022109,
      "reconstruction_variance": 0.04402,
      "cosine_similarity": 0.252465,
      "l2_distance": 2.34024,
      "loss_history": [
        2.68737,
        1.90527,
        1.84871,
        1.28063,
        2.02103
      ],
      "risk_level": "LOW",
      "reconstructed_input": [
        0.3983781337738037,
        -0.20906618237495422,
        0.16697169840335846,
        0.2523379325866699,
        0.1446976363658905,
        0.07089206576347351,
        0.05596253648400307,
        0.12251158058643341,
        0.17490994930267334,
        0.04101537540555,
        -0.08311807364225388,
        0.21383678913116455,
        0.2417367845773697,
        -0.1898224651813507,
        -0.11151313036680222,
        0.19771727919578552,
        0.029542511329054832,
        -0.1375381201505661,
        -0.1836002767086029,
        -0.3015928864479065,
        0.13563887774944305,
        -0.029823146760463715,
        0.10280387103557587,
        0.07251359522342682,
        0.09482773393392563,
        0.16280004382133484,
        0.19102483987808228,
        0.05929325520992279,
        -0.14070674777030945,
        -0.22030411660671234,
        0.28798025846481323,
        0.47845426201820374,
        0.22067022323608398,
        -0.2711990475654602,
        -0.08517158031463623,
        0.08879253268241882,
        -0.1022375226020813,
        0.07491622865200043,
        0.19724012911319733,
        -0.33061325550079346,
        -0.25992050766944885,
        -0.06508946418762207,
        -0.07734846323728561,
        -0.13994231820106506,
        0.24194660782814026,
        -0.34623247385025024,
        -0.622439444065094,
        -0.010852777399122715,
        0.012462479993700981,
        -0.187811478972435
      ]
    },
    {
      "class_id": 3,
      "class_name": "class_3",
      "model_confidence": 0.195913,
      "prediction_entropy": 1.78305,
      "prediction_sharpness": 0.019063,
      "reconstruction_variance": 0.028905,
      "cosine_similarity": 0.380325,
      "l2_distance": 1.616615,
      "loss_history": [
        1.68847,
        1.29929,
        1.92205,
        2.49315,
        1.78065
      ],
      "risk_level": "MEDIUM",
      "reconstructed_input": [
        -0.17221583425998688,
        0.1644672155380249,
        -0.326798677444458,
        0.10211405158042908,
        0.33293256163597107,
        -0.20548366010189056,
        -0.03938866779208183,
        -0.13302627205848694,
        0.05971154943108559,
        0.04531000927090645,
        0.10117751359939575,
        -0.04605444148182869,
        0.0477403923869133,
        -0.046532269567251205,
        0.1356322318315506,
        0.09372208267450333,
        -0.06451389193534851,
        -0.21010735630989075,
        -0.053210627287626266,
        0.12353883683681488,
        0.057037003338336945,
        -0.08840709179639816,
        0.06751473993062973,
        0.11711578071117401,
        0.005596867762506008,
        0.15346978604793549,
        0.034527771174907684,
        0.37923479080200195,
        0.13528721034526825,
        0.022878438234329224,
        0.0033237342722713947,
        -0.3765752911567688,
        0.10862526297569275,
        0.0390721820294857,
        -0.0576544851064682,
        0.1059897243976593,
        0.07146912068128586,
        0.294100821018219,
        -0.2596355080604553,
        0.06555264443159103,
        0.22016406059265137,
        -0.20965036749839783,
        0.20423540472984314,
        0.03038816899061203,
        -0.158179372549057,
        0.285465806722641,
        -0.03571934625506401,
        0.06997690349817276,
        -0.33757203817367554,
        0.3145908713340759
      ]
    },
    {
      "class_id": 4,
      "class_name": "class_4",
      "model_confidence": 0.245594,
      "prediction_entropy": 1.770042,