{
  "attack": "model_inversion",
  "mode": "defended (noise=3.0, temp=15.0)",
  "results": [
    {
      "class_id": 0,
      "class_name": "class_0",
      "model_confidence": 0.187304,
      "prediction_entropy": 1.787987,
      "prediction_sharpness": 0.008916,
      "reconstruction_variance": 0.015468,
      "cosine_similarity": 0.739112,
      "l2_distance": 1.459218,
      "loss_history": [
        1.41643,
        1.84032,
        1.82595,
        2.12902,
        2.147
      ],
      "risk_level": "HIGH",
      "reconstructed_input": [
        0.3963039517402649,
        0.011139103211462498,
        -0.01451105996966362,
        -0.3019396960735321,
        -0.20415522158145905,
        0.041041843593120575,
        -0.07158160209655762,
        0.0018700463697314262,
        -0.4122263491153717,
        0.09124197065830231,
        -0.1113927960395813,
        0.04658929258584976,
        0.06852663308382034,
        -0.005397525615990162,
        -0.06337786465883255,
        0.07077908515930176,
        0.10776727646589279,
        0.07442324608564377,
        0.023754213005304337,
        0.13633888959884644,
        -0.015612183138728142,
        -0.0458470843732357,
        0.03143390268087387,
        0.0008574835956096649,
        -0.16996367275714874,
        0.13598620891571045,
        -0.04947011545300484,
        0.051812656223773956,
        -0.024982409551739693,
        -0.07593458145856857,
        -0.12639756500720978,
        0.07080764323472977,
        -0.07688678801059723,
        0.11672090739011765,
        -0.06934287399053574,
        -0.08017268776893616,
        0.04286753013730049,
        0.07898205518722534,
        0.12052412331104279,
        0.14247076213359833,
        -0.05300724133849144,
        -0.0608958937227726,
        -0.011531262658536434,
        -0.04727178066968918,
        -0.03261043131351471,
        0.23348304629325867,
        0.018790241330862045,
        -0.06353957206010818,
        -0.054716382175683975,
        -0.07424242049455643
      ]
    },
    {
      "class_id": 1,
      "class_name": "class_1",
      "model_confidence": 0.222347,
      "prediction_entropy": 1.760558,
      "prediction_sharpness": 0.02427,
      "reconstruction_variance": 0.011672,
      "cosine_similarity": 0.560395,
      "l2_distance": 1.630022,
      "loss_history": [
        2.4129,
        1.94228,
        2.11621,
        1.6631,
        1.68319
      ],
      "risk_level": "MEDIUM",
      "reconstructed_input": [
        0.1310802698135376,
        -0.3337371349334717,
        0.13364246487617493,
        -0.014354466460645199,
        -0.1567772924900055,
        0.0012060427106916904,
        -0.043815162032842636,
        -0.19393840432167053,
        -0.051604390144348145,
        -0.08397525548934937,
        0.15457390248775482,
        -0.02195192314684391,
        -0.21854546666145325,
        0.02598375827074051,
        -0.10898761451244354,
        -0.08202757686376572,
        -0.07640670239925385,
        -0.08925056457519531,
        0.04730227217078209,
        0.09699570387601852,
        0.17272476851940155,
        0.12277356535196304,
        0.01703646592795849,
        -0.039637282490730286,
        0.19893589615821838,
        -0.012857302092015743,
        0.18228527903556824,
        -0.0321069173514843,
        0.12514929473400116,
        -0.05377516895532608,
        0.004843721631914377,
        0.008697882294654846,
        0.05736662074923515,
        0.11840927600860596,
        -0.06050935015082359,
        0.04889993742108345,
        -0.021831495687365532,
        0.05643303692340851,
        0.0014790995046496391,
        -0.07298536598682404,
        -0.09756962209939957,
        0.06555856019258499,
        0.05269681289792061,
        -0.08328156173229218,
        0.06317731738090515,
        0.00793550256639719,
        0.06992028653621674,
        0.16105611622333527,
        -0.06213570013642311,
        0.11522172391414642
      ]
    },
    {
      "class_id": 2,
      "class_name": "class_2",
      "model_confidence": 0.212811,
      "prediction_entropy": 1.768567,
      "prediction_sharpness": 0.004088,
      "reconstruction_variance": 0.010072,
      "cosine_similarity": 0.55017,
      "l2_distance": 1.924286,
      "loss_history": [
        2.21004,
        2.21544,
        1.7036,
        1.82143,
        1.78341
      ],
      "risk_level": "MEDIUM",
      "reconstructed_input": [
        0.21155904233455658,
        0.06441202014684677,
        -0.15055227279663086,
        -0.05980430915951729,
        0.32853251695632935,
        0.03364736586809158,
        0.10981229692697525,
        0.09763975441455841,
        0.0567135326564312,
        -0.04395158961415291,
        -0.0023139482364058495,
        -0.09029605984687805,
        0.03301987051963806,
        0.014477986842393875,
        -0.05210058391094208,
        -0.08227726072072983,
        0.08428739011287689,
        -0.06385374814271927,
        -0.02995673380792141,
        0.052718229591846466,
        -0.1117011234164238,
        0.04491604492068291,
        0.0022170934826135635,
        0.02688785269856453,
        0.04037719592452049,
        0.10138559341430664,
        -0.06677974760532379,
        -0.029494909569621086,
        0.027603544294834137,
        -0.06581928580999374,
        -0.010116677731275558,
        -0.0651252269744873,
        -0.22212956845760345,
        0.0018671262077987194,
        -0.02509145252406597,
        0.08186092227697372,
        -0.12036333978176117,
        -0.021341562271118164,
        -0.02397448942065239,
        0.0588131844997406,
        -0.0561334453523159,
        0.024190271273255348,
        0.12206714600324631,
        0.18267230689525604,
        -0.06567461043596268,
        0.09388310462236404,
        0.1360456645488739,
        0.15844108164310455,
        -0.03885618597269058,
        -0.1899377852678299
      ]
    },
    {
      "class_id": 3,
      "class_name": "class_3",
      "model_confidence": 0.192884,
      "prediction_entropy": 1.785274,
      "prediction_sharpness": 0.005739,
      "reconstruction_variance": 0.017754,
      "cosine_similarity": 0.657758,
      "l2_distance": 1.23047,
      "loss_history": [
        2.22113,
        1.65414,
        1.74031,
        2.22171,
        2.03848
      ],
      "risk_level": "HIGH",
      "reconstructed_input": [
        -0.27434346079826355,
        -0.036615852266550064,
        -0.3071112334728241,
        0.14416365325450897,
        0.31740501523017883,
        0.2827067971229553,
        -0.2679603397846222,
        0.018513444811105728,
        0.1098615750670433,
        0.18275807797908783,
        -0.08458264917135239,
        0.0970112532377243,
        -0.05867990478873253,
        -0.011534365825355053,
        0.02593173086643219,
        0.020864106714725494,
        0.04139290004968643,
        0.008460027165710926,
        0.08180773258209229,
        -0.04009190574288368,
        -0.05371555685997009,
        -0.21596017479896545,
        0.04940928518772125,
        -0.09801401197910309,
        0.021147020161151886,
        0.1060866191983223,
        -0.06171948462724686,
        0.02627496048808098,
        0.01310047972947359,
        -0.05308419466018677,
        -0.07952383905649185,
        -0.10299821943044662,
        -0.12482023239135742,
        0.012873079627752304,
        -0.04604334756731987,
        -0.12668436765670776,
        0.08745811134576797,
        0.14087800681591034,
        -0.09685087949037552,
        0.12026538699865341,
        -0.010586492717266083,
        -0.04973597824573517,
        -0.22457563877105713,
        0.2812005579471588,
        0.06733012199401855,
        0.11353303492069244,
        -0.019601844251155853,
        -0.17457343637943268,
        0.0002731605200096965,
        -0.07153614610433578
      ]
    },
    {
      "class_id": 4,
      "class_name": "class_4",
      "model_confidence": 0.205503,