{
  "attack": "model_inversion",
  "mode": "mitigated (confidence masked)",
  "results": [
    {
      "class_id": 0,
      "class_name": "class_1",
      "model_confidence": 0.645487,
      "cosine_similarity": 0.840661,
      "l2_distance": 1.08816,
      "loss_history": [
        8.49009,
        0.77679,
        0.7765,
        0.77652,
        0.77652
      ],
      "risk_level": "HIGH",
      "reconstructed_input": [
        0.7353260517120361,
        -0.12672992050647736,
        -0.23355799913406372,
        -0.5351601243019104,
        -0.7675491571426392,
        0.18403136730194092,
        -0.1001679003238678,
        0.5220280289649963,
        -0.6944640874862671,
        0.23003000020980835,
        -0.4525894224643707,
        0.04197724163532257,
        -0.019285472109913826,
        -0.066002257168293,
        0.06000319868326187,
        0.24167349934577942,
        -0.2434495985507965,
        0.02640870213508606,
        0.1237233355641365,
        -0.09460844099521637,
        0.2665756940841675,
        0.0980226919054985,
        -0.15354183316230774,
        -0.03538842126727104,
        -0.1607050895690918,
        -0.32662203907966614,
        -0.0999809205532074,
        -0.006269058678299189,
        -0.2530509829521179,
        0.06887341290712357,
        0.14683930575847626,
        0.11900080740451813,
        0.1889924854040146,
        0.0767943263053894,
        -0.14104919135570526,
        0.005842277314513922,
        -0.25735151767730713,
        0.007445096969604492,
        0.11631426215171814,
        0.07606714963912964,
        0.08801409602165222,
        -0.0033894898369908333,
        0.3013453185558319,
        -0.00568282138556242,
        -0.053610909730196,
        -0.08452348411083221,
        0.16143454611301422,
        -0.14810286462306976,
        0.058287154883146286,
        0.17904049158096313
      ]
    },
    {
      "class_id": 1,
      "class_name": "class_2",
      "model_confidence": 0.569852,
      "cosine_similarity": 0.89892,
      "l2_distance": 0.874602,
      "loss_history": [
        7.72253,
        0.94583,
        0.94563,
        0.9457,
        0.94587
      ],
      "risk_level": "HIGH",
      "reconstructed_input": [
        0.7477965950965881,
        -0.9716936349868774,
        -0.07473613321781158,
        0.321994423866272,
        -0.25205904245376587,
        -0.7229607701301575,
        -0.20246045291423798,
        -0.43212902545928955,
        -0.340672105550766,
        0.12859074771404266,
        0.13758698105812073,
        -0.12222126126289368,
        -0.3335389494895935,
        -0.19637753069400787,
        -0.2957261800765991,
        -0.011055427603423595,
        -0.049116384238004684,
        0.05149541422724724,
        0.20356786251068115,
        0.07718067616224289,
        -0.10832773149013519,
        -0.20283538103103638,
        -0.44287359714508057,
        0.23338547348976135,
        0.07058584690093994,
        0.0028165855910629034,
        0.29796960949897766,
        -0.01674225553870201,
        0.3039857745170593,
        0.12643346190452576,
        0.06107631325721741,
        -0.21699471771717072,
        -0.22088122367858887,
        0.001751996693201363,
        -0.05170813947916031,
        -0.07307086884975433,
        -0.07149097323417664,
        -0.3462793529033661,
        -0.031216436997056007,
        -0.15153534710407257,
        0.1532820165157318,
        0.04321124777197838,
        0.2710224688053131,
        -0.03741737827658653,
        0.10901960730552673,
        0.1978159248828888,
        -0.06502632796764374,
        -0.06475503742694855,
        0.1557607650756836,
        0.06908731907606125
      ]
    },
    {
      "class_id": 2,
      "class_name": "class_3",
      "model_confidence": 0.388145,
      "cosine_similarity": 0.83825,
      "l2_distance": 1.21826,
      "loss_history": [
        7.39907,
        1.24963,
        1.2479,
        1.24805,
        1.24793
      ],
      "risk_level": "HIGH",
      "reconstructed_input": [
        0.8357006311416626,
        0.4430185854434967,
        0.0014023797120898962,
        -0.17790260910987854,
        0.7008143663406372,
        -0.16666023433208466,
        0.2714745104312897,
        -0.10543184727430344,
        0.3256896138191223,
        -0.06043695658445358,
        0.21603775024414062,
        0.010588236153125763,
        0.14503908157348633,
        -0.5530536770820618,
        0.19589732587337494,
        -0.10007622092962265,
        0.24064671993255615,
        -0.1303631216287613,
        0.24307365715503693,
        -0.10804708302021027,
        -0.10343509912490845,
        -0.28008943796157837,
        0.32430264353752136,
        -0.017910989001393318,
        -0.0235330518335104,
        -0.03072058968245983,
        0.15656043589115143,
        -0.035518765449523926,
        -0.25454068183898926,
        0.03661710023880005,
        0.2882347106933594,
        -0.4303160011768341,
        -0.1652650237083435,
        -0.12947995960712433,
        0.016964616253972054,
        -0.016464825719594955,
        -0.025095876306295395,
        0.019251348450779915,
        -0.08991370350122452,
        -0.1446097195148468,
        -0.1084551140666008,
        0.13677486777305603,
        0.019900348037481308,
        -0.05621582269668579,
        0.08496646583080292,
        -0.20490726828575134,
        -0.1990707963705063,
        0.11252967268228531,
        -0.20035991072654724,
        0.04602022469043732
      ]
    },
    {
      "class_id": 3,
      "class_name": "class_4",
      "model_confidence": 0.532886,
      "cosine_similarity": 0.805412,
      "l2_distance": 1.022219,
      "loss_history": [
        10.65939,
        0.90709,
        0.90204,
        0.90208,
        0.90219
      ],
      "risk_level": "HIGH",
      "reconstructed_input": [
        -0.5216212272644043,
        0.06287142634391785,
        -0.47793474793434143,
        0.4000137150287628,
        0.55861896276474,
        0.26480305194854736,
        -0.10965527594089508,
        -0.5812853574752808,
        0.17397606372833252,
        -0.15808682143688202,
        0.21937181055545807,
        -0.22533898055553436,
        -0.06469326466321945,
        -0.11981606483459473,
        -0.2171303927898407,
        -0.11748626083135605,
        0.2414522022008896,
        -0.12975876033306122,
        0.13344097137451172,
        0.11146074533462524,
        0.08545590937137604,
        -0.4179985225200653,
        -0.3371383249759674,
        0.11105655878782272,
        0.04940037429332733,
        0.24186566472053528,
        0.08788518607616425,
        0.41290703415870667,
        0.16168318688869476,
        -0.1561272293329239,
        -0.08747532218694687,
        -0.3060557246208191,
        -0.1348026841878891,
        -0.08011007308959961,
        -0.07524935901165009,
        -0.042783018201589584,
        0.22529350221157074,
        -0.06462809443473816,
        0.2919401228427887,
        -0.09025866538286209,
        0.0900910496711731,
        0.02603975497186184,
        0.14159634709358215,
        0.1339205652475357,
        -0.11215674877166748,
        0.1653946042060852,
        0.032321684062480927,
        -0.1503734141588211,
        -0.03083822689950466,
        -0.0038487790152430534
      ]
    },
    {
      "class_id": 4,
      "class_name": "class_5",
      "model_confidence": 0.738018,
      "cosine_similarity": 0.888606,
      "l2_distance": 0.772447,
      "loss_history": [
        7.32512,
        0.51996,
        0.51867,
        0.51864,
        0.51821
      ],
      "risk_level": "HIGH",