{
  "attack": "model_inversion",
  "mode": "unmitigated",
  "results": [
    {
      "class_id": 0,
      "class_name": "class_1",
      "model_confidence": 0.977806,
      "cosine_similarity": 0.930998,
      "l2_distance": 0.871234,
      "loss_history": [
        1.80796,
        0.09893,
        0.07767,
        0.0768,
        0.0768
      ],
      "risk_level": "HIGH",
      "reconstructed_input": [
        0.8504573702812195,
        0.3141835331916809,
        -0.3452284038066864,
        -0.718343198299408,
        -0.9951335787773132,
        0.49381914734840393,
        -0.3108326196670532,
        0.4885519742965698,
        -0.9761403799057007,
        0.09585395455360413,
        -0.4359162151813507,
        0.032164767384529114,
        -0.019499631598591805,
        -0.08946133404970169,
        -0.0591394379734993,
        0.06160110607743263,
        0.01688232459127903,
        0.13480524718761444,
        -0.01865023374557495,
        0.06094842031598091,
        -0.0078098224475979805,
        0.08809448033571243,
        0.05816347897052765,
        0.2790125906467438,
        -0.2431020736694336,
        -0.2818160951137543,
        -0.33699697256088257,
        -0.24959732592105865,
        -0.18381273746490479,
        0.030504386872053146,
        0.09963581711053848,
        0.4775760769844055,
        0.3536296486854553,
        0.23367613554000854,
        -0.29971644282341003,
        0.19860723614692688,
        -0.03290674835443497,
        -0.1116013377904892,
        -0.1777874380350113,
        0.05710914358496666,
        -0.04549778625369072,
        0.07041235268115997,
        0.15055735409259796,
        0.08068609237670898,
        -0.21866849064826965,
        0.004852051846683025,
        0.23233674466609955,
        0.048092279583215714,
        0.20191556215286255,
        -0.05089174956083298
      ]
    },
    {
      "class_id": 1,
      "class_name": "class_2",
      "model_confidence": 0.909719,
      "cosine_similarity": 0.864954,
      "l2_distance": 2.403899,
      "loss_history": [
        5.90409,
        0.31807,
        0.25025,
        0.24544,
        0.2444
      ],
      "risk_level": "HIGH",
      "reconstructed_input": [
        1.1874393224716187,
        -1.8106571435928345,
        0.24677246809005737,
        0.9452874660491943,
        -0.5958324074745178,
        -1.7188117504119873,
        -0.2979990839958191,
        -0.5116960406303406,
        -0.6740844249725342,
        0.4483261704444885,
        0.35820621252059937,
        -0.9388779401779175,
        -0.5997108221054077,
        -0.05141529068350792,
        -0.13047489523887634,
        -0.4740009307861328,
        -0.09062211215496063,
        -0.2912622392177582,
        -0.34121206402778625,
        0.5206086039543152,
        -0.3098832666873932,
        -0.12734733521938324,
        -0.567441463470459,
        0.3287283778190613,
        -0.22765956819057465,
        -0.3619806468486786,
        0.40481820702552795,
        -0.1127338856458664,
        -0.15275834500789642,
        -0.2040233165025711,
        -0.16710974276065826,
        -0.5981813669204712,
        0.07735925167798996,
        0.24277755618095398,
        0.18032431602478027,
        0.4344080686569214,
        0.40064737200737,
        -0.38758236169815063,
        0.1296212524175644,
        -0.13285864889621735,
        0.0007864140789024532,
        -0.3142539858818054,
        0.61202073097229,
        0.4107046127319336,
        -0.022385481745004654,
        -0.012379166670143604,
        -0.39329037070274353,
        0.184809610247612,
        0.28331053256988525,
        0.1648445427417755
      ]
    },
    {
      "class_id": 2,
      "class_name": "class_3",
      "model_confidence": 0.910666,
      "cosine_similarity": 0.837389,
      "l2_distance": 2.431829,
      "loss_history": [
        2.8498,
        0.26215,
        0.25179,
        0.25102,
        0.25101
      ],
      "risk_level": "HIGH",
      "reconstructed_input": [
        1.972050666809082,
        0.9473875761032104,
        -0.14011728763580322,
        -0.4759039580821991,
        1.5125621557235718,
        -0.4735351800918579,
        0.21907839179039001,
        0.23264802992343903,
        1.5487959384918213,
        -0.1745472103357315,
        -0.2699945569038391,
        -0.4466576874256134,
        0.559611439704895,
        -0.5740906596183777,
        -0.18475182354450226,
        -0.02373308502137661,
        0.44979560375213623,
        -0.12759949266910553,
        -0.543022096157074,
        -0.2555806636810303,
        -0.3858157992362976,
        0.11838742345571518,
        0.05470912158489227,
        -0.5564129948616028,
        0.027906766161322594,
        -0.5256959795951843,
        -0.040383514016866684,
        -0.13423526287078857,
        0.37856999039649963,
        -0.31589022278785706,
        0.528751015663147,
        0.011516153812408447,
        -0.6081387996673584,
        -0.03767770156264305,
        0.2943505346775055,
        -0.21130473911762238,
        -0.6636149883270264,
        0.4349254071712494,
        -0.3283674716949463,
        -0.35725831985473633,
        0.11231935769319534,
        0.2736967206001282,
        0.2518584430217743,
        0.5147016048431396,
        -0.4238407611846924,
        -0.5633838176727295,
        -0.6158108711242676,
        0.062425464391708374,
        0.42161011695861816,
        0.023902462795376778
      ]
    },
    {
      "class_id": 3,
      "class_name": "class_4",
      "model_confidence": 0.949478,
      "cosine_similarity": 0.826393,
      "l2_distance": 1.82036,
      "loss_history": [
        3.4566,
        0.14974,
        0.13911,
        0.13764,
        0.13694
      ],
      "risk_level": "HIGH",
      "reconstructed_input": [
        -0.9122796654701233,
        0.21906329691410065,
        -0.9014461636543274,
        0.4201657176017761,
        0.14425569772720337,
        1.0764259099960327,
        -0.39274755120277405,
        -1.182187795639038,
        -0.31845685839653015,
        -0.10171429812908173,
        0.36365917325019836,
        -0.09682246297597885,
        -0.25819405913352966,
        -0.12486987560987473,
        -0.5480495095252991,
        0.00559057854115963,
        -0.1252409666776657,
        0.10180492699146271,
        -0.19217164814472198,
        0.4036957919597626,
        -0.2611047327518463,
        -0.7442098259925842,
        -0.4539037346839905,
        0.41249462962150574,
        -0.1226336732506752,
        -0.07464846968650818,
        -0.07469546794891357,
        0.2084154188632965,
        0.32511696219444275,
        -0.053698159754276276,
        -0.7502955794334412,
        -0.3468359112739563,
        0.11698529124259949,
        -0.27837273478507996,
        -0.10526131838560104,
        -0.07642757892608643,
        0.3424443006515503,
        -0.11831898987293243,
        0.17436149716377258,
        -0.1563147008419037,
        -0.21325840055942535,
        -0.20134970545768738,
        0.560442328453064,
        0.32957032322883606,
        -0.013473670929670334,
        0.02196066454052925,
        0.3262498378753662,
        -0.4332633912563324,
        -0.2650037705898285,
        0.1270626038312912
      ]
    },
    {
      "class_id": 4,
      "class_name": "class_5",
      "model_confidence": 0.974741,
      "cosine_similarity": 0.874985,
      "l2_distance": 1.131831,
      "loss_history": [
        5.10704,
        0.12657,
        0.08244,
        0.07748,
        0.07665
      ],
      "risk_level": "HIGH",