{
  "attack": "model_inversion",
  "mode": "mitigated (confidence masked)",
  "results": [
    {
      "class_id": 0,
      "class_name": "class_1",
      "model_confidence": 0.367312,
      "cosine_similarity": 0.748456,
      "l2_distance": 1.343134,
      "loss_history": [
        6.54047,
        1.30948,
        1.30942,
        1.30948,
        1.30952
      ],
      "risk_level": "HIGH",
      "reconstructed_input": [
        0.7247276306152344,
        0.06572999060153961,
        0.07157408446073532,
        -0.6979732513427734,
        -0.4444257616996765,
        0.46748045086860657,
        0.00327287707477808,
        0.08586770296096802,
        -0.4543846845626831,
        0.4985792934894562,
        -0.042738176882267,
        -0.0474618561565876,
        -0.10287059843540192,
        -0.11324615776538849,
        0.21658368408679962,
        0.3281719982624054,
        -0.078504778444767,
        0.09837939590215683,
        -0.30244824290275574,
        -0.0779242217540741,
        -0.01661652699112892,
        0.009008271619677544,
        0.3416140377521515,
        0.3783431351184845,
        -0.05007973685860634,
        -0.04543176293373108,
        -0.2629900872707367,
        -0.14233246445655823,
        -0.06134601682424545,
        0.29528048634529114,
        0.12071678787469864,
        -0.07226642221212387,
        -0.30682235956192017,
        0.31778407096862793,
        0.05000612139701843,
        0.18986386060714722,
        -0.1584457904100418,
        -0.015356454066932201,
        -0.1168581023812294,
        0.2211143523454666,
        0.17510554194450378,
        0.01897468976676464,
        0.037583284080028534,
        -0.04220684990286827,
        0.0633542612195015,
        0.08747579902410507,
        0.10862474143505096,
        0.06178960204124451,
        0.1392342746257782,
        -0.13378095626831055
      ]
    },
    {
      "class_id": 1,
      "class_name": "class_2",
      "model_confidence": 0.26237,
      "cosine_similarity": 0.817837,
      "l2_distance": 1.126064,
      "loss_history": [
        7.00332,
        1.53232,
        1.53218,
        1.53214,
        1.533
      ],
      "risk_level": "HIGH",
      "reconstructed_input": [
        0.8193902373313904,
        -0.5257707834243774,
        0.12033679336309433,
        0.3112586736679077,
        -0.0004977383650839329,
        -0.30476638674736023,
        -0.0406377874314785,
        -0.42921286821365356,
        -0.16123604774475098,
        -0.027018113061785698,
        0.00434260256588459,
        -0.027760839089751244,
        -0.0472608357667923,
        -0.08517900109291077,
        -0.01238205749541521,
        0.07314807176589966,
        -0.2879619300365448,
        0.06080804765224457,
        -0.03188536316156387,
        0.13443343341350555,
        -0.07690127193927765,
        -0.18338339030742645,
        -0.1568649709224701,
        0.019429977983236313,
        0.16258367896080017,
        0.04748019576072693,
        0.060684531927108765,
        0.022219611331820488,
        0.11115939170122147,
        -0.14412684738636017,
        0.016375882551074028,
        -0.20026516914367676,
        -0.14007797837257385,
        -0.05448811873793602,
        0.19867196679115295,
        0.010501837357878685,
        0.12419375032186508,
        -0.10111609846353531,
        0.1063804179430008,
        0.1131034716963768,
        -0.08242405951023102,
        -0.14312231540679932,
        0.19869548082351685,
        0.10822831094264984,
        0.13196665048599243,
        -0.10243771970272064,
        0.24393218755722046,
        -0.029039772227406502,
        0.06698092073202133,
        -0.06753699481487274
      ]
    },
    {
      "class_id": 2,
      "class_name": "class_3",
      "model_confidence": 0.221277,
      "cosine_similarity": 0.699402,
      "l2_distance": 1.588484,
      "loss_history": [
        6.72984,
        1.741,
        1.74098,
        1.74081,
        1.7409
      ],
      "risk_level": "MEDIUM",
      "reconstructed_input": [
        0.6276468634605408,
        -0.03020385093986988,
        -0.05249163508415222,
        -0.2371838390827179,
        0.7471408843994141,
        0.1534375250339508,
        0.09398777037858963,
        -0.17303328216075897,
        0.43958643078804016,
        0.09410558640956879,
        0.24636465311050415,
        0.006452358793467283,
        0.01569228805601597,
        -0.40885359048843384,
        -0.2047686129808426,
        0.06430634111166,
        -0.05609479919075966,
        0.017352577298879623,
        0.05328495800495148,
        0.012993414886295795,
        -0.00331826857291162,
        -0.33018016815185547,
        -0.05860528349876404,
        -0.07731473445892334,
        -0.06668644398450851,
        -0.005686446093022823,
        0.07105446606874466,
        -0.0896439403295517,
        0.22709742188453674,
        0.10961587727069855,
        0.2543976902961731,
        -0.2570185959339142,
        -0.1205841600894928,
        0.08158895373344421,
        0.14101749658584595,
        -0.1641228049993515,
        -0.18402647972106934,
        0.061687905341386795,
        -0.15809671580791473,
        -0.09485255181789398,
        0.14541023969650269,
        0.05451769009232521,
        -0.11513759195804596,
        0.19996991753578186,
        -0.028573013842105865,
        0.03539421409368515,
        0.17113344371318817,
        -0.2267076075077057,
        -0.3360424041748047,
        -0.18053609132766724
      ]
    },
    {
      "class_id": 3,
      "class_name": "class_4",
      "model_confidence": 0.287931,
      "cosine_similarity": 0.77204,
      "l2_distance": 1.03639,
      "loss_history": [
        6.96216,
        1.42504,
        1.42518,
        1.4248,
        1.42513
      ],
      "risk_level": "HIGH",
      "reconstructed_input": [
        -0.448974609375,
        -0.14428070187568665,
        -0.3706265985965729,
        0.12009238451719284,
        0.4886939823627472,
        0.33094701170921326,
        -0.18089954555034637,
        -0.4805966019630432,
        0.21136777102947235,
        -0.05525121092796326,
        0.1651533991098404,
        -0.17294630408287048,
        -0.05423514544963837,
        0.10557170957326889,
        -0.27393728494644165,
        0.08555087447166443,
        0.2947433888912201,
        -0.11944154649972916,
        -0.1010984554886818,
        -0.15170148015022278,
        0.15100274980068207,
        -0.24604114890098572,
        0.17685407400131226,
        0.24208827316761017,
        0.07389389723539352,
        0.11081979423761368,
        -0.05958312749862671,
        0.11443892866373062,
        0.17189259827136993,
        0.0072115762159228325,
        -0.09044380486011505,
        -0.13861799240112305,
        0.11861246824264526,
        -0.08463088423013687,
        0.006071563810110092,
        -0.10852792859077454,
        0.040667854249477386,
        0.166194349527359,
        0.0175754614174366,
        0.16527138650417328,
        0.005515966098755598,
        0.01095294114202261,
        0.10226893424987793,
        0.1807049959897995,
        0.055683333426713943,
        0.16549444198608398,
        -0.15134268999099731,
        -0.12832848727703094,
        -0.07978089153766632,
        -0.01792227104306221
      ]
    },
    {
      "class_id": 4,
      "class_name": "class_5",
      "model_confidence": 0.339951,
      "cosine_similarity": 0.827128,
      "l2_distance": 0.947664,
      "loss_history": [
        6.07319,
        1.25602,
        1.25686,
        1.25568,
        1.25589
      ],
      "risk_level": "HIGH",