{
  "attack": "model_inversion",
  "mode": "unmitigated",
  "results": [
    {
      "class_id": 0,
      "class_name": "class_0",
      "model_confidence": 0.782055,
      "prediction_entropy": 0.854412,
      "prediction_sharpness": 0.724919,
      "reconstruction_variance": 0.069643,
      "cosine_similarity": 0.331799,
      "l2_distance": 2.305636,
      "loss_history": [
        3.61727,
        0.33355,
        0.28594,
        0.28559,
        0.28591
      ],
      "risk_level": "LOW",
      "reconstructed_input": [
        0.5000682473182678,
        -0.24006050825119019,
        -0.692404568195343,
        -0.3955000936985016,
        -0.3874465227127075,
        -0.017428427934646606,
        -0.3399498760700226,
        0.036324452608823776,
        0.11687852442264557,
        0.02122117206454277,
        -0.082138791680336,
        -0.02325434982776642,
        -0.29619577527046204,
        -0.5431055426597595,
        0.2617608904838562,
        -0.002282928442582488,
        -0.0915491059422493,
        -0.07697712630033493,
        -0.28301677107810974,
        0.09687091410160065,
        -0.07956279069185257,
        0.2364051789045334,
        -0.12708203494548798,
        -0.021240200847387314,
        -0.6437941193580627,
        -0.38018110394477844,
        -0.00494721531867981,
        0.2611081004142761,
        0.2883644998073578,
        0.40200701355934143,
        -0.221552774310112,
        -0.21327659487724304,
        0.04009102284908295,
        -0.05746195465326309,
        0.3937392234802246,
        -0.16465556621551514,
        -0.5003276467323303,
        0.2119683027267456,
        -0.21345247328281403,
        -0.1324496865272522,
        -0.5026174187660217,
        -0.10733779519796371,
        -0.06465163081884384,
        -0.0938100591301918,
        -0.12983135879039764,
        0.12876197695732117,
        -0.37688013911247253,
        -0.09353519976139069,
        -0.21480438113212585,
        -0.3667788803577423
      ]
    },
    {
      "class_id": 1,
      "class_name": "class_1",
      "model_confidence": 0.612392,
      "prediction_entropy": 1.263974,
      "prediction_sharpness": 0.483506,
      "reconstruction_variance": 0.123011,
      "cosine_similarity": 0.175621,
      "l2_distance": 2.897833,
      "loss_history": [
        2.68708,
        0.55589,
        0.55691,
        0.55398,
        0.55758
      ],
      "risk_level": "LOW",
      "reconstructed_input": [
        0.6535749435424805,
        0.038307785987854004,
        -0.18385595083236694,
        -0.2116278111934662,
        0.1566270887851715,
        -0.3021318316459656,
        -0.47870659828186035,
        -0.14627310633659363,
        -0.19269661605358124,
        0.15733781456947327,
        -0.13772925734519958,
        -0.13052909076213837,
        0.39514946937561035,
        0.17187772691249847,
        0.47859668731689453,
        -0.04327661544084549,
        -0.15593315660953522,
        -0.31144437193870544,
        0.39979079365730286,
        -0.21673527359962463,
        -0.025847984477877617,
        0.739442765712738,
        0.7863497734069824,
        0.45352858304977417,
        -0.23635078966617584,
        0.10270705074071884,
        0.6267948150634766,
        -0.5350611209869385,
        0.3357173204421997,
        0.2653447389602661,
        0.14938054978847504,
        0.2857408821582794,
        0.13156351447105408,
        -0.044869985431432724,
        -0.005387594923377037,
        -0.3991933763027191,
        0.4115047752857208,
        -0.45808854699134827,
        -0.13455668091773987,
        -0.27397632598876953,
        -0.5827109217643738,
        0.507533073425293,
        -0.027109269052743912,
        -0.30357256531715393,
        -0.24151426553726196,
        0.5088695883750916,
        0.27857705950737,
        0.4639120399951935,
        0.16233526170253754,
        0.5348621606826782
      ]
    },
    {
      "class_id": 2,
      "class_name": "class_2",
      "model_confidence": 0.722348,
      "prediction_entropy": 1.031427,
      "prediction_sharpness": 0.651625,
      "reconstruction_variance": 0.171988,
      "cosine_similarity": 0.497144,
      "l2_distance": 2.665187,
      "loss_history": [
        2.98517,
        0.46446,
        0.42261,
        0.41224,
        0.41243
      ],
      "risk_level": "MEDIUM",
      "reconstructed_input": [
        0.9160594940185547,
        0.46135184168815613,
        -0.11327240616083145,
        -0.7008532285690308,
        0.9456890225410461,
        -0.7897213697433472,
        0.060510873794555664,
        0.5190963745117188,
        0.3408442735671997,
        -0.28361812233924866,
        -0.22948993742465973,
        -0.2553666830062866,
        -0.17268699407577515,
        0.15687121450901031,
        0.1056920662522316,
        0.025276821106672287,
        -0.17475515604019165,
        -0.46266812086105347,
        0.4337381422519684,
        -0.0290739294141531,
        0.48741015791893005,
        0.5002025961875916,
        0.346196711063385,
        -0.3205344080924988,
        -0.770316481590271,
        0.2438659518957138,
        0.3661477565765381,
        -0.22189654409885406,
        0.021444661542773247,
        0.5893439054489136,
        0.460189551115036,
        -0.14213432371616364,
        0.3043396472930908,
        -0.04149356856942177,
        -0.00322279566898942,
        0.2739679217338562,
        -0.20495769381523132,
        -0.3295544683933258,
        -0.7548345923423767,
        -0.4072968065738678,
        0.2528629004955292,
        0.10754454880952835,
        0.221284419298172,
        0.09083414077758789,
        -0.5340756773948669,
        -0.10828123986721039,
        -0.09558121114969254,
        0.6827923655509949,
        0.5205571055412292,
        -0.38993874192237854
      ]
    },
    {
      "class_id": 3,
      "class_name": "class_3",
      "model_confidence": 0.732425,
      "prediction_entropy": 0.988361,
      "prediction_sharpness": 0.638628,
      "reconstruction_variance": 0.057987,
      "cosine_similarity": 0.292824,
      "l2_distance": 2.002383,
      "loss_history": [
        2.73811,
        0.35649,
        0.34084,
        0.34092,
        0.34111
      ],
      "risk_level": "LOW",
      "reconstructed_input": [
        -0.007181130349636078,
        0.18439872562885284,
        0.020044634118676186,
        0.3577127456665039,
        0.17363888025283813,
        0.5567493438720703,
        0.13553671538829803,
        -0.39366066455841064,
        0.45230603218078613,
        -0.21557220816612244,
        0.3723872900009155,
        0.20032955706119537,
        0.04179123416543007,
        -0.06135287135839462,
        -0.16244928538799286,
        -0.14056085050106049,
        -0.04149414971470833,
        -0.3319917917251587,
        0.014076816849410534,
        0.05814807862043381,
        -0.26619085669517517,
        -0.1920904517173767,
        0.48267993330955505,
        -0.031273361295461655,
        -0.18684203922748566,
        -0.23667390644550323,
        0.27319180965423584,
        0.2106257826089859,
        0.1384781450033188,
        0.30918216705322266,
        0.1473531872034073,
        0.04748503863811493,
        0.4690350592136383,
        0.2901594042778015,
        0.12773646414279938,
        -0.02488052099943161,
        0.0011864500120282173,
        0.08388971537351608,
        0.07268771529197693,
        -0.05190663784742355,
        0.021113300696015358,
        0.18363319337368011,
        -0.11404741555452347,
        -0.1595243364572525,
        0.3032383918762207,
        -0.5069082379341125,
        -0.23038315773010254,
        -0.33606523275375366,
        0.09831220656633377,
        0.3563354015350342
      ]
    },
    {
      "class_id": 4,
      "class_name": "class_4",
      "model_confidence": 0.811783,
      "prediction_entropy": 0.770396,
      "prediction_sharpness": 0.744921,