{
  "attack": "model_inversion",
  "mode": "defended (noise=3.0, temp=15.0)",
  "results": [
    {
      "class_id": 0,
      "class_name": "class_1",
      "model_confidence": 0.296505,
      "prediction_entropy": 1.728051,
      "prediction_sharpness": 0.113404,
      "reconstruction_variance": 0.042773,
      "cosine_similarity": 0.311116,
      "l2_distance": 2.070981,
      "loss_history": [
        2.15211,
        1.45484
      ],
      "risk_level": "LOW",
      "reconstructed_input": [
        0.2161576896905899,
        0.24668698012828827,
        0.09325316548347473,
        -0.10463614761829376,
        -0.4417518079280853,
        0.07567824423313141,
        -0.024183306843042374,
        0.33345097303390503,
        -0.11214882880449295,
        0.09648003429174423,
        -0.1666773408651352,
        0.3127177655696869,
        -0.061173174530267715,
        -0.17597399652004242,
        -0.38495907187461853,
        0.0007919757626950741,
        -0.16764257848262787,
        0.38420259952545166,
        -0.1121470034122467,
        0.2768842875957489,
        -0.1474473476409912,
        0.08418840914964676,
        -0.15379995107650757,
        -0.19253283739089966,
        0.1773555874824524,
        0.29605820775032043,
        -0.32141926884651184,
        -0.12290942668914795,
        -0.20975112915039062,
        -0.4036860764026642,
        -0.07282543182373047,
        -0.2451072633266449,
        0.03679060935974121,
        0.15874698758125305,
        0.31164154410362244,
        -0.13522078096866608,
        0.004585110582411289,
        -0.164400115609169,
        0.07369448244571686,
        0.21647924184799194,
        -0.1534944772720337,
        -0.30495110154151917,
        -0.12218675762414932,
        -0.10469698160886765,
        -0.06322471052408218,
        0.06570534408092499,
        -0.2046559453010559,
        0.31582415103912354,
        -0.12865400314331055,
        -0.0922107845544815
      ]
    },
    {
      "class_id": 1,
      "class_name": "class_2",
      "model_confidence": 0.235204,
      "prediction_entropy": 1.773574,
      "prediction_sharpness": 0.066009,
      "reconstruction_variance": 0.04559,
      "cosine_similarity": 0.301987,
      "l2_distance": 2.060553,
      "loss_history": [
        2.59745,
        1.75455
      ],
      "risk_level": "LOW",
      "reconstructed_input": [
        -0.04273034632205963,
        -0.14869359135627747,
        -0.023811401799321175,
        0.2610572576522827,
        -0.023798177018761635,
        -0.186678946018219,
        -0.20149001479148865,
        0.060977354645729065,
        0.024640895426273346,
        0.1325436234474182,
        0.1875520646572113,
        0.07530409097671509,
        -0.21359595656394958,
        0.09297265857458115,
        -0.23422658443450928,
        -0.07849891483783722,
        -0.5155392289161682,
        -0.3434813618659973,
        0.09471949189901352,
        0.30227428674697876,
        0.008033746853470802,
        0.43277662992477417,
        -0.3575117588043213,
        -0.12039002776145935,
        0.018642351031303406,
        0.09573505073785782,
        -0.31055688858032227,
        0.20401491224765778,
        0.26101869344711304,
        -0.10837393999099731,
        0.2558472752571106,
        0.12416613847017288,
        0.31947892904281616,
        -0.1620866358280182,
        -0.08038822561502457,
        0.1049644723534584,
        -0.35644832253456116,
        -0.057581134140491486,
        0.25919869542121887,
        -0.10564801096916199,
        0.0680210143327713,
        -0.26636606454849243,
        0.3482236862182617,
        0.25136086344718933,
        0.000956264091655612,
        -0.2150028944015503,
        0.33240073919296265,
        -0.016314294189214706,
        0.08258094638586044,
        -0.18001636862754822
      ]
    },
    {
      "class_id": 2,
      "class_name": "class_3",
      "model_confidence": 0.269853,
      "prediction_entropy": 1.746911,
      "prediction_sharpness": 0.089233,
      "reconstruction_variance": 0.026837,
      "cosine_similarity": 0.466975,
      "l2_distance": 1.968854,
      "loss_history": [
        2.00991,
        1.90778
      ],
      "risk_level": "MEDIUM",
      "reconstructed_input": [
        0.36756014823913574,
        0.061860643327236176,
        0.1821909099817276,
        -0.07707396894693375,
        0.25397664308547974,
        -0.1644042283296585,
        0.09531541168689728,
        -0.041241686791181564,
        0.09568388760089874,
        -0.009210729040205479,
        0.40083974599838257,
        0.1383020281791687,
        0.2636854946613312,
        -0.17968522012233734,
        -0.026205550879240036,
        0.028615549206733704,
        0.04508353769779205,
        -0.031064268201589584,
        -0.31897518038749695,
        0.2305997759103775,
        -0.2695028781890869,
        0.1708965301513672,
        0.011198003776371479,
        -0.02781992219388485,
        0.02206793799996376,
        -0.014101834036409855,
        -0.23839910328388214,
        0.016565455123782158,
        0.14210747182369232,
        -0.05464847385883331,
        0.025659913197159767,
        0.08489589393138885,
        -0.06855739653110504,
        -0.0633908212184906,
        0.19955076277256012,
        -0.15818332135677338,
        -0.1861063539981842,
        -0.019993018358945847,
        0.12875449657440186,
        0.037211790680885315,
        -0.32773634791374207,
        -0.07677733898162842,
        0.07303368300199509,
        -0.15530376136302948,
        -0.004880440421402454,
        -0.25437724590301514,
        -0.07817546278238297,
        -0.09300125390291214,
        0.13918378949165344,
        0.23811765015125275
      ]
    },
    {
      "class_id": 3,
      "class_name": "class_4",
      "model_confidence": 0.284529,
      "prediction_entropy": 1.726055,
      "prediction_sharpness": 0.100457,
      "reconstruction_variance": 0.041376,
      "cosine_similarity": 0.368283,
      "l2_distance": 1.741074,
      "loss_history": [
        2.38117,
        1.00576
      ],
      "risk_level": "MEDIUM",
      "reconstructed_input": [
        -0.1231573149561882,
        -0.18802569806575775,
        -0.086392343044281,
        0.12995576858520508,
        0.009059051051735878,
        0.3937646448612213,
        0.1952071338891983,
        0.003287798259407282,
        -0.348775178194046,
        -0.17854854464530945,
        0.242107555270195,
        0.17628039419651031,
        -0.189141184091568,
        -0.21657925844192505,
        -0.42033275961875916,
        -0.39377331733703613,
        0.07985210418701172,
        -0.23327594995498657,
        0.05230206251144409,
        0.2582332491874695,
        0.16796715557575226,
        -0.48810917139053345,
        -0.13934890925884247,
        -0.07434938848018646,
        -0.10591688752174377,
        0.02529102750122547,
        -0.21439135074615479,
        0.14297005534172058,
        0.018285077065229416,
        -0.2497178465127945,
        -0.054120659828186035,
        -0.26823171973228455,
        0.2571074366569519,
        0.14459069073200226,
        -0.0632191002368927,
        0.07143231481313705,
        0.10331928730010986,
        -0.32835811376571655,
        -0.18315570056438446,
        0.037459757179021835,
        -0.1201665922999382,
        0.026519514620304108,
        0.32557883858680725,
        0.17052726447582245,
        0.04582120105624199,
        -0.29605722427368164,
        -0.246066153049469,
        0.1539587378501892,
        0.0731939822435379,
        -0.015630746260285378
      ]
    },
    {
      "class_id": 4,
      "class_name": "class_5",
      "model_confidence": 0.202093,
      "prediction_entropy": 1.766694,
      "prediction_sharpness": 0.011682,
      "reconstruction_variance": 0.060395,
      "cosine_similarity": 0.312276,
      "l2_distance": 2.032825,