{
  "attack": "model_inversion",
  "mode": "unmitigated",
  "results": [
    {
      "class_id": 0,
      "class_name": "WALKING",
      "model_confidence": 0.984004,
      "cosine_similarity": 0.932222,
      "l2_distance": 0.720269,
      "loss_history": [
        2.14096,
        0.0679,
        0.05333,
        0.05254,
        0.05252
      ],
      "risk_level": "HIGH",
      "reconstructed_input": [
        0.8005500435829163,
        0.07126642018556595,
        0.07490579783916473,
        -0.5688967108726501,
        -0.6645918488502502,
        0.5657537579536438,
        -0.20511484146118164,
        0.4616488516330719,
        -0.619845986366272,
        0.31855762004852295,
        -0.21420080959796906,
        0.08467816561460495,
        -0.17282813787460327,
        -0.03705044090747833,
        0.017805196344852448,
        0.08287642151117325,
        -0.12038632482290268,
        0.16224032640457153,
        -0.15233711898326874,
        0.05238774046301842,
        0.0211439561098814,
        0.09226866811513901,
        0.16746684908866882,
        0.06749632209539413,
        -0.35059595108032227,
        -0.23736025393009186,
        -0.33077359199523926,
        -0.2578211724758148,
        -0.3564843237400055,
        0.23831607401371002,
        -0.1124865785241127,
        0.31224775314331055,
        0.3010312616825104,
        0.20749303698539734,
        -0.09434008598327637,
        0.08809084445238113,
        -0.007626770064234734,
        -0.022018173709511757,
        0.008911441080272198,
        0.23168078064918518,
        -0.019711993634700775,
        -0.0905977264046669,
        0.10757800191640854,
        0.14193342626094818,
        -0.13288526237010956,
        0.02354302629828453,
        0.15967491269111633,
        -0.13697339594364166,
        -0.04140492528676987,
        0.058142345398664474
      ]
    },
    {
      "class_id": 1,
      "class_name": "WALKING_UPSTAIRS",
      "model_confidence": 0.956357,
      "cosine_similarity": 0.870753,
      "l2_distance": 1.433299,
      "loss_history": [
        1.57988,
        0.12332,
        0.12052,
        0.12051,
        0.12051
      ],
      "risk_level": "HIGH",
      "reconstructed_input": [
        1.2361316680908203,
        -1.2531660795211792,
        -0.3519934415817261,
        0.7186676859855652,
        -0.024073364213109016,
        -0.7681999206542969,
        -0.4097140431404114,
        -0.5739483833312988,
        -0.3363221287727356,
        0.14692895114421844,
        0.3570399582386017,
        -0.09739129990339279,
        -0.38342297077178955,
        0.14341075718402863,
        -0.3370107412338257,
        -0.05971962958574295,
        -0.3598279356956482,
        0.09127261489629745,
        -0.05203587934374809,
        0.705060601234436,
        -0.05569075047969818,
        -0.2925336956977844,
        -0.4013904631137848,
        0.0478813499212265,
        0.0014793378068134189,
        -0.019516272470355034,
        0.227805495262146,
        0.09189774096012115,
        0.348807156085968,
        0.0894036516547203,
        -0.2732158899307251,
        -0.14554978907108307,
        -0.2956388294696808,
        0.10677485913038254,
        -0.08676246553659439,
        -0.03295028582215309,
        0.24875615537166595,
        0.00823475606739521,
        0.025937581434845924,
        -0.020094292238354683,
        0.4481320381164551,
        -0.3201858103275299,
        0.49721819162368774,
        0.26013004779815674,
        -0.15283896028995514,
        0.12216576188802719,
        0.17758353054523468,
        0.29726648330688477,
        0.28451454639434814,
        -0.048316486179828644
      ]
    },
    {
      "class_id": 2,
      "class_name": "WALKING_DOWNSTAIRS",
      "model_confidence": 0.976397,
      "cosine_similarity": 0.889598,
      "l2_distance": 1.067796,
      "loss_history": [
        0.47325,
        0.0772,
        0.07717,
        0.07719,
        0.07717
      ],
      "risk_level": "HIGH",
      "reconstructed_input": [
        1.0453623533248901,
        0.4289015233516693,
        0.17592178285121918,
        -0.2434161901473999,
        0.8399170637130737,
        -0.14508254826068878,
        0.5526885986328125,
        0.14579787850379944,
        0.9497215747833252,
        -0.05046519637107849,
        0.35694509744644165,
        -0.17102862894535065,
        0.44942551851272583,
        -0.026441646739840508,
        0.21378345787525177,
        0.24353070557117462,
        0.49094143509864807,
        0.010967083275318146,
        0.08055592328310013,
        -0.21868911385536194,
        -0.0875903069972992,
        0.27982038259506226,
        0.28419017791748047,
        -0.4342251718044281,
        0.2317720651626587,
        -0.3093971312046051,
        -0.15101657807826996,
        0.10320419073104858,
        -0.16973814368247986,
        0.22801890969276428,
        -0.05429371818900108,
        -0.28431570529937744,
        -0.008574752137064934,
        0.06389011442661285,
        0.002500304253771901,
        0.049704018980264664,
        -0.309434175491333,
        0.10403908044099808,
        0.03907683491706848,
        -0.2753593623638153,
        -0.2609133720397949,
        -0.08976234495639801,
        0.13903771340847015,
        0.03388354927301407,
        -0.05166509374976158,
        -0.028495755046606064,
        -0.030009455978870392,
        0.1888045221567154,
        -0.45027226209640503,
        -0.1102580726146698
      ]
    },
    {
      "class_id": 3,
      "class_name": "SITTING",
      "model_confidence": 0.959605,
      "cosine_similarity": 0.80018,
      "l2_distance": 1.620901,
      "loss_history": [
        6.10585,
        0.17226,
        0.11924,
        0.11052,
        0.10894
      ],
      "risk_level": "HIGH",
      "reconstructed_input": [
        -1.0629448890686035,
        0.28506916761398315,
        -0.15876305103302002,
        0.3291892409324646,
        0.4532490074634552,
        0.9998207092285156,
        -0.17792552709579468,
        -1.133001685142517,
        -0.15519946813583374,
        0.16775068640708923,
        0.09975448995828629,
        -0.13169021904468536,
        -0.4924437403678894,
        0.2564786970615387,
        -0.27223336696624756,
        0.19009819626808167,
        -0.17970752716064453,
        -0.04256359115242958,
        -0.0708087757229805,
        -0.0037115460727363825,
        0.07977631688117981,
        -0.7697387933731079,
        -0.34043556451797485,
        0.34300047159194946,
        -0.22963114082813263,
        0.10490830987691879,
        -0.0621643140912056,
        0.1809476763010025,
        0.23771685361862183,
        -0.050456639379262924,
        -0.345914363861084,
        -0.42025139927864075,
        -0.007583960425108671,
        0.2608748972415924,
        -0.0025240308605134487,
        -0.39515420794487,
        0.3610304892063141,
        0.16224214434623718,
        0.3241470754146576,
        0.2374085634946823,
        0.1081773042678833,
        -0.2865254580974579,
        0.3172524869441986,
        0.1052592396736145,
        -0.42091813683509827,
        -0.10857236385345459,
        0.06923775374889374,
        -0.16926921904087067,
        0.2216869294643402,
        -0.1633744239807129
      ]
    },
    {
      "class_id": 4,
      "class_name": "STANDING",
      "model_confidence": 0.965988,
      "cosine_similarity": 0.68823,
      "l2_distance": 1.812587,
      "loss_history": [
        14.6615,
        0.49782,
        0.27028,
        0.17731,
        0.12164
      ],
      "risk_level": "MEDIUM",