{
  "attack": "model_inversion",
  "mode": "unmitigated",
  "results": [
    {
      "class_id": 0,
      "class_name": "class_0",
      "model_confidence": 0.715806,
      "prediction_entropy": 1.047535,
      "prediction_sharpness": 0.642166,
      "reconstruction_variance": 0.226354,
      "cosine_similarity": 0.141714,
      "l2_distance": 3.660423,
      "loss_history": [
        2.63001,
        0.52121,
        0.45204,
        0.44604,
        0.44813
      ],
      "risk_level": "LOW",
      "reconstructed_input": [
        0.45605960488319397,
        -0.5027989149093628,
        -0.15634287893772125,
        0.7362577319145203,
        0.08599823713302612,
        0.45717278122901917,
        1.066285252571106,
        -0.21715068817138672,
        -0.7885598540306091,
        -0.18445910513401031,
        -0.2801201641559601,
        0.4127902388572693,
        -0.239344984292984,
        -0.0664478987455368,
        -0.19975143671035767,
        -0.15544947981834412,
        -1.1095024347305298,
        0.4097350537776947,
        -0.12693704664707184,
        0.2929143011569977,
        0.41088470816612244,
        0.5228180289268494,
        0.3684101998806,
        0.17675074934959412,
        0.07951048016548157,
        -0.7690750956535339,
        -0.0856456458568573,
        0.003961366135627031,
        -0.22581526637077332,
        0.1338169425725937,
        -0.5868774652481079,
        -0.23320256173610687,
        0.9236443042755127,
        -0.3389739990234375,
        -0.2129403054714203,
        -0.5380316376686096,
        0.8673075437545776,
        -0.12504243850708008,
        0.1906527429819107,
        0.03792664036154747,
        -0.007053058594465256,
        0.04620536416769028,
        0.1076960414648056,
        0.24377664923667908,
        -0.8814505338668823,
        -0.42228013277053833,
        -1.0319311618804932,
        -0.13273708522319794,
        0.5736178159713745,
        -0.41066768765449524
      ]
    },
    {
      "class_id": 1,
      "class_name": "class_1",
      "model_confidence": 0.692896,
      "prediction_entropy": 1.102621,
      "prediction_sharpness": 0.608585,
      "reconstruction_variance": 0.166276,
      "cosine_similarity": 0.350268,
      "l2_distance": 2.856766,
      "loss_history": [
        2.10827,
        0.45692,
        0.45021,
        0.45125,
        0.45266
      ],
      "risk_level": "MEDIUM",
      "reconstructed_input": [
        0.4505389332771301,
        -0.34497904777526855,
        -0.13942527770996094,
        0.910333514213562,
        0.11259917169809341,
        -0.36804699897766113,
        -0.5727114081382751,
        -0.570670485496521,
        -0.04133210331201553,
        -0.036043357104063034,
        0.645044207572937,
        -0.18654586374759674,
        -0.3428199291229248,
        -0.08810336142778397,
        -0.09769889712333679,
        0.388095885515213,
        0.10588419437408447,
        0.017276795580983162,
        -0.09188372641801834,
        0.271169513463974,
        0.6207894682884216,
        -0.5655533671379089,
        -0.005798670928925276,
        -0.5231097340583801,
        -0.1769300401210785,
        0.3113892674446106,
        0.7348392605781555,
        0.06819488853216171,
        -0.22738312184810638,
        -0.019186800345778465,
        -0.5918497443199158,
        0.34809887409210205,
        -0.11199180036783218,
        -0.16780507564544678,
        0.4262499511241913,
        -0.5942079424858093,
        0.051040682941675186,
        0.3968750834465027,
        0.4191250503063202,
        1.0194242000579834,
        0.37250739336013794,
        -0.31520891189575195,
        -0.7978463172912598,
        0.039235491305589676,
        -0.3320768475532532,
        -0.2629324495792389,
        0.11094781011343002,
        0.40469223260879517,
        0.07473070919513702,
        0.4147035479545593
      ]
    },
    {
      "class_id": 2,
      "class_name": "class_2",
      "model_confidence": 0.646757,
      "prediction_entropy": 1.20775,
      "prediction_sharpness": 0.554196,
      "reconstruction_variance": 0.147146,
      "cosine_similarity": 0.09624,
      "l2_distance": 3.348941,
      "loss_history": [
        2.48966,
        0.52537,
        0.5084,
        0.50869,
        0.50865
      ],
      "risk_level": "LOW",
      "reconstructed_input": [
        0.10465024411678314,
        0.09583982825279236,
        0.7341960072517395,
        0.4523628056049347,
        -0.11730501055717468,
        0.6706510782241821,
        0.17248597741127014,
        0.4221639931201935,
        0.28637856245040894,
        -0.6141989231109619,
        0.16573363542556763,
        0.26062726974487305,
        -0.22104665637016296,
        0.5369845628738403,
        -0.13220983743667603,
        0.017631957307457924,
        -0.14369529485702515,
        0.17913074791431427,
        -0.3865479826927185,
        0.35258492827415466,
        0.21723203361034393,
        0.4578336775302887,
        0.14062835276126862,
        -0.7990809082984924,
        -0.26345688104629517,
        -0.01911030523478985,
        0.3732825517654419,
        0.18951478600502014,
        0.2416423261165619,
        -0.2974814772605896,
        -0.2806779146194458,
        -0.3827829957008362,
        -1.0654131174087524,
        0.15935668349266052,
        1.1102588176727295,
        -0.1411294788122177,
        0.009938477538526058,
        0.13307888805866241,
        0.30768314003944397,
        0.01601386070251465,
        0.10805535316467285,
        0.3020608425140381,
        0.23280082643032074,
        -0.1738273650407791,
        -0.3923891484737396,
        0.024994732812047005,
        -0.1744101345539093,
        0.03432418778538704,
        -0.4626844823360443,
        -0.3565564751625061
      ]
    },
    {
      "class_id": 3,
      "class_name": "class_3",
      "model_confidence": 0.664565,
      "prediction_entropy": 1.151847,
      "prediction_sharpness": 0.558369,
      "reconstruction_variance": 0.125555,
      "cosine_similarity": 0.120876,
      "l2_distance": 2.825705,
      "loss_history": [
        2.05575,
        0.47992,
        0.47097,
        0.47181,
        0.4718
      ],
      "risk_level": "LOW",
      "reconstructed_input": [
        0.01735571026802063,
        0.29124853014945984,
        -0.27057644724845886,
        0.28420042991638184,
        0.4663363993167877,
        0.17617006599903107,
        -0.28933730721473694,
        -0.21176640689373016,
        -0.38711777329444885,
        -0.0949811190366745,
        -0.01336826104670763,
        -0.03536104038357735,
        -0.8300408720970154,
        -0.29370325803756714,
        -0.7856197953224182,
        0.5290772318840027,
        -0.3127254545688629,
        0.3912181258201599,
        -0.583267092704773,
        0.13990186154842377,
        -0.005178207531571388,
        0.6501912474632263,
        0.5358481407165527,
        -0.591236412525177,
        0.20373015105724335,
        -0.03386051207780838,
        -0.09284120053052902,
        0.1146550104022026,
        0.15036088228225708,
        -0.11234289407730103,
        -0.19524545967578888,
        -0.06563363969326019,
        -0.7885981798171997,
        -0.15273155272006989,
        0.25728413462638855,
        -0.1453712284564972,
        -0.04315374419093132,
        0.16362608969211578,
        0.7067595720291138,
        0.10285634547472,
        -0.1214175596833229,
        0.3523397445678711,
        -0.3838646411895752,
        -0.31331950426101685,
        -0.41951581835746765,
        -0.15667539834976196,
        -0.12416437268257141,
        0.048067085444927216,
        0.3648374676704407,
        0.2536808252334595
      ]
    },
    {
      "class_id": 4,
      "class_name": "class_4",
      "model_confidence": 0.763923,
      "prediction_entropy": 0.887691,
      "prediction_sharpness": 0.668495,
      "reconstruction_variance": 0.08628,