{
  "attack": "model_inversion",
  "summary": {
    "mode": "whitebox_mitigated",
    "avg_cosine_similarity": 0.778492,
    "avg_model_confidence": 0.312824,
    "high_risk_classes": 5,
    "total_classes": 6,
    "verdict": "VULNERABLE \u2014 model leaks class-level feature structure",
    "noise_scale": 0.5,
    "epsilon_inf": 4.0
  },
  "results": [
    {
      "class_id": 0,
      "class_name": "WALKING",
      "model_confidence": 0.311609,
      "cosine_similarity": 0.924935,
      "l2_distance": 0.757695,
      "loss_history": [
        1.50378,
        0.05733
      ],
      "risk_level": "HIGH",
      "reconstructed_input": [
        0.785662829875946,
        0.06128093972802162,
        0.12387298047542572,
        -0.6393256187438965,
        -0.6721516847610474,
        0.5458378791809082,
        -0.22089003026485443,
        0.4462490975856781,
        -0.5637558102607727,
        0.3338639736175537,
        -0.20298941433429718,
        0.08503551036119461,
        -0.1705108880996704,
        -0.016287773847579956,
        0.0040556821040809155,
        0.10398604720830917,
        -0.11397525668144226,
        0.16368140280246735,
        -0.13974571228027344,
        0.0404815748333931,
        0.01406258437782526,
        0.07728507369756699,
        0.1550024300813675,
        0.0759945809841156,
        -0.342104434967041,
        -0.24172519147396088,
        -0.3355146646499634,
        -0.24356605112552643,
        -0.36198052763938904,
        0.25049731135368347,
        -0.11212792992591858,
        0.3268204629421234,
        0.30041977763175964,
        0.20009027421474457,
        -0.09584333002567291,
        0.07708825916051865,
        0.014864996075630188,
        -0.01888592541217804,
        -9.908968058880419e-05,
        0.23975157737731934,
        -0.00968345906585455,
        -0.0719672441482544,
        0.101906418800354,
        0.15615373849868774,
        -0.1416984349489212,
        0.015812108293175697,
        0.17380239069461823,
        -0.16163820028305054,
        -0.0316038578748703,
        0.0648757740855217
      ]
    },
    {
      "class_id": 1,
      "class_name": "WALKING_UPSTAIRS",
      "model_confidence": 0.194632,
      "cosine_similarity": 0.849122,
      "l2_distance": 1.490983,
      "loss_history": [
        2.30288,
        0.14941
      ],
      "risk_level": "HIGH",
      "reconstructed_input": [
        1.0676238536834717,
        -1.0212053060531616,
        -0.34450745582580566,
        0.7211218476295471,
        -0.09525203704833984,
        -0.8263912796974182,
        -0.3886985778808594,
        -0.7171011567115784,
        -0.311564564704895,
        0.07078111916780472,
        0.4336526095867157,
        -0.07809698581695557,
        -0.45993107557296753,
        0.15630672872066498,
        -0.38190197944641113,
        0.01295788586139679,
        -0.34687766432762146,
        0.01926375739276409,
        0.0277431458234787,
        0.6962679028511047,
        -0.046940870583057404,
        -0.21133218705654144,
        -0.49090808629989624,
        0.049935415387153625,
        -0.011426893062889576,
        -0.03586210310459137,
        0.23242180049419403,
        -0.0038065456319600344,
        0.36634182929992676,
        0.11240415275096893,
        -0.31058287620544434,
        -0.23456734418869019,
        -0.44079160690307617,
        0.06814070791006088,
        -0.010377554222941399,
        0.013469979166984558,
        0.2047123908996582,
        -0.03529786318540573,
        -0.013245624490082264,
        -0.03817179426550865,
        0.5114080309867859,
        -0.36024975776672363,
        0.6156212091445923,
        0.2812928557395935,
        -0.09737618267536163,
        0.04182780534029007,
        0.16008013486862183,
        0.2663344740867615,
        0.3576694428920746,
        0.008284427225589752
      ]
    },
    {
      "class_id": 2,
      "class_name": "WALKING_DOWNSTAIRS",
      "model_confidence": 0.315355,
      "cosine_similarity": 0.581215,
      "l2_distance": 2.554264,
      "loss_history": [
        9.70462,
        0.27044
      ],
      "risk_level": "MEDIUM",
      "reconstructed_input": [
        -0.13299477100372314,
        0.6007727384567261,
        -0.06516117602586746,
        -0.3665735125541687,
        0.9013713002204895,
        -0.7008686661720276,
        0.48618003726005554,
        -0.4851863980293274,
        0.8833451271057129,
        0.09479150921106339,
        0.5317407250404358,
        -0.5157495737075806,
        1.1497230529785156,
        -0.35367611050605774,
        0.5256292819976807,
        0.16265879571437836,
        0.4651217758655548,
        -0.12145256996154785,
        0.15430614352226257,
        -0.04117794334888458,
        0.021015511825680733,
        0.6603057384490967,
        0.27792859077453613,
        -0.5413660407066345,
        0.1835097372531891,
        -0.24088777601718903,
        0.035577282309532166,
        0.05822746828198433,
        -0.1819143146276474,
        0.2750888466835022,
        0.03805461525917053,
        -0.4052744209766388,
        -0.18347249925136566,
        0.8033255338668823,
        -0.07543502748012543,
        0.05362293869256973,
        -0.4244464039802551,
        0.23156142234802246,
        -0.09394587576389313,
        -0.7701321244239807,
        -0.20309798419475555,
        -0.21433931589126587,
        0.26791802048683167,
        0.1401216834783554,
        -0.16187834739685059,
        -0.07070869207382202,
        0.03711298108100891,
        0.38780367374420166,
        -0.9126412272453308,
        -0.22357918322086334
      ]
    },
    {
      "class_id": 3,
      "class_name": "SITTING",
      "model_confidence": 0.0,
      "cosine_similarity": 0.737519,
      "l2_distance": 1.923548,
      "loss_history": [
        5.18308,
        0.18743
      ],
      "risk_level": "HIGH",
      "reconstructed_input": [
        -0.6569769978523254,
        0.275473028421402,
        -0.19077281653881073,
        0.2886125147342682,
        0.3376064598560333,
        1.363999605178833,
        0.14064647257328033,
        -1.1081748008728027,
        -0.014402978122234344,
        0.11101480573415756,
        0.050958313047885895,
        -0.11274145543575287,
        -0.6950833201408386,
        0.27899685502052307,
        -0.2531611919403076,
        0.2640179693698883,
        -0.13497839868068695,
        -0.03296924754977226,
        -0.060790158808231354,
        0.009368548169732094,
        0.09968219697475433,
        -1.1411991119384766,
        -0.3534591794013977,
        0.3172234892845154,
        -0.23329366743564606,
        0.3059596121311188,
        -0.07177677750587463,
        0.08936463296413422,
        0.25915297865867615,
        -0.07933396100997925,
        -0.36617693305015564,
        -0.45275822281837463,
        -0.18013474345207214,
        0.20337778329849243,
        0.000631085829809308,
        -0.40218180418014526,
        0.3078937232494354,
        0.15665386617183685,
        0.30492740869522095,
        0.005444734822958708,
        0.19275632500648499,
        -0.3123704791069031,
        0.3043692409992218,
        0.13552019000053406,
        -0.4358963072299957,
        -0.1008656695485115,
        0.03493859991431236,
        -0.1321997046470642,
        0.2630027234554291,
        -0.17426006495952606
      ]
    },
    {
      "class_id": 4,
      "class_name": "STANDING",
      "model_confidence": 0.600881,
      "cosine_similarity": 0.845114,
      "l2_distance": 1.127139,
      "loss_history": [
        2.17219,
        0.08782
      ],
      "risk_level": "HIGH",