{
  "losses_distributed": [
    [
      1,
      1.8998974312977095
    ],
    [
      2,
      1.8430596039400466
    ],
    [
      3,
      1.803610565186935
    ],
    [
      4,
      1.7596299849569885
    ],
    [
      5,
      1.7241449947209107
    ],
    [
      6,
      1.6868761908597358
    ],
    [
      7,
      1.6571437425257105
    ],
    [
      8,
      1.6201854143138072
    ],
    [
      9,
      1.5841226069340713
    ],
    [
      10,
      1.551215604808017
    ],
    [
      11,
      1.5244959547125212
    ],
    [
      12,
      1.4988881108368675
    ],
    [
      13,
      1.476031853642526
    ],
    [
      14,
      1.454875349882793
    ],
    [
      15,
      1.4326145954354188
    ]
  ],
  "losses_centralized": [],
  "metrics_distributed": {
    "accuracy": [
      [
        1,
        0.17467248908296942
      ],
      [
        2,
        0.21057738961669092
      ],
      [
        3,
        0.25084910237748664
      ],
      [
        4,
        0.29742843279961184
      ],
      [
        5,
        0.33430373605046093
      ],
      [
        6,
        0.3736050460941291
      ],
      [
        7,
        0.4027171276079573
      ],
      [
        8,
        0.4420184376516254
      ],
      [
        9,
        0.47307132459970885
      ],
      [
        10,
        0.4987869966035905
      ],
      [
        11,
        0.5181950509461426
      ],
      [
        12,
        0.5351770984958758
      ],
      [
        13,
        0.5419699175157691
      ],
      [
        14,
        0.5565259582726831
      ],
      [
        15,
        0.5710819990295973
      ]
    ],
    "macro_f1": [
      [
        1,
        0.1390887456051101
      ],
      [
        2,
        0.17228031166553517
      ],
      [
        3,
        0.20122416361070716
      ],
      [
        4,
        0.2456621489874417
      ],
      [
        5,
        0.2736794277411745
      ],
      [
        6,
        0.3097729990178011
      ],
      [
        7,
        0.33776511897702166
      ],
      [
        8,
        0.3715156444204863
      ],
      [
        9,
        0.4018939181956825
      ],
      [
        10,
        0.428870963589721
      ],
      [
        11,
        0.4473402415486002
      ],
      [
        12,
        0.46956405410246904
      ],
      [
        13,
        0.4729753046997235
      ],
      [
        14,
        0.49119020194825547
      ],
      [
        15,
        0.5076248121113934
      ]
    ]
  },
  "metrics_centralized": {}
}