{
  "losses_distributed": [
    [
      1,
      0.8998489957420297
    ],
    [
      2,
      0.3814521761830717
    ],
    [
      3,
      0.23124050053287512
    ],
    [
      4,
      0.19085391350759284
    ],
    [
      5,
      0.17669998609661072
    ],
    [
      6,
      0.16900288916614553
    ],
    [
      7,
      0.16623839337563107
    ],
    [
      8,
      0.15990209708479222
    ],
    [
      9,
      0.1543278820100541
    ],
    [
      10,
      0.15121059150203217
    ]
  ],
  "losses_centralized": [],
  "metrics_distributed": {
    "accuracy": [
      [
        1,
        0.7947598253275109
      ],
      [
        2,
        0.8927704997573993
      ],
      [
        3,
        0.9112081513828238
      ],
      [
        4,
        0.9218825812712276
      ],
      [
        5,
        0.9277049975739932
      ],
      [
        6,
        0.9340126152353226
      ],
      [
        7,
        0.9330422125181951
      ],
      [
        8,
        0.9398350315380883
      ],
      [
        9,
        0.9383794274623969
      ],
      [
        10,
        0.9451722464822901
      ]
    ],
    "macro_f1": [
      [
        1,
        0.7897388312350698
      ],
      [
        2,
        0.8927399874646125
      ],
      [
        3,
        0.9114956808046595
      ],
      [
        4,
        0.9227872957926438
      ],
      [
        5,
        0.9285814912566633
      ],
      [
        6,
        0.9352135786342454
      ],
      [
        7,
        0.934353126749758
      ],
      [
        8,
        0.941161960281839
      ],
      [
        9,
        0.9397924250851077
      ],
      [
        10,
        0.9465175317574993
      ]
    ]
  },
  "metrics_centralized": {}
}