{
  "losses_distributed": [
    [
      1,
      1.934891831926904
    ],
    [
      2,
      1.8669416663832945
    ],
    [
      3,
      1.8308700818219616
    ],
    [
      4,
      1.7892351317671766
    ],
    [
      5,
      1.7607523906815115
    ],
    [
      6,
      1.7335267087199744
    ],
    [
      7,
      1.7098093555715117
    ],
    [
      8,
      1.6856573187338966
    ],
    [
      9,
      1.673677535903853
    ],
    [
      10,
      1.6453268512946086
    ],
    [
      11,
      1.6167885836092724
    ],
    [
      12,
      1.596027114274489
    ],
    [
      13,
      1.5747439084499568
    ],
    [
      14,
      1.5541782011863157
    ],
    [
      15,
      1.5365557322393395
    ],
    [
      16,
      1.5206818390332166
    ],
    [
      17,
      1.501568488794759
    ],
    [
      18,
      1.4802690896520563
    ],
    [
      19,
      1.4542009320899967
    ],
    [
      20,
      1.4245274747129437
    ]
  ],
  "losses_centralized": [],
  "metrics_distributed": {
    "accuracy": [
      [
        1,
        0.19796215429403202
      ],
      [
        2,
        0.22658903444929646
      ],
      [
        3,
        0.26152353226589037
      ],
      [
        4,
        0.30082484230955847
      ],
      [
        5,
        0.32217370208636587
      ],
      [
        6,
        0.33430373605046093
      ],
      [
        7,
        0.34885977680737507
      ],
      [
        8,
        0.36923823386705484
      ],
      [
        9,
        0.3760310528869481
      ],
      [
        10,
        0.39495390587093643
      ],
      [
        11,
        0.40756914119359533
      ],
      [
        12,
        0.4264919941775837
      ],
      [
        13,
        0.44638524987869965
      ],
      [
        14,
        0.4556040756914119
      ],
      [
        15,
        0.4735565259582727
      ],
      [
        16,
        0.4885977680737506
      ],
      [
        17,
        0.502668607472101
      ],
      [
        18,
        0.519650655021834
      ],
      [
        19,
        0.5419699175157691
      ],
      [
        20,
        0.5701115963124697
      ]
    ],
    "macro_f1": [
      [
        1,
        0.14197588448273765
      ],
      [
        2,
        0.17873465716288162
      ],
      [
        3,
        0.21621438908142515
      ],
      [
        4,
        0.2496341602257212
      ],
      [
        5,
        0.26286406328933654
      ],
      [
        6,
        0.2714605264182382
      ],
      [
        7,
        0.2823877798832756
      ],
      [
        8,
        0.30008166987238055
      ],
      [
        9,
        0.30252545253159
      ],
      [
        10,
        0.3214833339343486
      ],
      [
        11,
        0.34430425476817633
      ],
      [
        12,
        0.3709901013541881
      ],
      [
        13,
        0.39674562166221855
      ],
      [
        14,
        0.40495515669804877
      ],
      [
        15,
        0.42009469058430815
      ],
      [
        16,
        0.43582570731442943
      ],
      [
        17,
        0.4545079423508585
      ],
      [
        18,
        0.4720248617083808
      ],
      [
        19,
        0.5003731123736455
      ],
      [
        20,
        0.5319464491578875
      ]
    ]
  },
  "metrics_centralized": {}
}