{
  "losses_distributed": [
    [
      1,
      0.17956981839578687
    ],
    [
      2,
      0.13417744136034487
    ],
    [
      3,
      0.12224596410028163
    ],
    [
      4,
      0.11384942194072765
    ],
    [
      5,
      0.10291145087212093
    ],
    [
      6,
      0.09467193811692655
    ],
    [
      7,
      0.09352510495762956
    ],
    [
      8,
      0.08885275528796491
    ],
    [
      9,
      0.0866801311944967
    ],
    [
      10,
      0.08847806028592907
    ]
  ],
  "losses_centralized": [],
  "metrics_distributed": {
    "accuracy": [
      [
        1,
        0.9349830179524503
      ],
      [
        2,
        0.9466278505579816
      ],
      [
        3,
        0.9514798641436196
      ],
      [
        4,
        0.9558466763706939
      ],
      [
        5,
        0.9568170790878214
      ],
      [
        6,
        0.9606986899563319
      ],
      [
        7,
        0.9611838913148957
      ],
      [
        8,
        0.9660359049005337
      ],
      [
        9,
        0.9636098981077147
      ],
      [
        10,
        0.9655507035419699
      ]
    ],
    "macro_f1": [
      [
        1,
        0.9362279893474915
      ],
      [
        2,
        0.9479433391670655
      ],
      [
        3,
        0.9525339079486245
      ],
      [
        4,
        0.9566381186977073
      ],
      [
        5,
        0.9577858348130274
      ],
      [
        6,
        0.9613978875416576
      ],
      [
        7,
        0.9618077948125321
      ],
      [
        8,
        0.9669332215727633
      ],
      [
        9,
        0.96444209618305
      ],
      [
        10,
        0.9663260844090648
      ]
    ]
  },
  "metrics_centralized": {}
}