{
  "losses_distributed": [
    [
      1,
      0.18259608449323092
    ],
    [
      2,
      0.13424766983083156
    ],
    [
      3,
      0.12279123130034382
    ],
    [
      4,
      0.10941221892439672
    ],
    [
      5,
      0.10635029943546932
    ]
  ],
  "losses_centralized": [],
  "metrics_distributed": {
    "accuracy": [
      [
        1,
        0.9306162057253761
      ],
      [
        2,
        0.9461426491994177
      ],
      [
        3,
        0.9514798641436196
      ],
      [
        4,
        0.9558466763706939
      ],
      [
        5,
        0.9602134885977681
      ]
    ],
    "macro_f1": [
      [
        1,
        0.9317590092696959
      ],
      [
        2,
        0.9472530905079461
      ],
      [
        3,
        0.9524064180083501
      ],
      [
        4,
        0.9567575222115167
      ],
      [
        5,
        0.9613148671980899
      ]
    ]
  },
  "metrics_centralized": {}
}