{
  "clients": [
    "client1.csv",
    "client2.csv",
    "client3.csv"
  ],
  "classes": [
    "1",
    "2",
    "3",
    "4",
    "5",
    "6"
  ],
  "counts_per_client": {
    "client1.csv": {
      "1": 595,
      "6": 537,
      "5": 533,
      "2": 498,
      "4": 492,
      "3": 450
    },
    "client2.csv": {
      "6": 659,
      "5": 653,
      "4": 595,
      "1": 550,
      "2": 511,
      "3": 458
    },
    "client3.csv": {
      "6": 748,
      "5": 720,
      "4": 690,
      "1": 577,
      "2": 535,
      "3": 498
    }
  },
  "kl_divergence": {
    "client1.csv": 0.0040848492671550826,
    "client2.csv": 0.0002858634550160712,
    "client3.csv": 0.0015557071864465977
  },
  "avg_kl": 0.0019754733028725835,
  "recommendation": "IID \u2014 FedAvg should work well."
}