{
  "losses_distributed": [
    [
      1,
      1.9158862850609362
    ],
    [
      2,
      1.8732318650282223
    ],
    [
      3,
      1.8435290529564825
    ],
    [
      4,
      1.8167806444441097
    ],
    [
      5,
      1.794015508898828
    ],
    [
      6,
      1.7738832065285206
    ],
    [
      7,
      1.7470486549889215
    ],
    [
      8,
      1.7345822796203858
    ],
    [
      9,
      1.7179610592135521
    ],
    [
      10,
      1.6983435777481872
    ]
  ],
  "losses_centralized": [],
  "metrics_distributed": {
    "accuracy": [
      [
        1,
        0.14750121300339641
      ],
      [
        2,
        0.1717612809315866
      ],
      [
        3,
        0.20281416787967008
      ],
      [
        4,
        0.22804463852498788
      ],
      [
        5,
        0.25084910237748664
      ],
      [
        6,
        0.27607957302280445
      ],
      [
        7,
        0.2916060164968462
      ],
      [
        8,
        0.3182920912178554
      ],
      [
        9,
        0.3410965550703542
      ],
      [
        10,
        0.34837457544881123
      ]
    ],
    "macro_f1": [
      [
        1,
        0.13312342222953402
      ],
      [
        2,
        0.1537586074546858
      ],
      [
        3,
        0.1795663462925307
      ],
      [
        4,
        0.20342201674889224
      ],
      [
        5,
        0.2203348565846282
      ],
      [
        6,
        0.23494365868797992
      ],
      [
        7,
        0.2502922666779416
      ],
      [
        8,
        0.2668407911044496
      ],
      [
        9,
        0.28462884818830614
      ],
      [
        10,
        0.2882838272766815
      ]
    ]
  },
  "metrics_centralized": {}
}