{
  "losses_distributed": [
    [
      1,
      1.8290346524832262
    ],
    [
      2,
      1.784562932467472
    ],
    [
      3,
      1.7505169013123787
    ],
    [
      4,
      1.7153797502485308
    ],
    [
      5,
      1.6810787031802086
    ],
    [
      6,
      1.6447984704920413
    ],
    [
      7,
      1.6135061629358742
    ],
    [
      8,
      1.5914299467245043
    ],
    [
      9,
      1.55996663040585
    ],
    [
      10,
      1.5423929796584424
    ],
    [
      11,
      1.5174490881452047
    ],
    [
      12,
      1.485572838656015
    ],
    [
      13,
      1.458635472372167
    ],
    [
      14,
      1.4326032964654596
    ],
    [
      15,
      1.4040714454326972
    ],
    [
      16,
      1.3711804989644014
    ],
    [
      17,
      1.3424903617675648
    ],
    [
      18,
      1.3245704669156506
    ],
    [
      19,
      1.293365662969009
    ],
    [
      20,
      1.278380724656125
    ]
  ],
  "losses_centralized": [],
  "metrics_distributed": {
    "accuracy": [
      [
        1,
        0.2435710819990296
      ],
      [
        2,
        0.28772440562833573
      ],
      [
        3,
        0.3304221251819505
      ],
      [
        4,
        0.3634158175642892
      ],
      [
        5,
        0.4017467248908297
      ],
      [
        6,
        0.4294032023289665
      ],
      [
        7,
        0.4444444444444444
      ],
      [
        8,
        0.46142649199417757
      ],
      [
        9,
        0.4847161572052402
      ],
      [
        10,
        0.5016982047549733
      ],
      [
        11,
        0.5152838427947598
      ],
      [
        12,
        0.534691897137312
      ],
      [
        13,
        0.5550703541969918
      ],
      [
        14,
        0.5672003881610869
      ],
      [
        15,
        0.5900048520135857
      ],
      [
        16,
        0.616205725376031
      ],
      [
        17,
        0.6375545851528385
      ],
      [
        18,
        0.6453178068898593
      ],
      [
        19,
        0.6564774381368268
      ],
      [
        20,
        0.6642406598738476
      ]
    ],
    "macro_f1": [
      [
        1,
        0.23531596894334839
      ],
      [
        2,
        0.27359851758300363
      ],
      [
        3,
        0.3016076698202319
      ],
      [
        4,
        0.330355193555564
      ],
      [
        5,
        0.36216265427254346
      ],
      [
        6,
        0.3932815581392246
      ],
      [
        7,
        0.41024124150946584
      ],
      [
        8,
        0.42675961230820125
      ],
      [
        9,
        0.45501460146035044
      ],
      [
        10,
        0.4657498797617926
      ],
      [
        11,
        0.48444266094414773
      ],
      [
        12,
        0.5071168218967685
      ],
      [
        13,
        0.5294715863952311
      ],
      [
        14,
        0.5452612336719087
      ],
      [
        15,
        0.573789093003267
      ],
      [
        16,
        0.6012044837229463
      ],
      [
        17,
        0.6222593367574032
      ],
      [
        18,
        0.6325781940565254
      ],
      [
        19,
        0.6428613535640934
      ],
      [
        20,
        0.6515640723274906
      ]
    ]
  },
  "metrics_centralized": {}
}