{
  "losses_distributed": [
    [
      1,
      1.8330272476630325
    ],
    [
      2,
      1.7872545224610374
    ],
    [
      3,
      1.7433625078502064
    ],
    [
      4,
      1.699724268242319
    ],
    [
      5,
      1.6641050344066444
    ],
    [
      6,
      1.6342404234588639
    ],
    [
      7,
      1.6099839433774619
    ],
    [
      8,
      1.5740693660687035
    ],
    [
      9,
      1.5534862076293374
    ],
    [
      10,
      1.5238993233815379
    ]
  ],
  "losses_centralized": [],
  "metrics_distributed": {
    "accuracy": [
      [
        1,
        0.20281416787967008
      ],
      [
        2,
        0.24599708879184862
      ],
      [
        3,
        0.28820960698689957
      ],
      [
        4,
        0.3396409509946628
      ],
      [
        5,
        0.37311984473556525
      ],
      [
        6,
        0.4153323629306162
      ],
      [
        7,
        0.4483260553129549
      ],
      [
        8,
        0.4890829694323144
      ],
      [
        9,
        0.5162542455118875
      ],
      [
        10,
        0.5448811256671519
      ]
    ],
    "macro_f1": [
      [
        1,
        0.18642275683997658
      ],
      [
        2,
        0.2262280370524973
      ],
      [
        3,
        0.2640503350191612
      ],
      [
        4,
        0.3109855093795661
      ],
      [
        5,
        0.3454486941332607
      ],
      [
        6,
        0.3914675897548675
      ],
      [
        7,
        0.4181212917220239
      ],
      [
        8,
        0.45329296282888065
      ],
      [
        9,
        0.48745595510068446
      ],
      [
        10,
        0.5130266078608166
      ]
    ]
  },
  "metrics_centralized": {}
}