{
  "attack": "model_inversion",
  "mode": "mitigated (confidence masked)",
  "results": [
    {
      "class_id": 0,
      "class_name": "class_0",
      "model_confidence": 0.896146,
      "prediction_entropy": 0.48981,
      "prediction_sharpness": 0.861949,
      "reconstruction_variance": 0.01922,
      "cosine_similarity": 0.594465,
      "l2_distance": 1.607297,
      "loss_history": [
        8.15653,
        0.23296
      ],
      "risk_level": "MEDIUM",
      "reconstructed_input": [
        0.413123220205307,
        0.2568821907043457,
        0.04980214685201645,
        -0.16210365295410156,
        -0.17282745242118835,
        0.09827545285224915,
        -0.17381587624549866,
        0.11671964824199677,
        -0.2475799322128296,
        0.12196622788906097,
        -0.009896318428218365,
        -0.07330507040023804,
        0.019198747351765633,
        0.14585155248641968,
        0.05743567273020744,
        -0.18621313571929932,
        0.015624948777258396,
        0.14889657497406006,
        0.10877315700054169,
        0.05156579241156578,
        -0.07399118691682816,
        -0.15788261592388153,
        0.15004345774650574,
        0.0062491316348314285,
        -0.10498437285423279,
        -0.18617257475852966,
        -0.13999900221824646,
        0.04961669445037842,
        -0.16973404586315155,
        0.23131486773490906,
        -0.15117257833480835,
        -0.16684219241142273,
        -0.03625842556357384,
        0.1318850964307785,
        -0.03566600754857063,
        0.04469113051891327,
        -0.10634501278400421,
        -0.046592943370342255,
        0.11607502400875092,
        0.10187458992004395,
        0.034374676644802094,
        -0.14004047214984894,
        -0.1904071718454361,
        -0.12594228982925415,
        0.02899370715022087,
        0.12181989848613739,
        -0.1078895702958107,
        0.03603019565343857,
        0.008612008765339851,
        -0.15349015593528748
      ]
    },
    {
      "class_id": 1,
      "class_name": "class_1",
      "model_confidence": 0.844509,
      "prediction_entropy": 0.67393,
      "prediction_sharpness": 0.791803,
      "reconstruction_variance": 0.023905,
      "cosine_similarity": 0.575511,
      "l2_distance": 1.578728,
      "loss_history": [
        9.87987,
        0.295
      ],
      "risk_level": "MEDIUM",
      "reconstructed_input": [
        0.22726716101169586,
        -0.16303609311580658,
        0.02257487177848816,
        0.07950528711080551,
        0.050678711384534836,
        -0.353252649307251,
        -0.24663321673870087,
        -0.30473223328590393,
        -0.14723621308803558,
        0.3619517982006073,
        0.2615516483783722,
        -0.298434853553772,
        -0.15421870350837708,
        0.13704048097133636,
        0.07934217900037766,
        -0.15916238725185394,
        -0.006639673374593258,
        0.16890563070774078,
        -0.16061440110206604,
        -0.03335645794868469,
        0.09568116068840027,
        -0.04795507341623306,
        -0.10485357791185379,
        0.023495342582464218,
        0.0032690519001334906,
        -0.10598685592412949,
        0.021300017833709717,
        -0.11821864545345306,
        0.031754836440086365,
        0.015098024159669876,
        -0.11198469996452332,
        0.06448367238044739,
        -0.10195352137088776,
        -0.2110610455274582,
        0.13599948585033417,
        0.02652699500322342,
        0.032539524137973785,
        -0.3132820725440979,
        0.22335314750671387,
        -0.036140646785497665,
        -0.05172918364405632,
        -0.10551059246063232,
        -0.10649008303880692,
        -0.16639921069145203,
        0.20797039568424225,
        0.0027025239542126656,
        -0.05567434802651405,
        -0.07353419065475464,
        0.14413245022296906,
        0.06548313051462173
      ]
    },
    {
      "class_id": 2,
      "class_name": "class_2",
      "model_confidence": 0.873536,
      "prediction_entropy": 0.564068,
      "prediction_sharpness": 0.819396,
      "reconstruction_variance": 0.025014,
      "cosine_similarity": 0.517743,
      "l2_distance": 1.90143,
      "loss_history": [
        7.82023,
        0.26023
      ],
      "risk_level": "MEDIUM",
      "reconstructed_input": [
        0.23413017392158508,
        0.17879045009613037,
        0.25038138031959534,
        -0.03289470076560974,
        0.32166680693626404,
        -0.07107517123222351,
        -0.012132177129387856,
        -0.14063619077205658,
        0.11602498590946198,
        0.05666821822524071,
        0.2086833417415619,
        -0.19171777367591858,
        0.015172917395830154,
        -0.13739392161369324,
        0.28108417987823486,
        -0.012880700640380383,
        0.334029883146286,
        0.049065932631492615,
        -0.054788537323474884,
        -0.11559876799583435,
        -0.3298751711845398,
        -0.2467130422592163,
        0.1143331453204155,
        0.023684004321694374,
        0.05958376079797745,
        -0.17346224188804626,
        -0.2384285032749176,
        0.03767545521259308,
        0.09195017069578171,
        0.22952112555503845,
        -0.16831539571285248,
        -0.1310557723045349,
        -0.12238600850105286,
        -0.17235176265239716,
        0.12327772378921509,
        -0.00487145222723484,
        -0.003319390583783388,
        -0.005740773398429155,
        -0.06999707967042923,
        -0.1363387554883957,
        -0.047883421182632446,
        0.05529321730136871,
        -0.11090846359729767,
        -0.003975827246904373,
        -0.041272275149822235,
        0.2498750537633896,
        -0.1384640336036682,
        0.18878191709518433,
        -0.027267489582300186,
        -0.2085634171962738
      ]
    },
    {
      "class_id": 3,
      "class_name": "class_3",
      "model_confidence": 0.908859,
      "prediction_entropy": 0.427039,
      "prediction_sharpness": 0.864196,
      "reconstruction_variance": 0.014723,
      "cosine_similarity": 0.592239,
      "l2_distance": 1.312338,
      "loss_history": [
        5.3512,
        0.17231
      ],
      "risk_level": "MEDIUM",
      "reconstructed_input": [
        -0.26846563816070557,
        0.14538411796092987,
        -0.11096546053886414,
        0.030431469902396202,
        0.11974027007818222,
        0.2673429548740387,
        -0.3433399200439453,
        -0.2975956201553345,
        -0.014051779173314571,
        0.18999221920967102,
        -0.05408969894051552,
        -0.11559584736824036,
        -0.026213480159640312,
        -0.039044689387083054,
        0.12426578998565674,
        -0.08471780270338058,
        0.11854618787765503,
        -0.07190538942813873,
        0.05032116174697876,
        -0.03691117465496063,
        -0.050152719020843506,
        -0.16342908143997192,
        0.04884808138012886,
        0.10931030660867691,
        -0.11346398293972015,
        -0.19938203692436218,
        -0.1164909079670906,
        0.08471551537513733,
        0.04694695770740509,
        0.06384141743183136,
        -0.09997300058603287,
        -0.1680135577917099,
        0.0806967094540596,
        -0.04403100907802582,
        0.011344347149133682,
        -0.06704996526241302,
        -0.03232240304350853,
        -0.0486692413687706,
        0.04292851313948631,
        -0.10918104648590088,
        0.025595514103770256,
        -0.05101596191525459,
        -0.21119293570518494,
        0.08669961243867874,
        -0.04483423009514809,
        0.1229773461818695,
        0.010355251841247082,
        0.009810949675738811,
        0.020213432610034943,
        -0.035085368901491165
      ]
    },
    {
      "class_id": 4,
      "class_name": "class_4",
      "model_confidence": 0.888266,
      "prediction_entropy": 0.495141,
      "prediction_sharpness": 0.82918,
      "reconstruction_variance": 0.009776,
      "cosine_similarity": 0.498575,
      "l2_distance": 1.464019,