{
  "attack": "model_inversion",
  "mode": "defended (noise=3.0, temp=15.0)",
  "results": [
    {
      "class_id": 0,
      "class_name": "class_0",
      "model_confidence": 0.353404,
      "prediction_entropy": 1.671951,
      "prediction_sharpness": 0.196941,
      "reconstruction_variance": 0.039558,
      "cosine_similarity": 0.56085,
      "l2_distance": 1.668901,
      "loss_history": [
        1.87343,
        1.24804
      ],
      "risk_level": "MEDIUM",
      "reconstructed_input": [
        0.3821004629135132,
        0.2920965850353241,
        0.09111902117729187,
        -0.24176670610904694,
        -0.4627428948879242,
        0.08282829076051712,
        -0.21349593997001648,
        0.19769200682640076,
        -0.4307486414909363,
        0.1809418797492981,
        0.11303368955850601,
        -0.13108591735363007,
        -0.010634933598339558,
        0.1388443559408188,
        0.10888957232236862,
        -0.33695951104164124,
        -0.0885877013206482,
        0.15876874327659607,
        0.1916298121213913,
        0.07452332973480225,
        -0.09032218903303146,
        -0.21810965240001678,
        0.159871906042099,
        0.05592697113752365,
        -0.03749087452888489,
        -0.2896282374858856,
        -0.08149547874927521,
        0.11078684031963348,
        -0.21967056393623352,
        0.27524569630622864,
        -0.12150609493255615,
        -0.18803144991397858,
        0.059163909405469894,
        0.13736988604068756,
        -0.11508877575397491,
        0.08192282915115356,
        -0.1506645828485489,
        -0.06077945604920387,
        0.15324515104293823,
        0.1477019339799881,
        0.15579412877559662,
        -0.21174708008766174,
        -0.3033542037010193,
        -0.42113760113716125,
        0.15789447724819183,
        0.17980554699897766,
        -0.0674581304192543,
        0.013265781104564667,
        0.18770930171012878,
        0.015586689114570618
      ]
    },
    {
      "class_id": 1,
      "class_name": "class_1",
      "model_confidence": 0.247147,
      "prediction_entropy": 1.707581,
      "prediction_sharpness": 0.000851,
      "reconstruction_variance": 0.041619,
      "cosine_similarity": 0.259821,
      "l2_distance": 2.089746,
      "loss_history": [
        2.43702,
        1.46791
      ],
      "risk_level": "LOW",
      "reconstructed_input": [
        0.3033115565776825,
        0.12266985327005386,
        0.14970770478248596,
        -0.03943092003464699,
        -0.08019907772541046,
        -0.3178268074989319,
        -0.49509456753730774,
        -0.32186153531074524,
        0.10754382610321045,
        0.09602681547403336,
        0.06856655329465866,
        -0.25056567788124084,
        -0.10281989723443985,
        -0.13920339941978455,
        0.1966908723115921,
        -0.16434219479560852,
        -0.07059228420257568,
        0.10917520523071289,
        0.21329456567764282,
        -0.0784459263086319,
        -0.22606335580348969,
        -0.14441224932670593,
        0.03288738429546356,
        0.3038746416568756,
        0.013629768043756485,
        -0.29860278964042664,
        -0.14983616769313812,
        0.21356791257858276,
        -0.0426102951169014,
        0.30591174960136414,
        -0.21048860251903534,
        0.03753139078617096,
        0.021920815110206604,
        0.1632893979549408,
        -0.12854216992855072,
        0.19671383500099182,
        -0.07778336107730865,
        -0.2553907036781311,
        0.18494567275047302,
        0.04145725816488266,
        -0.23824012279510498,
        0.04538191109895706,
        -0.5664988160133362,
        -0.1905965358018875,
        0.11631086468696594,
        0.1589045375585556,
        0.14352884888648987,
        0.0991642028093338,
        0.12906643748283386,
        0.30959460139274597
      ]
    },
    {
      "class_id": 2,
      "class_name": "class_2",
      "model_confidence": 0.274075,
      "prediction_entropy": 1.748929,
      "prediction_sharpness": 0.098446,
      "reconstruction_variance": 0.045992,
      "cosine_similarity": 0.423108,
      "l2_distance": 2.094518,
      "loss_history": [
        2.86697,
        1.70882
      ],
      "risk_level": "MEDIUM",
      "reconstructed_input": [
        0.2884172797203064,
        0.16343379020690918,
        0.28662973642349243,
        -0.008173726499080658,
        0.30380648374557495,
        -0.33495795726776123,
        0.019982019439339638,
        -0.3072959780693054,
        0.23243016004562378,
        0.13293367624282837,
        0.2682133615016937,
        -0.07847803831100464,
        -0.035646602511405945,
        -0.02379622682929039,
        0.2544145882129669,
        -0.06282567977905273,
        0.35230574011802673,
        -0.05977264791727066,
        -0.155791774392128,
        -0.23406919836997986,
        -0.30814608931541443,
        -0.5896393656730652,
        0.13350671529769897,
        -0.04836437106132507,
        0.20833605527877808,
        -0.2723156213760376,
        -0.2642419934272766,
        0.08439542353153229,
        -0.008317972533404827,
        0.32812079787254333,
        -0.33127057552337646,
        0.0073311226442456245,
        -0.03359497711062431,
        0.06548556685447693,
        0.11114436388015747,
        0.006400511600077152,
        0.008242625743150711,
        -0.008090805262327194,
        0.02020931988954544,
        -0.205948144197464,
        -0.1279517263174057,
        0.2854247987270355,
        -0.2502605617046356,
        -0.3078495264053345,
        0.09124288707971573,
        0.2563402056694031,
        -0.0767526924610138,
        0.22805726528167725,
        -0.1540604829788208,
        -0.19221556186676025
      ]
    },
    {
      "class_id": 3,
      "class_name": "class_3",
      "model_confidence": 0.254206,
      "prediction_entropy": 1.764634,
      "prediction_sharpness": 0.088637,
      "reconstruction_variance": 0.036107,
      "cosine_similarity": 0.611061,
      "l2_distance": 1.33848,
      "loss_history": [
        2.5598,
        1.30112
      ],
      "risk_level": "HIGH",
      "reconstructed_input": [
        -0.44757330417633057,
        0.02815191075205803,
        -0.36889970302581787,
        0.001810192596167326,
        -0.021380852907896042,
        0.14490807056427002,
        -0.30900102853775024,
        -0.5383052229881287,
        0.21878625452518463,
        0.35553181171417236,
        0.14311528205871582,
        -0.005987607408314943,
        -0.18436381220817566,
        0.1882978230714798,
        0.0037908381782472134,
        -0.10755280405282974,
        0.2855197489261627,
        0.033754877746105194,
        -0.2679295241832733,
        -0.025769192725419998,
        0.10321798920631409,
        -0.2544638216495514,
        0.05068616569042206,
        0.1289592683315277,
        -0.11489131301641464,
        -0.07814561575651169,
        -0.261161744594574,
        0.1132459044456482,
        0.06364989280700684,
        -0.050928130745887756,
        -0.05187254399061203,
        -0.049997031688690186,
        0.07716076076030731,
        0.018606754019856453,
        0.28486862778663635,
        -0.06166218966245651,
        0.051049500703811646,
        0.060213472694158554,
        0.09594348073005676,
        -0.3490821123123169,
        0.03407115861773491,
        -0.2383413016796112,
        -0.23180855810642242,
        -0.00038347573718056083,
        0.08651712536811829,
        0.1979047954082489,
        -0.09584926068782806,
        -0.18693669140338898,
        0.10407378524541855,
        -0.18405506014823914
      ]
    },
    {
      "class_id": 4,
      "class_name": "class_4",
      "model_confidence": 0.261816,
      "prediction_entropy": 1.743331,
      "prediction_sharpness": 0.054029,
      "reconstruction_variance": 0.02456,
      "cosine_similarity": 0.461588,
      "l2_distance": 1.53463,
      "loss_history": [
        1.78511,
        1.55855
      ],