{
  "attack": "model_inversion",
  "mode": "unmitigated",
  "results": [
    {
      "class_id": 0,
      "class_name": "class_0",
      "model_confidence": 0.931982,
      "prediction_entropy": 0.353618,
      "prediction_sharpness": 0.912953,
      "reconstruction_variance": 0.043302,
      "cosine_similarity": 0.449623,
      "l2_distance": 1.864669,
      "loss_history": [
        0.93362,
        0.09219
      ],
      "risk_level": "MEDIUM",
      "reconstructed_input": [
        0.4586023986339569,
        0.4839216470718384,
        0.08351785689592361,
        -0.14205220341682434,
        -0.187953919172287,
        0.04088786989450455,
        -0.15925875306129456,
        0.2700965404510498,
        -0.2716788351535797,
        0.21052390336990356,
        0.16012006998062134,
        -0.11132138967514038,
        -0.09637179225683212,
        0.230421245098114,
        -0.07124841213226318,
        -0.2597935199737549,
        0.1136993020772934,
        0.36508461833000183,
        0.08706939220428467,
        0.031794942915439606,
        -0.06702562421560287,
        -0.3125505745410919,
        0.2720765769481659,
        0.038197457790374756,
        -0.04190840199589729,
        -0.14440399408340454,
        -0.14864499866962433,
        -0.015879813581705093,
        -0.22917994856834412,
        0.3125855028629303,
        -0.10071469843387604,
        0.07212167978286743,
        -0.07016885280609131,
        0.28361526131629944,
        0.0376570001244545,
        0.08838395774364471,
        -0.08372149616479874,
        0.020558947697281837,
        -0.0007903613150119781,
        0.26384878158569336,
        0.10189367830753326,
        -0.3876112699508667,
        -0.34743401408195496,
        -0.2053261548280716,
        0.05836344510316849,
        0.14837397634983063,
        -0.24935908615589142,
        0.151691734790802,
        0.08338087052106857,
        -0.3390115797519684
      ]
    },
    {
      "class_id": 1,
      "class_name": "class_1",
      "model_confidence": 0.900778,
      "prediction_entropy": 0.477714,
      "prediction_sharpness": 0.867584,
      "reconstruction_variance": 0.086531,
      "cosine_similarity": 0.360059,
      "l2_distance": 2.346221,
      "loss_history": [
        1.86515,
        0.15473
      ],
      "risk_level": "MEDIUM",
      "reconstructed_input": [
        0.07610145211219788,
        -0.5574930310249329,
        0.16850703954696655,
        -0.025325626134872437,
        -0.11234426498413086,
        -0.43342846632003784,
        -0.5183935761451721,
        -0.5155744552612305,
        -0.2614472210407257,
        -0.07457294315099716,
        -0.08685062825679779,
        0.21100442111492157,
        -0.34872376918792725,
        -0.14119844138622284,
        -0.04830726608633995,
        0.1569846123456955,
        -0.6028329133987427,
        0.40550321340560913,
        -0.012501047924160957,
        -0.36443331837654114,
        0.34122005105018616,
        -0.3234582543373108,
        -0.6371729969978333,
        0.3335058093070984,
        0.12873274087905884,
        -0.6983823776245117,
        0.0406690314412117,
        -0.11406749486923218,
        -0.19866588711738586,
        -0.1542007178068161,
        0.028353754431009293,
        -0.06315159797668457,
        0.07810074090957642,
        -0.13040457665920258,
        0.18666791915893555,
        -0.09501301497220993,
        -0.460172176361084,
        -0.4318324029445648,
        -0.10379382222890854,
        0.4898648262023926,
        -0.4760601818561554,
        0.2461768537759781,
        0.12739601731300354,
        -0.026892907917499542,
        -0.206248939037323,
        -0.12644554674625397,
        -0.0652233362197876,
        -0.2974998354911804,
        0.11485181003808975,
        0.5374794602394104
      ]
    },
    {
      "class_id": 2,
      "class_name": "class_2",
      "model_confidence": 0.885084,
      "prediction_entropy": 0.531893,
      "prediction_sharpness": 0.848963,
      "reconstruction_variance": 0.064886,
      "cosine_similarity": 0.45809,
      "l2_distance": 2.126069,
      "loss_history": [
        3.05405,
        0.1684
      ],
      "risk_level": "MEDIUM",
      "reconstructed_input": [
        0.22118066251277924,
        0.16629837453365326,
        0.23196786642074585,
        0.0021871940698474646,
        0.43258535861968994,
        -0.19640520215034485,
        -0.046911872923374176,
        -0.1259351372718811,
        0.2454790621995926,
        -0.05764972046017647,
        0.03655097633600235,
        -0.41177496314048767,
        0.32363858819007874,
        -0.20819418132305145,
        0.0023702671751379967,
        -0.3638480603694916,
        0.3401578962802887,
        0.20731355249881744,
        0.3728786110877991,
        -0.19605328142642975,
        -0.17040255665779114,
        -0.25035756826400757,
        0.2522500455379486,
        -0.06421211361885071,
        -0.4550688564777374,
        -0.2591133117675781,
        0.024926673620939255,
        -0.019200270995497704,
        0.06697902828454971,
        0.6486733555793762,
        0.1546069085597992,
        -0.4143373668193817,
        0.05906888470053673,
        -0.1401321142911911,
        0.32733386754989624,
        -0.24661949276924133,
        -0.5991878509521484,
        0.057610884308815,
        -0.2233353704214096,
        -0.22765731811523438,
        0.037151407450437546,
        -0.03719885274767876,
        0.08182784169912338,
        0.04282452166080475,
        0.06049385666847229,
        0.3116123676300049,
        -0.03813404589891434,
        -0.0918237641453743,
        -0.37752094864845276,
        -0.2346186339855194
      ]
    },
    {
      "class_id": 3,
      "class_name": "class_3",
      "model_confidence": 0.935187,
      "prediction_entropy": 0.332907,
      "prediction_sharpness": 0.907667,
      "reconstruction_variance": 0.04437,
      "cosine_similarity": 0.420095,
      "l2_distance": 1.69197,
      "loss_history": [
        2.9455,
        0.11881
      ],
      "risk_level": "MEDIUM",
      "reconstructed_input": [
        -0.29909539222717285,
        -0.007910392247140408,
        -0.17308838665485382,
        -0.28163087368011475,
        0.2762814462184906,
        0.4520931541919708,
        -0.36879536509513855,
        -0.38485604524612427,
        0.02741198241710663,
        0.21543878316879272,
        -0.2441117912530899,
        -0.1796998679637909,
        -0.09021147340536118,
        -0.15211614966392517,
        0.012090322561562061,
        -0.15001974999904633,
        0.20415273308753967,
        -0.0956302359700203,
        0.0013399143936112523,
        -0.009284596890211105,
        -0.4104245901107788,
        -0.2572854459285736,
        -0.05835941433906555,
        0.27007564902305603,
        -0.11324023455381393,
        -0.1764870136976242,
        -0.076265349984169,
        0.07748967409133911,
        -0.015938403084874153,
        -0.038478534668684006,
        -0.11283490061759949,
        -0.04093459993600845,
        0.1544661968946457,
        0.08411090821027756,
        0.027245040982961655,
        -0.25524207949638367,
        0.06028769537806511,
        -0.19429665803909302,
        0.22699286043643951,
        -0.3208099901676178,
        -0.05906892567873001,
        0.25573113560676575,
        -0.6111034154891968,
        0.07422840595245361,
        0.05606905370950699,
        0.12330548465251923,
        0.14795947074890137,
        0.20823535323143005,
        0.20864476263523102,
        0.1687229871749878
      ]
    },
    {
      "class_id": 4,
      "class_name": "class_4",
      "model_confidence": 0.923577,
      "prediction_entropy": 0.373471,
      "prediction_sharpness": 0.88695,
      "reconstruction_variance": 0.044508,
      "cosine_similarity": 0.596072,
      "l2_distance": 1.437715,
      "loss_history": [
        2.62852,
        0.1458
      ],