{
  "clients": [
    "client1.csv",
    "client2.csv",
    "client3.csv"
  ],
  "classes": [
    "0",
    "1",
    "2",
    "3",
    "4",
    "5"
  ],
  "counts_per_client": {
    "client1.csv": {
      "0": 595,
      "5": 537,
      "4": 533,
      "1": 498,
      "3": 492,
      "2": 450
    },
    "client2.csv": {
      "5": 659,
      "4": 653,
      "3": 595,
      "0": 550,
      "1": 511,
      "2": 458
    },
    "client3.csv": {
      "5": 748,
      "4": 720,
      "3": 690,
      "0": 577,
      "1": 535,
      "2": 498
    }
  },
  "kl_divergence": {
    "client1.csv": 0.0040848492671550826,
    "client2.csv": 0.0002858634550160712,
    "client3.csv": 0.0015557071864465977
  },
  "avg_kl": 0.0019754733028725835,
  "recommendation": "IID \u2014 FedAvg should work well."
}