{
  "losses_distributed": [
    [
      1,
      1.7942458045303329
    ],
    [
      2,
      1.764496184448083
    ],
    [
      3,
      1.7378267031858872
    ],
    [
      4,
      1.711921508308755
    ],
    [
      5,
      1.6808609650124628
    ],
    [
      6,
      1.6497355237393516
    ],
    [
      7,
      1.619409710096538
    ],
    [
      8,
      1.587654653826366
    ],
    [
      9,
      1.5556447940911557
    ],
    [
      10,
      1.5213913759636915
    ]
  ],
  "losses_centralized": [],
  "metrics_distributed": {
    "accuracy": [
      [
        1,
        0.17321688500727803
      ],
      [
        2,
        0.26589034449296456
      ],
      [
        3,
        0.3648714216399806
      ],
      [
        4,
        0.435710819990296
      ],
      [
        5,
        0.5016982047549733
      ],
      [
        6,
        0.5516739446870451
      ],
      [
        7,
        0.5938864628820961
      ],
      [
        8,
        0.6317321688500728
      ],
      [
        9,
        0.6540514313440078
      ],
      [
        10,
        0.6923823386705483
      ]
    ],
    "macro_f1": [
      [
        1,
        0.1632226527480012
      ],
      [
        2,
        0.24810207329715098
      ],
      [
        3,
        0.3295110737010511
      ],
      [
        4,
        0.38649840115703005
      ],
      [
        5,
        0.459771192741636
      ],
      [
        6,
        0.5125433121301263
      ],
      [
        7,
        0.5561606263193846
      ],
      [
        8,
        0.5906310661501336
      ],
      [
        9,
        0.6171082638127966
      ],
      [
        10,
        0.6640055899190395
      ]
    ]
  },
  "metrics_centralized": {}
}