{
  "losses_distributed": [
    [
      1,
      0.18046712197547743
    ],
    [
      2,
      0.13358125494126988
    ],
    [
      3,
      0.1199062138010487
    ],
    [
      4,
      0.10807063590558061
    ],
    [
      5,
      0.10707648154095083
    ],
    [
      6,
      0.10280178225617756
    ],
    [
      7,
      0.09760379781679931
    ],
    [
      8,
      0.09245854568435444
    ],
    [
      9,
      0.08836882678481892
    ],
    [
      10,
      0.08803342196892465
    ]
  ],
  "losses_centralized": [],
  "metrics_distributed": {
    "accuracy": [
      [
        1,
        0.9403202328966521
      ],
      [
        2,
        0.9495390587093644
      ],
      [
        3,
        0.9548762736535662
      ],
      [
        4,
        0.9606986899563319
      ],
      [
        5,
        0.9611838913148957
      ],
      [
        6,
        0.9626394953905871
      ],
      [
        7,
        0.9636098981077147
      ],
      [
        8,
        0.9674915089762252
      ],
      [
        9,
        0.9665211062590975
      ],
      [
        10,
        0.9699175157690442
      ]
    ],
    "macro_f1": [
      [
        1,
        0.9412542573284136
      ],
      [
        2,
        0.9505701656999284
      ],
      [
        3,
        0.955518021003568
      ],
      [
        4,
        0.9617186301347042
      ],
      [
        5,
        0.9619076666036624
      ],
      [
        6,
        0.9632633850953499
      ],
      [
        7,
        0.9643224968756957
      ],
      [
        8,
        0.9680804827397351
      ],
      [
        9,
        0.9669571829703331
      ],
      [
        10,
        0.9703702997939452
      ]
    ]
  },
  "metrics_centralized": {}
}