{
  "losses_distributed": [
    [
      1,
      1.6720500202910058
    ],
    [
      2,
      1.4002875172357314
    ],
    [
      3,
      0.9809861295955496
    ],
    [
      4,
      0.6411633987353879
    ],
    [
      5,
      0.42509492024352746
    ]
  ],
  "losses_centralized": [],
  "metrics_distributed": {
    "accuracy": [
      [
        1,
        0.517224648229015
      ],
      [
        2,
        0.6938379427462397
      ],
      [
        3,
        0.7976710334788938
      ],
      [
        4,
        0.8432799611838914
      ],
      [
        5,
        0.8854924793789423
      ]
    ],
    "macro_f1": [
      [
        1,
        0.41490734447216465
      ],
      [
        2,
        0.628602463206131
      ],
      [
        3,
        0.7765089379114485
      ],
      [
        4,
        0.8345368569556134
      ],
      [
        5,
        0.8827851304903221
      ]
    ]
  },
  "metrics_centralized": {}
}