{
  "losses_distributed": [
    [
      1,
      0.18802747473099
    ],
    [
      2,
      0.14106221824309625
    ]
  ],
  "losses_centralized": [],
  "metrics_distributed": {
    "accuracy": [
      [
        1,
        0.9311014070839398
      ],
      [
        2,
        0.9383794274623969
      ]
    ],
    "macro_f1": [
      [
        1,
        0.931701789738245
      ],
      [
        2,
        0.9389866180809638
      ]
    ]
  },
  "metrics_centralized": {}
}