{
  "losses_distributed": [
    [
      1,
      1.5866289880309274
    ],
    [
      2,
      1.0073066420025296
    ]
  ],
  "losses_centralized": [],
  "metrics_distributed": {
    "accuracy": [
      [
        1,
        0.6244541484716157
      ],
      [
        2,
        0.8413391557496361
      ]
    ],
    "macro_f1": [
      [
        1,
        0.546760112686098
      ],
      [
        2,
        0.8311234393158711
      ]
    ]
  },
  "metrics_centralized": {}
}