{
  "normalization": "per_client",
  "feature_names": [
    "pca_0",
    "pca_1",
    "pca_2",
    "pca_3",
    "pca_4",
    "pca_5",
    "pca_6",
    "pca_7",
    "pca_8",
    "pca_9",
    "pca_10",
    "pca_11",
    "pca_12",
    "pca_13",
    "pca_14",
    "pca_15",
    "pca_16",
    "pca_17",
    "pca_18",
    "pca_19",
    "pca_20",
    "pca_21",
    "pca_22",
    "pca_23",
    "pca_24",
    "pca_25",
    "pca_26",
    "pca_27",
    "pca_28",
    "pca_29",
    "pca_30",
    "pca_31",
    "pca_32",
    "pca_33",
    "pca_34",
    "pca_35",
    "pca_36",
    "pca_37",
    "pca_38",
    "pca_39",
    "pca_40",
    "pca_41",
    "pca_42",
    "pca_43",
    "pca_44",
    "pca_45",
    "pca_46",
    "pca_47",
    "pca_48",
    "pca_49"
  ],
  "mean": [
    0.7914559245109558,
    0.11082223802804947,
    -0.05814599245786667,
    -0.24580228328704834,
    0.0007714794483035803,
    0.16891758143901825,
    -0.019359208643436432,
    0.03919732943177223,
    -0.06975140422582626,
    -0.012244460172951221,
    -0.07129237055778503,
    0.02326636016368866,
    0.06917229294776917,
    0.07256931066513062,
    -0.024180321022868156,
    0.01821041665971279,
    -0.10435563325881958,
    0.0009826729074120522,
    0.012200048193335533,
    0.010877961292862892,
    0.011758049950003624,
    0.059642840176820755,
    0.030000541359186172,
    0.04704160615801811,
    0.05188949778676033,
    0.05383530631661415,
    0.03512486442923546,
    -0.013393388129770756,
    0.028151078149676323,
    -0.0023729773238301277,
    -0.006509840022772551,
    0.012042460031807423,
    -0.021611589938402176,
    0.010568729601800442,
    -0.08275987952947617,
    -0.012215462513267994,
    -0.0150081692263484,
    0.01944132335484028,
    0.027697186917066574,
    0.01753012277185917,
    -0.0038398033939301968,
    -0.017778269946575165,
    -0.01053441222757101,
    0.039134446531534195,
    -0.0036233558785170317,
    0.004121779929846525,
    -0.030033031478524208,
    0.010719279758632183,
    0.03425625339150429,
    -0.015581530518829823
  ],
  "std": [
    5.854743003845215,
    1.564808964729309,
    1.3831835985183716,
    0.9442718625068665,
    0.9026728272438049,
    0.7979820966720581,
    0.7878603339195251,
    0.7418018579483032,
    0.7208077907562256,
    0.7023272514343262,
    0.6917276382446289,
    0.6147449016571045,
    0.6227279901504517,
    0.6000193357467651,
    0.5548743605613708,
    0.540958821773529,
    0.5424529314041138,
    0.497515469789505,
    0.4982261657714844,
    0.5012463927268982,
    0.4966999292373657,
    0.4940637946128845,
    0.42916834354400635,
    0.4659091830253601,
    0.46829643845558167,
    0.4470421373844147,
    0.4294266402721405,
    0.3999820351600647,
    0.425342321395874,
    0.43578237295150757,
    0.40495386719703674,
    0.3873046934604645,
    0.38672780990600586,
    0.3776184916496277,
    0.3817797601222992,
    0.3698647618293762,
    0.36792460083961487,
    0.36064302921295166,
    0.3475043475627899,
    0.3650246560573578,
    0.32309964299201965,
    0.33026885986328125,
    0.34772995114326477,
    0.317937970161438,
    0.33809104561805725,
    0.31167638301849365,
    0.2952563166618347,
    0.33234336972236633,
    0.31377512216567993,
    0.29854902625083923
  ]
}