{
  "WALKING": 0.996806,
  "WALKING_UPSTAIRS": 1.111723,
  "WALKING_DOWNSTAIRS": 1.220839,
  "SITTING": 0.965954,
  "STANDING": 0.900577,
  "LAYING": 0.882973
}