{
  "0": 0.996806,
  "1": 1.111723,
  "2": 1.220839,
  "3": 0.965954,
  "4": 0.900577,
  "5": 0.882973
}