{
  "losses_distributed": [
    [
      1,
      1.8079609097583036
    ],
    [
      2,
      1.7533029054681517
    ],
    [
      3,
      1.704778332608467
    ],
    [
      4,
      1.6594008279043397
    ],
    [
      5,
      1.6198679269488028
    ],
    [
      6,
      1.588372986967965
    ],
    [
      7,
      1.5586255796322366
    ],
    [
      8,
      1.5326792499152622
    ],
    [
      9,
      1.4984069734681642
    ],
    [
      10,
      1.4743523767189977
    ]
  ],
  "losses_centralized": [],
  "metrics_distributed": {
    "accuracy": [
      [
        1,
        0.2445414847161572
      ],
      [
        2,
        0.2906356137797186
      ],
      [
        3,
        0.33672974284327994
      ],
      [
        4,
        0.3726346433770015
      ],
      [
        5,
        0.4129063561377972
      ],
      [
        6,
        0.44784085395439105
      ],
      [
        7,
        0.47937894226103833
      ],
      [
        8,
        0.502668607472101
      ],
      [
        9,
        0.5235322658903445
      ],
      [
        10,
        0.5390587093643863
      ]
    ],
    "macro_f1": [
      [
        1,
        0.2245660532539073
      ],
      [
        2,
        0.267850772163176
      ],
      [
        3,
        0.307637975672636
      ],
      [
        4,
        0.344436106665087
      ],
      [
        5,
        0.3851233555646316
      ],
      [
        6,
        0.4224812699303112
      ],
      [
        7,
        0.44238998793120016
      ],
      [
        8,
        0.4625870133089134
      ],
      [
        9,
        0.48713282111641903
      ],
      [
        10,
        0.5029707814962635
      ]
    ]
  },
  "metrics_centralized": {}
}