{
  "rounds": [
    {
      "round": 1,
      "loss": 1.58663,
      "accuracy": 0.62445,
      "macro_f1": 0.54676
    },
    {
      "round": 2,
      "loss": 1.00731,
      "accuracy": 0.84134,
      "macro_f1": 0.83112
    }
  ],
  "save_dir": "results/fl_rounds\\run_20260524_070957"
}