{
  "losses_distributed": [
    [
      1,
      1.865669605629008
    ],
    [
      2,
      1.811974667623632
    ],
    [
      3,
      1.7486656551393476
    ],
    [
      4,
      1.6990213138509989
    ],
    [
      5,
      1.6627588848764603
    ],
    [
      6,
      1.6266917907052223
    ],
    [
      7,
      1.6136076216672244
    ],
    [
      8,
      1.5941019200515192
    ],
    [
      9,
      1.5676532707880677
    ],
    [
      10,
      1.5307287089978532
    ]
  ],
  "losses_centralized": [],
  "metrics_distributed": {
    "accuracy": [
      [
        1,
        0.23726346433770015
      ],
      [
        2,
        0.27365356622998543
      ],
      [
        3,
        0.31392527899078115
      ],
      [
        4,
        0.3551673944687045
      ],
      [
        5,
        0.38816108685104317
      ],
      [
        6,
        0.42261038330907325
      ],
      [
        7,
        0.4255215914604561
      ],
      [
        8,
        0.44638524987869965
      ],
      [
        9,
        0.462882096069869
      ],
      [
        10,
        0.5012130033964095
      ]
    ],
    "macro_f1": [
      [
        1,
        0.19039490278014115
      ],
      [
        2,
        0.2201874073774454
      ],
      [
        3,
        0.2704656491233596
      ],
      [
        4,
        0.3149120095837678
      ],
      [
        5,
        0.34043136588697426
      ],
      [
        6,
        0.38417371695773134
      ],
      [
        7,
        0.3846607984679026
      ],
      [
        8,
        0.4105470071283649
      ],
      [
        9,
        0.4320864217813139
      ],
      [
        10,
        0.47109879627410567
      ]
    ]
  },
  "metrics_centralized": {}
}