{
  "losses_distributed": [
    [
      1,
      1.8547730490977414
    ],
    [
      2,
      1.817886324197213
    ],
    [
      3,
      1.7782748240628674
    ],
    [
      4,
      1.755242419150314
    ],
    [
      5,
      1.738608363413915
    ],
    [
      6,
      1.7176361248251422
    ],
    [
      7,
      1.699687091602046
    ],
    [
      8,
      1.6833309440113051
    ],
    [
      9,
      1.6582346278333595
    ],
    [
      10,
      1.6435166968702402
    ],
    [
      11,
      1.626363510532555
    ],
    [
      12,
      1.6205284581029376
    ],
    [
      13,
      1.596774263673474
    ],
    [
      14,
      1.5957827281165273
    ],
    [
      15,
      1.5851454510959475
    ],
    [
      16,
      1.5754932646957316
    ],
    [
      17,
      1.5591019741370227
    ],
    [
      18,
      1.5385437180613037
    ],
    [
      19,
      1.5128508325574006
    ],
    [
      20,
      1.4929645399281495
    ],
    [
      21,
      1.4805352605702171
    ],
    [
      22,
      1.4636163683784407
    ],
    [
      23,
      1.46021740168174
    ],
    [
      24,
      1.4332592554430197
    ],
    [
      25,
      1.4173731554601448
    ],
    [
      26,
      1.396262068878037
    ],
    [
      27,
      1.3845389191818607
    ],
    [
      28,
      1.3562464767263562
    ],
    [
      29,
      1.3363458406341013
    ],
    [
      30,
      1.3230509968535058
    ]
  ],
  "losses_centralized": [],
  "metrics_distributed": {
    "accuracy": [
      [
        1,
        0.17661329451722466
      ],
      [
        2,
        0.20087336244541484
      ],
      [
        3,
        0.22319262493934983
      ],
      [
        4,
        0.2547307132459971
      ],
      [
        5,
        0.2780203784570597
      ],
      [
        6,
        0.2930616205725376
      ],
      [
        7,
        0.29888403687530324
      ],
      [
        8,
        0.32120329936923825
      ],
      [
        9,
        0.3430373605046094
      ],
      [
        10,
        0.3522561863173217
      ],
      [
        11,
        0.35807860262008734
      ],
      [
        12,
        0.363901018922853
      ],
      [
        13,
        0.3789422610383309
      ],
      [
        14,
        0.3823386705482775
      ],
      [
        15,
        0.39543910722950026
      ],
      [
        16,
        0.4138767588549248
      ],
      [
        17,
        0.42212518195050946
      ],
      [
        18,
        0.44881125667151867
      ],
      [
        19,
        0.47792333818534694
      ],
      [
        20,
        0.4890829694323144
      ],
      [
        21,
        0.4963609898107715
      ],
      [
        22,
        0.5186802523047065
      ],
      [
        23,
        0.5118874332848132
      ],
      [
        24,
        0.5303250849102378
      ],
      [
        25,
        0.5613779718583212
      ],
      [
        26,
        0.5744784085395439
      ],
      [
        27,
        0.5773896166909267
      ],
      [
        28,
        0.6079573022804464
      ],
      [
        29,
        0.6273653566229985
      ],
      [
        30,
        0.6346433770014556
      ]
    ],
    "macro_f1": [
      [
        1,
        0.15885093352978932
      ],
      [
        2,
        0.18568997644242105
      ],
      [
        3,
        0.20721277355901913
      ],
      [
        4,
        0.23743496780823764
      ],
      [
        5,
        0.2518798264322771
      ],
      [
        6,
        0.2612464587042784
      ],
      [
        7,
        0.2580406966330486
      ],
      [
        8,
        0.278582606075073
      ],
      [
        9,
        0.30602997265966453
      ],
      [
        10,
        0.31428117767314245
      ],
      [
        11,
        0.32081924056753464
      ],
      [
        12,
        0.31718595282562867
      ],
      [
        13,
        0.33143663820010016
      ],
      [
        14,
        0.330068923781877
      ],
      [
        15,
        0.3425837904063578
      ],
      [
        16,
        0.3571136854838406
      ],
      [
        17,
        0.365855761881149
      ],
      [
        18,
        0.40231960875799205
      ],
      [
        19,
        0.442823195145111
      ],
      [
        20,
        0.45197335896017066
      ],
      [
        21,
        0.4617222612023903
      ],
      [
        22,
        0.49071602263988484
      ],
      [
        23,
        0.4840791930611941
      ],
      [
        24,
        0.5129532469193994
      ],
      [
        25,
        0.5383249019639129
      ],
      [
        26,
        0.5498331706202527
      ],
      [
        27,
        0.5611518461969379
      ],
      [
        28,
        0.5898286284690589
      ],
      [
        29,
        0.6143537575104792
      ],
      [
        30,
        0.6228021527976986
      ]
    ]
  },
  "metrics_centralized": {}
}