{
  "normalization": "global",
  "feature_names": [
    "pca_0",
    "pca_1",
    "pca_2",
    "pca_3",
    "pca_4",
    "pca_5",
    "pca_6",
    "pca_7",
    "pca_8",
    "pca_9",
    "pca_10",
    "pca_11",
    "pca_12",
    "pca_13",
    "pca_14",
    "pca_15",
    "pca_16",
    "pca_17",
    "pca_18",
    "pca_19",
    "pca_20",
    "pca_21",
    "pca_22",
    "pca_23",
    "pca_24",
    "pca_25",
    "pca_26",
    "pca_27",
    "pca_28",
    "pca_29",
    "pca_30",
    "pca_31",
    "pca_32",
    "pca_33",
    "pca_34",
    "pca_35",
    "pca_36",
    "pca_37",
    "pca_38",
    "pca_39",
    "pca_40",
    "pca_41",
    "pca_42",
    "pca_43",
    "pca_44",
    "pca_45",
    "pca_46",
    "pca_47",
    "pca_48",
    "pca_49"
  ],
  "mean": [
    0.029532909393310547,
    -0.014025546610355377,
    -0.030581265687942505,
    -0.0781121775507927,
    -0.021671323105692863,
    0.027646539732813835,
    0.0058843824081122875,
    0.0011373534798622131,
    -0.012418195605278015,
    0.011061713099479675,
    0.009720995090901852,
    0.016652781516313553,
    0.006009747739881277,
    -0.0026878288481384516,
    0.004584921523928642,
    0.004837683867663145,
    -0.023353517055511475,
    0.001407119445502758,
    -0.0009270668379031122,
    0.0074151805602014065,
    -0.008648666553199291,
    0.012624765746295452,
    0.009123331867158413,
    0.013338140211999416,
    0.005386726465076208,
    0.00503702973946929,
    0.013091778382658958,
    -0.005879235919564962,
    0.002730622887611389,
    -0.011681701987981796,
    -0.006510268431156874,
    -0.001386404037475586,
    -0.0028322292491793633,
    0.007121525704860687,
    -0.01495013665407896,
    -0.0011727374512702227,
    -0.004372147377580404,
    -0.007726616691797972,
    -0.0006104825879447162,
    -0.012149814516305923,
    0.0016605694545432925,
    0.003661303548142314,
    0.001903593074530363,
    0.0010246208403259516,
    -0.006631852593272924,
    0.005151447374373674,
    -0.0044550648890435696,
    0.009783775545656681,
    -0.009587235748767853,
    -0.00397480046376586
  ],
  "std": [
    5.808084011077881,
    1.601417064666748,
    1.4829949140548706,
    0.9896177649497986,
    0.9374210238456726,
    0.8103770017623901,
    0.7946723103523254,
    0.7648032903671265,
    0.7188718914985657,
    0.6967359781265259,
    0.6738475561141968,
    0.6081647276878357,
    0.5881795287132263,
    0.5578969717025757,
    0.5299578905105591,
    0.5102668404579163,
    0.5206876993179321,
    0.4913453161716461,
    0.48393136262893677,
    0.4729969799518585,
    0.47061508893966675,
    0.46596911549568176,
    0.43722793459892273,
    0.43538179993629456,
    0.4330841600894928,
    0.4369061291217804,
    0.41040563583374023,
    0.3995559513568878,
    0.40346667170524597,
    0.39908796548843384,
    0.3933108150959015,
    0.38712939620018005,
    0.3798810541629791,
    0.3666670024394989,
    0.354788601398468,
    0.35562580823898315,
    0.3511550724506378,
    0.34522923827171326,
    0.3377968370914459,
    0.3398530185222626,
    0.3259621262550354,
    0.3262919783592224,
    0.3183533549308777,
    0.31629541516304016,
    0.30883845686912537,
    0.3033866584300995,
    0.2933075726032257,
    0.30380257964134216,
    0.2940210700035095,
    0.29270637035369873
  ]
}