{
  "losses_distributed": [
    [
      1,
      1.8452160040306154
    ],
    [
      2,
      1.7668846969983927
    ],
    [
      3,
      1.7073759694865234
    ],
    [
      4,
      1.6499932765497969
    ],
    [
      5,
      1.6035683109944217
    ],
    [
      6,
      1.5569690836684789
    ],
    [
      7,
      1.513010127575637
    ],
    [
      8,
      1.4694834484861985
    ],
    [
      9,
      1.414136092793531
    ],
    [
      10,
      1.3786356246685414
    ]
  ],
  "losses_centralized": [],
  "metrics_distributed": {
    "accuracy": [
      [
        1,
        0.2537603105288695
      ],
      [
        2,
        0.33624454148471616
      ],
      [
        3,
        0.3799126637554585
      ],
      [
        4,
        0.43619602134885976
      ],
      [
        5,
        0.4648229015041242
      ],
      [
        6,
        0.49199417758369723
      ],
      [
        7,
        0.529839883551674
      ],
      [
        8,
        0.5536147501213003
      ],
      [
        9,
        0.5836972343522562
      ],
      [
        10,
        0.6050460941290635
      ]
    ],
    "macro_f1": [
      [
        1,
        0.22211969508649512
      ],
      [
        2,
        0.2845826102796911
      ],
      [
        3,
        0.32185581294262633
      ],
      [
        4,
        0.37082869123830076
      ],
      [
        5,
        0.3992035273400668
      ],
      [
        6,
        0.4248627364492516
      ],
      [
        7,
        0.4547351620069083
      ],
      [
        8,
        0.4857095852690644
      ],
      [
        9,
        0.5271232625978843
      ],
      [
        10,
        0.5514143109378612
      ]
    ]
  },
  "metrics_centralized": {}
}